2014-09-28 20:00:14	positive	JurgMyr	Rosenborg - Aalesund 3-0 , gratulerer troillonga! #cmore12rbk #den12mann
2014-09-28 18:40:33	negative	kkhassel	Kåre må nok ta fram spanskrøret i pausen... #rosenborg
2014-09-28 18:37:21	neutral	elvisdimera78	Fått inn han Islendingen Rosenborg no så da vinner vel Ålesund 5-1 da.. @RBKfotball
2014-09-28 18:28:42	neutral	MarianneReitan	Når Rosenborg spille og du e på andre sida av jordkloden http://t.co/eD6pjja306
2014-09-28 18:12:20	positive	Pettigoal	Når Rosenborg-supporterne begynner å plystre, da er det fest på Lerkendal! #2fx #RBKAaFK
2014-09-28 18:09:03	neutral	FCHANDSOME	#Soccer #Livescore ScoresPro: (NOR-TIP) Rosenborg vs Aalesund: 1-0  Goal for Rosenborg
2014-09-28 17:00:44	neutral	BergStig	Følg Rosenborg - Aalesund og chat med vår reporter -adressa.no http://t.co/KFWzgNv7dc #den12mann
2014-09-28 16:49:48	neutral	RBKfotball	Malec debuterer fra start: Den slovakiske tometerspissen starter for Rosenborg mot Aalesund. Se hel... http://t.co/Rtk10JTal9 #rosenborg
2014-09-28 16:27:01	positive	rosenborgnews	Rosenborg mot Ålesund. Trondheim mot Ålesund. Trøndelag mot Sunnmøre. Lerkendal stadion i kveld kl 20.00. Kom på kamp og støtt RBK! #kjernen
2014-09-28 16:26:41	neutral	BergStig	Bør Sørloth eller Malec starte på topp for Rosenborg? -adressa.no http://t.co/nvEz8kUCdk #den12mann
2014-09-28 20:08:10	positive	viimsa	Fornøyd trønder! ❤️ #troillongan #RBK #Rosenborg #tippeliga #heiafotball #trøndelagsstolthet
2014-09-28 20:06:22	positive	Ivaraal	3 mål, tidvis fantastisk fotball, tidenes yngste Rosenborg-spiller og slovakisk flagg på tribuna. Godkjent kveld!
2014-09-28 20:03:37	negative	BoltonMateo	Kvar gang rosenbasj vinner, uansett motstand, er det en sterk prestasjon. Andre lag vinner liksom normalt, eller med flaks... TV2 Rosenborg
2014-09-28 16:07:59	positive	rosenborgnews	Ingen grunn til å ikke komme på kamp i kveld! Kom og støtt Rosenborg i kampen om medaljer. #rosenborg
2014-09-28 15:50:41	neutral	0yvindsj	I dag er @jklem77 Drillos makker i boksen, så det må bli enkel geoquiz: Høyeste fjell i Sør-Afrika? Rosenborg-AaFK på Zebra kl. 2000!
2014-09-28 15:32:45	neutral	Stenumgard	Fint om noen kan komme hit med øl og pizza til Rosenborg - Aalesund begynner. #2fx
2014-09-28 15:23:32	neutral	kjernencom	Rosenborg mot Aalesund. Trondheim mot Ålesund. Trøndelag mot Sunnmøre. Lerkendal stadion i kveld kl. 20:00. Kom på kamp og støtt Rosenborg!
2014-09-28 15:22:39	positive	Vassengen	Bra spill av Lillestrøm uansett i dag. Bør være med i medaljekampen (avhenger jo også av hvor mange billige straffer Rosenborg får) #cmore
2014-09-28 14:42:10	negative	kjellram51	@SmartereEnnDeg @selio24601 Enig,virket som Start var overrasket at de vant sist,Sarpsborg 08 tror jeg vinner,og stoler ikke på Rosenborg;)(
2014-09-28 14:25:34	neutral	dejan67691837	TIPSTER TIPS  Rosenborg-Aalesund 1(1.55) Colo Colo-Nublense 1(1.30) Rangers-Hibernian 1(1.50) Combo(3.05)   stake 5/10
2014-09-28 14:23:16	positive	TV2_Susanne	På plass i Trondheim til et klassisk trøndervær:) Rosenborg - Aafk 20.00 på TV 2 Zebra
2014-09-28 14:09:48	positive	JaBeate	Vi skal se kampen på tv i kveld. Heia AaFK! Jeg ser på Rosenborg - Aalesund http://t.co/gXa0EWwFvr via @ScribbleLive
2014-09-28 13:19:03	positive	TheVoold	Du vet hvor du skal klokken 20 i kveld sant?! #Lerkendal Rosenborg mot Aalesund! #flomlys #stemning #rbk #kjernen
2014-09-28 13:02:02	neutral	UnibetNorge	Husk at du kan vinne mye med liten innsats på wincast/scorecast! Oddsen på #Rosenborg - #Aalesund finner du her: https://t.co/5CvNoNkQji
2014-09-28 12:57:16	neutral	jenseenz	Rosenborg 2-1 aalesund #dagenshundrings @UnibetNorge
2014-09-28 12:55:11	neutral	MariusDahl91	@torekro Tja, tipper alle de er som du. Vil jo absolutt påstå at du setter Rosenborg over Liverpool, tross brennhete følelser for Reds.
2014-09-28 12:48:56	positive	elvisdimera78	@torekro Regner med du blant andre sikter til meg.. Rosenborg foran alle, deretter Real Madrid og Chelsea likestilt for meg.. ;))
2014-09-28 12:25:55	neutral	hermsern	@UnibetNorge Rosenborg 2-1 Aalesund #dagenshundrings
2014-09-28 12:21:21	positive	redundanton	Leste @kjernencom 15 gode grunner til fest. "Nr 1. RBK på Lerkendal. I kveld skal vi se Rosenborg." Holder for meg&amp;guttene @RBKfotball
2014-09-28 12:04:35	positive	beritemilie	Rosenborg - Lillehammer 1-4 (35-31). Gutta spiller bedre enn i går, men Lillehammer drar hjem med alle poengene denne gangen. #U20Elite
2014-09-28 12:01:06	neutral	UnibetNorge	Ikke glem å gi ditt tips i #dagenshundrings! #Rosenborg - #Aalesund, hva blir sluttresultatet? Husk å tagge @UnibetNorge og #dagenshundrings
2014-09-28 11:39:29	neutral	redundanton	@AalesundsFK Nei. Neste spørsmål? #rosenborg
2014-09-28 10:51:34	neutral	MariusDahl91	LSK-fansen har tidligere prøvd å male Lerkendal gult også, men Rosenborg selv har rett og slett kommet de i forkjøpet. #hærverk #lskfarger
2014-09-28 10:49:58	neutral	beritemilie	Rosenborg putter en og det står nå 1-2.
2014-09-28 10:33:14	neutral	RBKfotball	Målgaranti mot AaFK: Møtene mellom RBK og Aalesund har aldri endt uten scoringer. Se målene fra de ... http://t.co/aqv6XEQHgl #rosenborg
2014-09-28 10:29:56	positive	beritemilie	Rosenborg - Lillehammer 0-1 (10-8) etter første  periode. Bedre enn i går, men håper gutta våre har mer å gå på. #U20Elite
2014-09-28 10:22:03	neutral	RBKweb	- Alle sammen vet hva de skal gjøre: Hvorfor er det så stor forskjell på Rosenborg på hjemme- og bortebane? http://t.co/mtaqS8kZys
2014-09-28 10:15:00	positive	beritemilie	Rosenborg har hevet spillet flere hakk siden i går. Går mye bedre på skøyter og har flere skudd på mål så langt. Gøy! #U20Elite
2014-09-28 09:16:41	positive	Realgooner_93	Rosenborg - Aalesund. Jensen og Svensson tilbake er strålende nyheter. Håper virkelig Malec får starte. Har trua #rbkno
2014-09-28 09:01:00	negative	EspenHaukaas	I kveld er det duket for oppgjøret Rosenborg-Aalesund. To parenteser i norsk fotball. Totalt uinteressant kamp! #2fx
2014-09-28 08:30:00	neutral	KrStokdahl	@tommynorum @UnibetNorge Rosenborg - Aalesund 5-1 #dagenshundrings
2014-09-28 08:00:40	neutral	UnibetNorge	#dagenshundrings - Tipp riktig sluttresultat mellom #Rosenborg - #Aalesund og få 100,- på din Unibetkonto! Husk å følg &amp; tag @UnibetNorge
2014-09-27 21:07:22	negative	RosenborgRetro	Deportivo - Rosenborg 4-1 etter ekstraomganger. Vi var så nærme, men nok en gang ryker vi i Europa. Langt nede nå.
2014-09-27 21:03:25	negative	Gr1aker	Heia Malmøs Markus Rosenborg! Dette er flaut tv2
2014-09-27 17:58:10	neutral	RBKfotball	Semifinalesmell i Bergen: Brann slo Rosenborgs G19-lag ut av cupen etter scoring i siste spilleminutt. http://t.co/WnQRTrZFC5 #rosenborg
2014-09-27 17:58:08	neutral	Icing_no	Rosenborg U20 møtte Lillehammer i sesongens første hjemmekamp. http://t.co/Y2axSSQ3Pj
2014-09-27 17:25:19	neutral	smpno	- Det er fullt mulig å slå Rosenborg på Lerkendal, om AaFK klarer å glemme at de spiller borte, skriver... http://t.co/hbjI8rdYUq
2014-09-27 16:07:55	neutral	tangen85	Rosenborg-Aalesund http://t.co/BI6TB0Grq7
2014-09-27 16:07:33	positive	skogli	Brann har jobbet målrettet og bra med jr i mange år, men #Rosenborg har vært en liten fotballsko foran til i dag. Tror de tar LSK i finalen.
2014-09-27 15:50:29	neutral	s_evjen	Jeg lukter allerede 2. lags-dramatikk når Byåsen møter Rosenborg 2 i siste serierunde... Kan bli helt avgjørende. #breddefotball
2014-09-27 15:23:06	neutral	KrStokdahl	Molde vinner 2-1, og da blir Rosenborg definitivt ikke seriemester i år. #cmore #2fx
2014-09-27 15:06:53	positive	Knotten9	#brann sine juniorer til cupfinalen etter å ha slått #rosenborg 1 - 0 i semien. Lover bra for framtiden ! #NM #fotball #fx2
2014-09-27 15:06:44	neutral	brannfeed	Tre kamper på tre dager for Lorentzen:  Følg Branns juniorsemifinale mot Rosenborg.  http://t.co/d3G5O3iIB2
2014-09-27 14:32:17	neutral	skbrann	Håkon sendte Brann til cupfinalen!: Brann juniorene er klare for NM-finalen etter å ha slått Rosenborg ... http://t.co/ytPbk64hxx #brann
2014-09-27 14:18:59	positive	Knutfjeldsgaard	Grattis til @skbrann @SoltvedtRune og målkongen @Hakonlorentzen 1-0 over Rosenborg og cupfinale g19. Nyt kvelden. Be proud.
2014-09-27 13:51:13	neutral	SalMarAkademiet	#Brann vinner med sin avgjørende scoring helt på tampen og #Rosenborg er ute av G19-NM. Vi ønsker Brann lykke til i finalen.
2014-09-27 13:50:17	neutral	skbrann	Branns juniorlag er klare for finalen i junior-NM etter 1-0-seier over Rosenborg i semifinalen på Stadion.
2014-09-27 13:48:43	positive	Doddobloggen	Utrolig gøy med Branns juniorlag. Vinner semifinalen mot Rosenborg. Fortjent. #skbrann
2014-09-27 13:37:43	neutral	SalMarAkademiet	Det står fortsatt 0-0 i semifinalen i G19-NM mellom #Brann og #Rosenborg på Brann Stadion. 15 minutter igjen. Live: http://t.co/VP31cQdc4r
2014-09-27 13:17:24	neutral	skbrann	Live! Brann - Rosenborg: Følg semifinalen i junior-NM direkte på Brann.no. Avspark klokken 14.00! http://t.co/8kDRs3d99c #brann
2014-09-27 12:32:35	negative	11Loek	@TomAndreSande Det mest avgjørende er nok at Brann, Viking, Rosenborg og Viking er hjelpeløse år på år.
2014-09-27 12:18:41	neutral	KBergeHFK	Brann-Rosenborg igang med NM semifinale G19 på Brann Stadion. Rundt 400 tilskuere i et fuktig vær. 0-0 et 20 min. http://t.co/6ze2KglbVs
2014-09-27 12:10:43	neutral	RBKfotball	Troppen til Aalesund-kampen: Mike og Jonas er tilbake etter karantene. Se den fulle troppen her. http://t.co/3Qu8M9OU7Y #rosenborg
2014-09-27 12:07:58	neutral	ogreve	Ting de ikke mangler i Trondheim: Kjøpesentre, bruer, Rosenborg-flagg og Rema 1000-butikker.
2014-09-27 11:45:24	neutral	CiL_Events	NM G19: Brann - Rosenborg - http://t.co/Lu9RXW30Fs
2014-09-27 11:39:04	neutral	skbrann	Slik starter Brann og RBK NM-semien: Se lagoppstillingene til Brann og Rosenborg. Semifinalen i G19 NM ... http://t.co/kecMsckjxZ #brann
2014-09-27 08:24:17	neutral	RBKfotball	Tempe(n) før kampen: Varm opp til kampen mot Aalesund med Christer Basma. http://t.co/vAPbmExpdm #rosenborg
2014-09-27 08:12:20	neutral	nowangev	Live streaming Rosenborg BK - Aalesunds FK Norwegian Tippeligaen tv watch 28.09.2014 http://t.co/204KDJ7jIs
2014-09-27 06:52:58	neutral	ninaei	Burde jeg få noen til å sjekke hvordan stå er med verandamøblene i Trondheim, eller blåser det ikke så gæli på Rosenborg?
2014-09-27 05:49:03	neutral	Realgooner_93	@Haavardlovaas Skal på Lillestrøm - Rosenborg ja. Kjører 7-seter med en guttegjeng nedover.
2014-09-27 05:11:29	neutral	EleonoraVasco	Rosenborg Slot #Castle #danish #vsco #eleonoravasco #vscocam #denmark #Copenhagen #renaissance #gardens http://t.co/1NHYvIYWVp
2014-09-27 02:36:51	neutral	larssivertsen	@PaulSarahs Ørjan Berg. Modricesque playmaker for Rosenborg in their glory days. His father Harald Berg is a legendary figure at Bodø/Glimt.
2014-09-26 22:50:41	negative	Blunkesmiley	Håper ikke Rosenborg,Bakklandet og Møllenberg renner ut i havet i natt.. :/
2014-09-26 22:26:53	neutral	leachaa3	Watch live Rosenborg - Aalesunds Norwegian Tippeligaen http://t.co/k4TjeIAt31
2014-09-26 21:44:51	neutral	TV2Mini	“@TV2Davy: @InterTrainingAS @TV2Mini @NFF_info @AtleJanLarsen Hva med Rosenborg - Glimt i 2003?” Og i 1977 LSK-Glimt
2014-09-26 20:35:26	neutral	Megafonmannen	@havremunken @KrStokdahl plastfolk! Rosenborg u20 i morgen kl 14 i Leangen ishall!
2014-09-26 20:03:32	neutral	TV2Davy	@InterTrainingAS @TV2Mini @NFF_info @AtleJanLarsen Hva med Rosenborg - Glimt i 2003?
2014-09-26 18:49:51	neutral	torekro	Hockey i morra, Rosenborg u20 kl 14. Et tips for oss som savner Rosenborg i get.
2014-09-26 18:48:45	negative	s_evjen	Om man tenker ren drift har Rosenborg BK tapt totalt 121 millioner kroner i cash (!!) mellom 2008 og 2013. Vanvittig. #rbk #2fx
2014-09-26 17:55:22	neutral	RBKweb	Skal fortsatt ha sportslig leder: Rosenborg leiter ikke bare etter ny hovedtrener. http://t.co/d7ozR5o1kx
2014-09-26 17:07:16	neutral	skbrann	Denne gjengen skal møte Rosenborg: Brann har tatt ut troppen til lørdagens cup-semifinale mot Rosenborg... http://t.co/OWywAEhuLq #brann
2014-09-26 16:57:33	positive	RosenborgSupp	Episode to av @Troillprat er endelig ute. Over en time RBK-prat med fornuftige Rosenborg-supportere. Verdt å høre! http://t.co/GuYzsBUXhS
2014-09-26 16:30:11	neutral	pasunnmore	Maxlokal:  Før RBK - AaFK : Rosenborg jakter fremdeles medalje i årets Tippeliga, men må slå AaFk på hjemmebane om… http://t.co/KWpckb9s5t
2014-09-26 16:24:13	positive	rosenborgnews	“@RBKfotball: Elsker du Rosenborg?: Her er enda en mulighet til å bevise nettopp det! http://t.co/5zQpbEr2Nl #rosenborg”
2014-09-26 16:01:18	positive	MariusDahl91	Trolig en av de viktigste kampene mellom Rosenborg og Molde.
2014-09-26 14:07:56	neutral	RBKfotball	- Skriver under som spiller: Kevin Keegan var i perlehumør på dagens Rosenborgtrening. Nå vil han s... http://t.co/moUCR18DaP #rosenborg
2014-09-26 13:55:30	neutral	norskfootball	Sunday: Stabaek v Lillestrom, Odd v Brann, Start v Sarpsborg and Rosenborg v Aalesund.
2014-09-26 12:34:37	positive	Flaatens	@TV2Mini @JosimarFotball @VegardVaagbo Var ikke Rosenborg bedre enn Odd før NAE tok over enn da DEF tok over?
2014-09-26 11:36:06	positive	rosenborgnews	Gå inn på http://t.co/xiFtd9nHoA og bevis at RBK også er best på supportere på nett. #cmore12rbk #rosenborg
2014-09-26 10:49:40	neutral	RBKfotball	Kjøp billett av Gamst!: På lørdag kan kjøpe billett til RBK-Aalesund for kun 100,- direkte av Morte... http://t.co/3xU5LZam3G #rosenborg
2014-09-26 10:32:42	positive	skbrann	Lone: - Vi gleder oss voldsomt: Branns juniortrener Kjetil Lone vet hvordan Rosenborg skal beseires i e... http://t.co/rr5tcm7zrc #brann
2014-09-25 16:59:05	negative	RBKfotball	- Må vinne duellene: Nils Arne Eggen synes RBK var kriminelt dårlige i duellspillet mot Haugesund, ... http://t.co/VD4Y0vU0zq #rosenborg
2014-09-25 16:35:05	positive	haarberg1	æ trur Rosenborg vinn alltid, te det motsatte e besvist - N.A Eggen! @RBKfotball
2014-09-25 14:48:26	neutral	Ruter	Trikk 19: Innstilt Slottsparken-Rosenborg #linje19 : http://t.co/UThwPQ92Tw
2014-09-25 13:58:36	positive	RBKfotball	Årets mål senket Aalesund: Nicki Bille ble den store helten da han senket Aalesund med et drømmemål... http://t.co/CHxYyRWXLz #rosenborg
2014-09-25 11:05:07	neutral	RBKfotball	Rosenborg 3 rykket opp: Onsdag kveld ble det klart at RBK 3 blir blant de to beste i sin 4. divisjo... http://t.co/ZxUESi59Sj #rosenborg
2014-09-25 10:28:34	neutral	RBKfotball	Sørmo til EM-kvalik: Bent Sørmo er i troppen som  skal spille EM-kvalik for G18-landslaget. http://t.co/dwoPGDM4O4 #rosenborg
2014-09-25 09:01:11	neutral	vegbjo	http://t.co/sAuKzFtt2h #Rosenborg brukt halvparten av 56 mill for tomtesalget for å dekke underskudd - gjerne sette tæring etter næring nå?
2014-09-25 07:06:18	neutral	MortenVL	Rosenborg fortsetter å blø penger.. http://t.co/e55pY9mA5G
2014-09-25 04:20:02	positive	elvisdimera78	Min store stolthet uansett! 💗⚽ Mitt fotballag 2009 Rosenborg Ballklub: http://t.co/7HM6zHClAx
2014-09-24 23:59:32	negative	mimirk	@KS84 @aslaknore Men Stjernan går lenger enn Rosenborg og Molde i år.  Landslaget taper og taper. Ísland slår Tyrkia 3-0. På tide å si det.
2014-09-24 21:44:00	positive	Megafonmannen	Til helga skal jeg endelig se Rosenborg spille hockey igjen! Riktignok u20. Men læll!
2014-09-24 20:11:27	neutral	Bjofur	@Megafonmannen sikkert en konspirasjon for å sverte Rosenborg dette. Som krigen i Syria og arbeidsledigheten i Spania
2014-09-24 19:43:47	neutral	Guru_Suresh	Molde skaffet Moi, Rosenborg gikk for Gamst.....
2014-09-24 18:28:56	positive	OleChrGullvaag	Dette hadde jeg ALDRI trodd jeg skulle si, men jeg hadde digga å se Magne Hoseth spille for Rosenborg neste år. Klassespiller! #stbmol
2014-09-24 17:55:54	neutral	erik_nordgaard	Vi er Stabæk og Lyn og Rosenborg!
2014-09-24 17:29:55	neutral	BrunoBezAlm	@luisf_prates Gigante Rosenborg, maior da Noruega.
2014-09-24 16:46:00	neutral	RBKfotball	Ny serie på RBKTV: Førstkommende tirsdag kommer RBKTV med en helt ny serie: Tett på RBK. http://t.co/HAfdBPqU0a #rosenborg
2014-09-24 13:09:23	neutral	FootballLineups	Rosenborg BK (21-Sep-14) Tippeligaen at http://t.co/TDKm3wCTRE
2014-09-24 12:07:44	positive	100prosentsport	Pål André Helland sier RBK er bedre trent nå enn under Perry. Tror Rosenborg kan ta igjen og passere Molde neste år. http://t.co/1q5gQfsQ8e
2014-09-24 11:38:17	neutral	RBKfotball	Øker treningsmengden ytterligere: Kåre Ingebrigtsen legger inn nok en økt i treningsprogrammet. http://t.co/HLoEFGWlMo #rosenborg
2014-09-24 11:18:06	neutral	RBKfotball	I kveld kan dere se @Alexsoderlund i "2 mot 1" klokka 22.00 på TV 2 Sportskanalen. @Mads_Hansen @gauseth #rosenborg
2014-09-24 11:09:42	neutral	jorgenstenseth	Kåre øker treningsmengden ytterligere: http://t.co/so6yC4VdyH #rosenborg
2014-09-24 09:10:46	neutral	RBKfotball	Vi trenger flere småtroll til søndag: Rosenborg trenger flere småtroll til søndagens kamp mot Aalesund. http://t.co/D8eny8LIUJ #rosenborg
2014-09-24 08:57:22	neutral	kjernencom	Rosenborg har aldri tapt mot Aalesund på Lerkendal. På søndag spilles 12. hjemmekamp mot AaFK siden 1961. Sammen skal vi være RBKs 12. mann.
2014-09-24 08:33:01	neutral	RBKfotball	Energidagen på Nils Arnes Plass: Før kampen mot Aalesund på søndag har TrønderEnergi et arrangement... http://t.co/6rjnRGoGEz #rosenborg
2014-09-23 21:22:25	positive	HtAudun	@tirsdagsquizen Satser på Rosenborg under Eggen-formen neste gang
2014-09-23 20:18:51	positive	egilnerland	Oilers blir hockeyens Rosenborg i Europa, kanskje til og med bedre
2014-09-23 20:08:16	positive	Larsavis	Stavanger Oilers. Tidenes lag i Norge uansett idrett. Adjø Rosenborg, Larvik, Drammen osv. Gratulerer, Oilers!
2014-09-23 18:49:17	neutral	VegardMandal	@MilfordDaniel Rosenborg solgte. Der har du nøkkelordene. Her forventer folk at RBK skal stille opp for noe andre selskaper skal selge.
2014-09-23 18:02:22	positive	Megafonmannen	For en tullesak av Adressa. ''Å nei, Rosenborg stiller ikke opp gratis for EA'' Skulle da bare mangle! Flott av RBK! http://t.co/mdfgIoT2Jl
2014-09-23 17:57:00	negative	Megafonmannen	@MilfordDaniel @NikolajKahn  EA hadde tjent mye på det der. Rosenborg gjør helt rett. Komisk at EA setter seg i offerrollen.
2014-09-23 17:31:06	neutral	Emil69Madsen	@FinishedPlayers Rosenborg*
2014-09-23 17:07:52	neutral	RBKweb	Tidligste hjemmekamp på 11 år: Rosenborg - Sandnes Ulf søndag 26. oktober får avspark allerede klokka 15.30. http://t.co/BtE5o05H8r
2014-09-23 13:56:37	neutral	ErlendRoste	Skjønner de som kaller Milan for AC at det er det samme som å kalle Chelsea for FC eller Rosenborg for BK?
2014-09-23 13:15:38	neutral	RBKfotball	Medlemsmøte på mandag: Vi inviterer til medlemsmøte førstkommende mandag på REMA VIP. http://t.co/T1EAGsrKNE #rosenborg
2014-09-22 16:16:58	positive	RBKfotball	Send han gjerne en hilsen slik at han føler seg velkommen :) #EmilNielsen #rosenborg
2014-09-22 16:16:04	neutral	RBKfotball	Følg kommende RBK-spiller Emil Nielsen  på Twitter: @EmiINielsen #rosenborg
2014-09-22 14:51:13	positive	AHBryhn	@kolberg96 Nardo ingenting å spille for. Rosenborg spiller for å holde laget i 2.div. Superviktig match
2014-09-22 13:21:34	neutral	RBKfotball	Fotballskoletilbud i høstferien: Rosenborg utvider Fotball etter skoletid, og tilbyr nå fotball-lek... http://t.co/OvRim6Ep7w #rosenborg
2014-09-22 12:15:26	neutral	Haneye	@FKHAsle Her kan du lese hva Brannsupporterne tenkte om FKH-RBK. http://t.co/d2OeRcTO8q
2014-09-22 12:07:33	neutral	nrktrondelag	Christer Basma om RBK-kulturen: Det er ikke bare treningskulturen som må endres i Rosenborg om de vil tilbake ... http://t.co/dr6yYeRwjT
2014-09-22 12:00:21	negative	markzachary98	«Søndag nådde jeg bunnen. Jeg heiet på Rosenborg»: DODDO-BLOGG: - Jeg har sunket så lavt som det er mu... http://t.co/BvL2KM3tIb #Bergen
2014-09-22 11:45:32	neutral	HildeLoktu	Sto som ensom supporter ved spillerbussen og sa god tur hjæm te Rosenborg i går. Gode guttan tok mæ i handa å nån ga mæ klæm ❤️ @RBKfotball
2014-09-22 11:29:33	neutral	RBKfotball	Buss for tog: Det vil bli satt opp buss for tog til søndagens kamp mot Aalesund. http://t.co/llLZcnkebk #rosenborg
2014-09-22 10:32:27	neutral	MariusDahl91	@FotballBjerke Jeg tror Træff sin seier over dere avgjør bunnstriden i form av at de berger og Rosenborg 2 går ned.
2014-09-22 10:22:28	neutral	KariMerete	"Nils Arne Eggens Rosenborg hadde ikke bestandig de beste spillerne, men alltid de beste relasjonene." http://t.co/chYxUVL99m
2014-09-21 20:34:19	neutral	Fotbaill	Haugesund-Rosenborg 2-1. Malec målscorer. Dermed veldig jevnt om 3.plassen, da både Lillestrøm og Godset vant sine kamper. 2p skiller de 3.
2014-09-21 20:30:22	negative	tomsrss	Drillo slakter RBKs forsvarsspill: HAUGESUND / OSLO (VG) (Haugesund – Rosenborg 2-1) En sen sluttspurt holdt n... http://t.co/2Rcy6dt8y0
2014-09-21 20:20:44	negative	WorldNetTimes	Drillo om RBK: - Tafatt og uten bevegelse: Sølvjagende Rosenborg måtte se seg slått… http://t.co/uetDI1jdz3 #Bergen
2014-09-21 20:20:29	negative	markzachary98	Drillo om RBK: - Tafatt og uten bevegelse: Sølvjagende Rosenborg måtte se seg slått av et Haugesund-la... http://t.co/tpIB3PPTCy #Bergen
2014-09-21 20:12:48	neutral	NyhetsIeser	Haugesund klatret forbi Brann etter 2-1 mot Rosenborg – TV 2 http://t.co/BIr1o2z7v8
2014-09-21 20:12:38	negative	Moltisanti_	"@2sporten: Haugesund forbi Brann på tabellen etter seier mot Rosenborg. #2fx" aldri så galt...
2014-09-21 20:10:36	negative	tommystuff	Det tar tid og bygge et nytt lag, men tiden begynner å bli brukt opp #rbk #rosenborg
2014-09-21 20:04:53	neutral	magnus_nerland	@Heinevik 17p luke, 18 igjen å spille for. men truur ikke rosenborg tar igjen Molde
2014-09-21 20:03:59	negative	kkhassel	#rosenborg i tykt og tynt... men det var veldig tynt...
2014-09-21 20:02:52	positive	NRK_Sport	Haugesund-keeper Per Morten Kristiansen: - Dette var uendelig deilig! http://t.co/3epJtg9KPH #nrksport
2014-09-21 20:01:19	negative	NRK_Sport	Slutt: Haugesund-Rosenborg 2-1. Etter en god førsteomgang vinner FKH fortjent. RBK fikk girene opp for sent. Referat:http://t.co/1KYdAmXUrB
2014-09-21 20:00:12	positive	fotball_nytt	Tre magiske Haugesund-minutter senket Rosenborg - Les hele saken http://t.co/MFoIkQqREf
2014-09-21 20:00:04	neutral	FredrikRaanes	Dagens prestasjoner av forsvarsrekka til United og hele Rosenborg... ja.. hva skal man si? 😊🔫
2014-09-21 19:58:39	neutral	DonFuru	På 90-tallet var det @Molde_FK som spilte med hårstrikk og tapte kamper. Artig at de var forbilder for dagens Rosenborg #2fx
2014-09-21 19:57:27	positive	malenewoldseth	Rosenborg e så god herregud❤️❤️❤️
2014-09-21 19:51:57	neutral	InfostradaNO	SLUTTRESULTAT: FK Haugesund - Rosenborg BK 2-1 [Bamberg 22, Sema 25], [Malec 80] #Tippeligaen
2014-09-21 19:51:37	neutral	aleksandermller	Kampen på Haugesund Stadion er slutt! Haugesund slår Rosenborg 2-1! #2fx #cmore #2sport #Tippeligaen2014
2014-09-21 19:51:18	negative	fredriklan	Verste jeg har sett på lenge, Rosenborg! #2fx
2014-09-21 19:51:12	neutral	KimRolund	Daniel Bamberg og Sema sender hele Haugesund, Lillestrøm og Drammen til himmels. Da Haugesund slo Rosenborg 2-1 hjemme. #medaljekampen #2fx
2014-09-21 19:49:42	neutral	eikebrokk	Tenker på alle de unggutta Rosenborg har hatt på benken de siste 10 åra, som aldri har spilt. Hvor er de nå, og hvorfor satt de der? #2fx
2014-09-21 19:48:01	negative	eikebrokk	Haugesund-spillerne viser innimellom at de har touch. Rosenborg er fullstendig out of touch. Og Gamst er verst av alle #rbk #2fc #vg #db
2014-09-21 19:42:55	negative	haakonaa	For ein ubrukeleg gjeng Rosenborg er, som ikkje hjelper til med å redda...*kremt* TAPRE Sogndal.   Dei bør skamma seg.
2014-09-21 18:53:36	negative	huttaheiti	Rosenborg, et høyst ordinært fotballag
2014-09-21 18:52:42	negative	terjeskjerve	Rosenborg vil heller se Brann rykke ned, enn å spille i Europa. #2fx
2014-09-21 18:50:11	neutral	rosenborg_la	FInal del primer tiempo. Haugesund 2 - 0 Rosenborg.
2014-09-21 18:49:05	negative	tangen85	Fytti helvete Rosenborg,nå er jeg lei av sånn tafatt spill og at vi slepper inn for mye mål,nærmer oss 40 snart... http://t.co/nLQ3VC9ga2
2014-09-21 18:25:41	positive	Betbetdotcom	@Sovietvodka1 Fullt fortjent! Kjører over Rosenborg
2014-09-21 18:25:26	neutral	InfostradaNO	MÅL: FK Haugesund - Rosenborg BK 2-0, 25' Maic Sema [HAU] #Tippeligaen
2014-09-21 18:25:26	negative	bemastberg	FAEN, ROSENBORG
2014-09-21 18:25:23	negative	Skjerdings	Rosenborg 2014 slutter aldri å skuffe.
2014-09-21 18:25:23	negative	marterdal	Overhodet ikke bra at Haugesund leder 2-0. Håper og tror at Rosenborg snur dette!
2014-09-21 18:25:19	negative	sigveedvardsen	Haugesund 2-0 Rosenborg. Forsvarsspillet er helt krise
2014-09-21 18:25:14	negative	Vegard_Torset	Rosenborg tape med vilje sånn at muligheten for at Brann rykke ned e enda større #2fx
2014-09-21 18:25:11	negative	Joikakaka	Påtide  å sitere Iversen igjen; Rosenborg er ræva! !
2014-09-21 18:25:09	neutral	Sulen95	Tror dette blir både første og siste gang eg håper Rosenborg vinner en kamp
2014-09-21 18:25:07	positive	IngjerKahn	Haugesund scorer igjen. Leder 2-0 over Rosenborg. Fortjent
2014-09-21 18:25:05	positive	storeha	Fint å være Manchester United og Rosenborg denne søndagen.
2014-09-21 18:25:01	negative	Knowrud	God natt, Rosenborg møtte ikke opp i dag! Pinlig! #2fx
2014-09-21 18:09:49	negative	erik_nordgaard	Rosenborg bør ansette en frisør på deltid. Halve laget ser ikke ut.
2014-09-21 18:08:33	negative	MrCortado	// Flere på Rosenborg bør få minst gult kort pga håpløs hårsveis.
2014-09-21 18:08:13	negative	jonsoap	Rosenborg er ikke det samme. Før var det barter. Nå er det Grorudpalmer og hestehale. Scher`a, Eggen? #2fx
2014-09-21 18:08:08	neutral	jonasduvsethe	noen som har en stream til Haugesund - Rosenborg, sånn typ asap?
2014-09-21 18:07:38	neutral	kottila	"Savner" det gamle corner-oppsettet til rosenborg hvor hele laget står på mållinjen
2014-09-21 18:06:50	neutral	sestormoen	Hvilket hårstrikk-firma er blitt hovedsponsor i Rosenborg nå, egentlig?
2014-09-21 18:06:50	negative	kaasa96	Ser ut som Rosenborg har konkurranse om å se jævligst mulig ut på håret ikveld
2014-09-21 18:06:44	neutral	rosenborg_la	Penal para el Haugesund...
2014-09-21 18:05:55	neutral	dllx32	FK Haugesund vs Rosenborg BK Live Stream | http://t.co/rUkOEm31f6 http://t.co/KSJLTBu7iV
2014-09-21 18:05:33	negative	StaleBerre	Fortjent straffe m d håret #rosenborg
2014-09-21 18:05:30	negative	JonMartinH	Er noen fryktelige hårvarianter i Rosenborg nå.
2014-09-21 18:04:32	neutral	dllx32	FK Haugesund vs Rosenborg BK Live Stream | http://t.co/rUkOEm31f6 http://t.co/Zhda9ACxiE
2014-09-21 18:04:19	neutral	hannemelling	Hadde ikke fått med meg at Zlatan er blitt midtstopper på Rosenborg.
2014-09-21 18:02:43	neutral	JaArvid	I kveld er første gang på over 10 år holder eg med Rosenborg. Men har ikkje nokke valg da!
2014-09-21 18:02:37	neutral	Realgooner_93	Det er så riktig med Rosenborg i svarte bortedrakter.
2014-09-21 18:02:24	neutral	dllx32	FK Haugesund vs Rosenborg BK Live Stream | http://t.co/7LGowuQFxy http://t.co/PRvsP0wPc7 via @dllx32
2014-09-21 18:01:18	neutral	bitchblikk	John Chibuike har tydeligvis flydd inn fra Tyrkia for å være innbytter på rosenborg benken i følge tv2.
2014-09-21 18:01:14	positive	lasseHD	Roooooseeeeeeenboooooorg!!! #rbkno #komigjenntroillan #svart&amp;kvitt #ROSENBORG
2014-09-21 18:00:59	positive	Rikardknutssn	Håper Rosenborg vinner for vår fordel! #2fx @Glimt
2014-09-21 18:00:56	neutral	Arildsim	“@2sporten: Klart for Haugesund - Rosenborg på TV 2 Zebra og TV 2 Sumo NÅ. #2fx http://t.co/oVYMMYr4cD” Bilde tatt på Åkra stadion
2014-09-21 18:00:56	neutral	InfostradaNO	FK Haugesund - Rosenborg BK har startet #Tippeligaen
2014-09-21 17:59:38	neutral	MagnusErikss	Tv2 melde at John Chibuike sitt på benken for Rosenborg idag, skjult comeback?
2014-09-21 17:59:28	neutral	Sovietvodka1	Haugesund v Rosenborg: Rosenborg 0.0 /DNB @ 1.900 http://t.co/SN0BFX37K5
2014-09-21 17:58:53	neutral	lassefjr	John Chibuike på benk for Rosenborg ja! Henta tebake? #2fx #rbk
2014-09-21 17:00:06	neutral	pixelfooty	FK Haugesund - Rosenborg BK (Norway - Tippeligaen) | http://t.co/lpTiBXmgzi
2014-09-21 16:55:12	neutral	FKHaugesund	Her er de 11 som starter mot Rosenborg på Haugesund Stadion kl. 20.00! Velkommen på kamp! Vi trenger DEG! http://t.co/Vjqf8mJtdn
2014-09-21 15:57:32	neutral	CathrineRK	Noen snille der ute som vil låne meg sumo så jeg får sett Haugesund - Rosenborg i kveld? #2fx
2014-09-21 15:37:36	neutral	bjarne_kristian	Står midt i eit dilemma, kven skal eg heie på? #rosenborg eller #haugesund ? #dilemma #2fx
2014-09-21 15:18:57	neutral	Maanestraale13	I dag håper vi på hjelp fra Sarpsborg og Rosenborg :-D #cmore12bra
2014-09-21 15:08:13	positive	KimRolund	Dagens mest spennende TL-kamper. Lillestrøm - Odd, viktig kamp i medaljestriden &amp; Haugesund - Rosenborg, begge trenger poengene! #cmore #2fx
2014-09-21 14:55:19	neutral	FKHaugesund	Her er troppen til dagens kamp mot Rosenborg på Haugesund Stadion kl. 20.00! http://t.co/wJgRAeyCXl
2014-09-21 14:48:41	positive	Grenaderen	@oeihan @TV2Davy Molde er det beste laget per dags dato, men Rosenborg er fortsatt landets desidert største fotballklubb. Vi kommer tilbake.
2014-09-21 14:47:03	positive	30_christian	Tar Sogndal tre poeng i kveld, ser det langt bedre ut med tanke på TL neste sesong. Får håpe Viking Stabæk og Rosenborg vinner i dag.
2014-09-21 14:35:02	neutral	oeihan	@Grenaderen @TV2Davy RBK ser ikke ut å være ledende. Molde fotballklubb har tatt overvdem plassen. Det må Rosenborg bare innse
2014-09-21 14:28:39	positive	stenrud16	Orker ikke å se City - Chelsea. Ser Homeland isteden. Håper Rosenborg gjør helga litt bedre.
2014-09-21 14:22:07	negative	trondgoran	Satser på at Rosenborg kan redde søndagen.. Noe som virker litt usannsynlig mtp skader og karantener. Håper jeg tar feil.
2014-09-21 14:12:15	negative	heherlofsen	Frej krysser, United slipper inn 5(!) og jeg har halsbetennelse. Hva blir det neste? Rosenborg taper 10-0 og et fly kræsjer i blokka?
2014-09-21 12:58:48	neutral	titusapuesta	Entro a Leverkusen DnB @1,83 stake 2 y en la liga de noruega al rosenborg @2,4 stake 1,5
2014-09-21 12:39:54	positive	TV2Bredeli	Comeback som fotballkommentator i kveld. Haugesund-Rosenborg på TV 2 Zebra kl.20. Med Drillo i boksen. Gøy! To gamle menn, rider igjen...
2014-09-21 12:12:34	positive	IngvilMusum	Dagen blir med ett mye bedre når man ser Rosenborg på gardermoen @RBKfotball #starstrucked #rbk #blodfæn #tl2014 #vinnjuansett
2014-09-21 11:12:19	positive	RBKweb	- Jeg trives veldig bra: Mix håper å bli enig med Rosenborg om forlengelse av sin utgående kontrakt. http://t.co/45OGIH2SqH
2014-09-21 10:52:38	neutral	bakklao	Dagens trippel:  Lillestrøm Mjøndalen Rosenborg
2014-09-21 10:17:18	negative	elvisdimera78	@IngeGr76 @CSNwelve88 Jo på en måte enig, noen må sette skapet på plass.. Men den uttalelsa om Rosenborg var drøy!
2014-09-29 19:05:53	neutral	MariusDahl91	@MariusHelgaa Tviler på at Rosenborg rykker ned til fjerde div og kommer i en Vestfold-avdeling.
2014-09-29 19:02:38	neutral	MariusDahl91	Sandefjord tilbake i Tippeligaen. Ønsker at Rosenborg-kampen skal spilles på Storstadion igjen, hvis den fortsatt består #manglerbortebane
2014-09-29 18:03:05	neutral	petter_larsen	@matsska  1. FFK 2. SK Brann 3. Rosenborg BK
2014-09-29 17:44:30	neutral	GVidnes	@Marittotland Omreisande på bygda. Selde klokker. Skepsis. *Fake* Lureri ? Eksotiske etternamn, som Rosenborg.
2014-09-29 17:27:45	neutral	erik_nordgaard	Ambisjon: "Toppidrett i Rosenborg" Nå må de ikke stille for høye krav til seg selv da. #rbkno
2014-09-29 17:21:27	positive	RBKfotball	Positivt for Gamsten: Gamsten har sjekket låret etter kampen mot Aalesund. http://t.co/QWaxLLZdmb #rosenborg
2014-09-29 16:58:47	positive	RBKweb	Senket sunnmøringene: Aalesund var farlige, men Rosenborg var langt mer effektive. Se bildene fra 3-0-seieren! http://t.co/uLeIPRW1Zr
2014-09-29 16:19:31	neutral	oyvindherreVG	Høsten 1997 tok Rosenborg 11 poeng i Champions League (3-2-1) og ble gruppetoer med seks poeng ned til nr 3. Ikke nok til å gå videre...
2014-09-29 14:52:55	neutral	MariusDahl91	Rosenborg II - Bunnstriden 1-3, full tid. Fem poeng fra trygg grunn. Fire kamper. To av dem mot Byåsen og Raufoss... #2div2
2014-09-29 14:38:57	neutral	NorwayStats	Last five for @LillestromSK  Rosenborg home Strømsgodset away Start home Bodø/Glimt home Sarpsborg 08 away
2014-09-29 14:17:34	negative	MariusDahl91	Rosenborg II - Gjøvik-Lyn 0-3. Tungt for unggutta nå. #2div2
2014-09-29 14:16:04	positive	EspenHaukaas	Går mot nedrykk for Rosenborg 2. Gledelig.
2014-09-29 14:11:21	neutral	StianHKnudsen	@MariusDahl91 @Storeviik Må Rosenborg vinne?
2014-09-29 10:36:07	positive	UnibetNorge	Vi hadde noen flotte vinnere i går også! Gratulerer til alle 24 som tippet 3-0 seier til Rosenborg over Aalesund! #dagenshundrings
2014-09-29 09:32:31	neutral	RBKfotball	Se bildene fra 3-0-seieren: Rosenborg vant overbevisende 3-0 over Aalesund. Se bildene fra kampen her. http://t.co/2ZcysnLlcc #rosenborg
2014-09-29 08:47:43	neutral	SpottheBot	Rosenborg - Aalesund 2014 http://t.co/qcg539ipHV
2014-09-29 05:21:52	neutral	enga	[klanen.no] NESTE TUR: Rosenborg søndag 19/10 20:00 http://t.co/svgNZw1ics
2014-09-29 03:08:20	neutral	Sunnfot	Kommentar RBK-AAFK http://t.co/ae7UfOLRHi #aafk #rosenborg
2014-09-29 01:56:31	neutral	footynews129	Rosenborg 3-0 Aalesunds, Odds 4-0 Brann, Start 3-1 Sarpsborg, Stabaek 2-0 Lillestrøm. #norway
2014-09-28 22:27:00	neutral	RBKweb	- Gjør alt for at de skal beholde meg: Etter mål i tre strake kamper håper Tomas Malec at Rosenborg allerede b... http://t.co/f5e2J79Hfc
2014-09-28 22:26:59	neutral	RBKweb	Dobbel rekord for Sæter: I april ble John Hou Sæter den yngste Rosenborg-spilleren i historien. Mot Aalesund s... http://t.co/am8GaA7lEl
2014-09-28 22:14:56	neutral	MariusDahl91	Ikke glem den siste kampen av runde 21 i #verdensbesteliga: Rosenborg - Gjøvik-Lyn klokken 15 i morgen. #2div2
2014-09-28 22:04:52	neutral	redundanton	@jorgenstenseth Njaaaeei. Var Aalesund som gjestet oss i kveld. Travelt sikkert, men raskt å fikse. #rosenborg http://t.co/QUkr222CtK
2014-09-28 21:59:55	neutral	RBKfotball	- Ser fint ut på papiret: John Hou Sæter ble historisk da han kom inn mot Bodø/Glimt. http://t.co/JsnGYtEdme #rosenborg
2014-09-28 20:39:06	positive	skilars	Rosenborg lekte seg til seier mot Aalesund -adressa.no http://t.co/E8PcFZ1oJn #cmore12rbk
2014-09-28 20:29:26	positive	vgsporten	Rosenborg svarte Godset med storseier: TRONDHEIM (VG) (Rosenborg - Aalesund 3-0) De var avhengige av seier for... http://t.co/Sfy4mftc0V
2014-09-28 20:28:52	positive	tomsrss	Rosenborg svarte Godset med storseier: TRONDHEIM (VG) (Rosenborg - Aalesund 3-0) De var avhengige av seier for... http://t.co/IoPA329VoW
2014-09-28 20:28:17	positive	IndsetM	Helt ok kamp av Rosenborg. Gamst burde aldri få spille indreløper igjen. Svensson klar BB med Jensen like bak. SÆTHER!
2014-09-28 20:26:50	neutral	DenmarkHotNews	Mike Jensen satte gang i Rosenborg-fest: Den tidligere Brøndby-spiller scorede det første mål, da Rosenborg hj... http://t.co/po4zGLcxUB
2014-09-28 20:15:08	positive	sistenyttnorge	Rosenborg knuste Aalesund - Les hele saken http://t.co/pobZgCXFe2
2014-09-30 09:20:33	neutral	palelnan	Ingen fra Rosenborg i landslagstroppen.
2014-09-30 08:57:49	neutral	RBKfotball	Billettinformasjon til Lillestrøm-RBK: Her kan du kjøpe bortebilletter til seriekampen på fredag me... http://t.co/xonolBLhis #rosenborg
2014-10-03 10:10:20	neutral	UnibetNorge	Ikke glem å tippe i #dagenshundrings! #Lillestøm - #Rosenborg, hva blir sluttresultatet? Husk å tagge @UnibetNorge og #dagenshundrings
2014-10-03 09:51:59	neutral	rosenborgnews	Stefan strandberg ikke med til lillestrøm. fikk et spark på leggen på siste trening. #cmore12rbk #rosenborg
2014-10-03 09:39:54	neutral	EWSchulze	http://t.co/kV7HhgyUcP Kjendiskokk og fotballfar Eyvind H.
2014-10-03 09:06:45	neutral	Wimisr	@UnibetNorge Lillestrøm - Rosenborg 1-2 #dagenshundrings
2014-10-03 09:01:10	positive	TV2_Zebra	Det ligger an til en spennende avslutning på Tippeligaen 2014. Lillestrøm Sportsklubb tar i mot Rosenborg... http://t.co/439QTDivDQ
2014-10-03 09:00:51	neutral	RBKfotball	Troppen til Lillestrøm: Skade på siste trening gjør at RBK kun reiser med 17 mann til Lillestrøm. http://t.co/nMxRUf5IWr #rosenborg
2014-10-03 08:49:26	neutral	Hammelbo	@UnibetNorge #dagenshundrings 1-2 Rosenborg
2014-10-03 08:40:05	neutral	Qwerty2070	@unibetnorge #Lillestrøm-#Rosenborg for #dagenshundrings. Det ender 1-3 til gjestene fra bartebyen
2014-10-03 08:28:20	neutral	eidsberg	@UnibetNorge Lillestrøm mot Rosenborg ender 1-1 #dagenshundrings
2014-10-03 07:35:09	neutral	9c0lai	@UnibetNorge Lillestrøm-Rosenborg 1-1 #dagenshundrings
2014-10-02 16:05:17	neutral	RBKweb	Helland tilbake mot Lillestrøm: Pål André Helland er med i startoppstillinga igjen for Rosenborg. http://t.co/Hu7mIY8LDt
2014-10-02 15:24:18	neutral	grajcreles	Watch Lillestrøm SK - Rosenborg BK Live October 03, 2014 http://t.co/rV3JgV3Kfc
2014-10-02 15:18:38	neutral	RBKfotball	- Drar ikke dit for å underholde: Kåre Ingebrigtsen forventer et samlet og kompakt lag mot Lillestrøm. http://t.co/F75df35wPF #rosenborg
2014-10-02 14:52:47	negative	RosenborgRetro	Brann - Rosenborg 3-2 slutt. Tydelig at RBK er mentalt ferdig med sesongen når man går fra 9-0 til 3-2 tap. Jørn Jamtfall fikk stå i mål.
2014-10-02 14:47:03	negative	RBKfotball	- Jeg har vært forbanna: Pål André Helland er tilbake mot Lillestrøm. http://t.co/yvaxmKvre9 #rosenborg
2014-10-02 14:28:57	neutral	muscooluu7	Live streaming Lillestrøm vs Rosenborg Norwegian Tippeligaen tv watch http://t.co/hK7b2a0T0I
2014-10-02 14:22:27	positive	LasseKopperud	Lillestrøm slår Rosenborg og inntar 4.plassen i morgen! Blir morro! #VIERLSK #2fx
2014-10-02 14:12:59	neutral	moeldnarhans	Watch Lillestrøm SK - Rosenborg BK live streaming http://t.co/MjRFCFEaZe
2014-10-02 12:19:40	neutral	WisurHverdag	all den tid Rosenborg og Molde kvalifiserer seg til EL/CL-kval gjennom TL-plassering, så går #vikingfk inn og representerer Norge. #fairplay
2014-10-02 11:56:45	positive	RBKfotball	- Håper han scorer og vi vinner: Salgssjef i RBK, Harald Lundemo, tør knapt å se kampen mot Lillestrøm. http://t.co/WcplNee04B #rosenborg
2014-10-02 11:45:38	positive	Funchaloe	Klassikern i morgen klokken 19:00 på Åråsen mellom Lillestrøm og Rosenborg. Møt opp og hei LSK mot medalje! #VIERLSK
2014-10-02 09:44:52	neutral	BigJohnson177	That hair tho “@RBKfotball: Grattis med 24-årsdagen, @MixDiskerud #rosenborg http://t.co/axmgrx2lJx”
2014-10-01 16:51:19	negative	gravdal_haakon	Rosenborg skal fortsette i RBK-fotsporet altså jevnlig utskiftning av trenere og intern uro
2014-10-01 15:35:24	neutral	Funchaloe	Fredag klokken 19:00 kommer Rosenborg til Åråsen. Ta med kompiser og se LSK i kampen om Europa og medalje. :D #VIERLSK.
2014-10-01 15:12:30	negative	McAspen	Med Rosenborg baklengs inn i fremtida! Dette blir desverre ikke bra.
2014-10-01 14:50:59	negative	sagplads	NEI IKKE FAEN OM FAGERMO SKAL TIL ROSENBORG HELL NO
2014-10-01 14:43:15	neutral	Fotballsonen	Ole Gunnar Solskjær er neppe aktuell for jobben som manager i Rosenborg. http://t.co/EB3b0tqc8r
2014-10-01 14:26:11	neutral	Larsavis	Rosenborg har bestemt seg for å spille som Rosenborg. Hvordan lar de være?
2014-10-01 13:50:49	neutral	jonasduvsethe	nå skal Rosenborg spille 4-3-3 forever..
2014-10-01 13:49:56	neutral	VegardVaagbo	Da kan alle MFK-tilhengere med frykten for OGS til Rosenborg i seg puste lettet ut. http://t.co/v1wXYpbJNY
2014-10-01 13:48:24	neutral	vegoli	RBK dropper managertanken:  http://t.co/1ShERl8Qjj Da er OGS strøket fra kandidatlisten til Rosenborg, og veien åpen for DEF #rbkno
2014-10-01 13:41:54	neutral	arnesk	@2sporten Nå for tiden er de vel de eneste som har lyst til å spille som Rosenborg.
2014-10-01 13:35:50	neutral	2sporten	Rosenborg har bestemt seg for å spille som Rosenborg: http://t.co/o7toN7yGIW #2FX
2014-10-01 12:34:41	neutral	RBKfotball	- Vi har lagt en bra plan: Ole Selnæs innrømmer at laget har vært for naive på bortebane. Nå er pla... http://t.co/mTo91zfbbI #rosenborg
2014-10-01 09:47:12	neutral	RBKfotball	Ett hakk opp på Fair Play-tabellen: Rosenborg ligger på andreplass på Fair Play-tabellen. http://t.co/AP1xLLFaZV #rosenborg
2014-10-01 08:08:12	neutral	RBKfotball	Høsten er her!: RBK Shop har tilbud på høstprodukter denne uka. Se utvalget i nettbutikken eller i ... http://t.co/qlZOheUjUY #rosenborg
2014-10-01 07:54:38	neutral	LateBarter	Rosenborg skal begynne å lagre informasjon om scoutede spillere i en database. Hvor har de lagret dem før? Blant pølsepapirnotater?
2014-10-01 07:43:55	negative	lastad	Mer bortkastede penger fra RBK. Uproft :)  http://t.co/dLEduZUKmk
2014-10-01 07:25:07	negative	faccisognare	Ikke usannsynlig slik RBK styres... :o/ RT @steffsovik: En, EN god sesong også er #ODD redd Rosenborg skal snappe opp fagermo. God tur! #2fx
2014-10-01 07:13:47	neutral	bonkerud	Det fins allerede et slikt program på markedet. Det heter Football Manager! http://t.co/wt7hpmgrSP
2014-10-01 06:51:18	neutral	steffsovik	En, EN god sesong også er #ODD redd Rosenborg skal snappe opp fagermo. God tur! #2fx
2014-10-01 06:00:33	neutral	fotball_nytt	- Fagermo har en klausul som gjør at han kan forlate Odd for Rosenborg - Les hele saken http://t.co/cPsImU1Tq1
2014-10-01 03:49:04	neutral	Slettiz	#Rosenborg prøva å skryte på seg at de fant opp FM.  Hjelper Rosenborg med spillerkjøp http://t.co/Zass6fapPe
2014-09-30 23:41:18	neutral	FootballLineups	Rosenborg BK (28-Sep-14) Tippeligaen at http://t.co/PIIGrvkUfM
2014-09-30 21:29:01	negative	tangen85	Da var billetten til Lillestrøm-Rosenborg i boks.200 kroner for en billett,fy faen å dyrt.
2014-09-30 20:59:29	neutral	TAmoller	Dag-Eilev Fagermo har Rosenborg-klausul i kontrakten sin. Odd vil fjerne all tvil og tilby treneren "livstidskontrakt". TA i morgen.
2014-09-30 19:26:31	neutral	rosenborgnews	Datasystem hjelper Rosenborg med spillerkjøp  http://t.co/qWkXPCl0LK
2014-09-30 18:53:00	negative	kkhassel	#Rosenborg ville ikke være med på #fifa15 Club Edition, redd for å skade varemerket sitt. Slikt klarer man best selv i den klubben...
2014-09-30 18:51:26	positive	trondgoran	Champions League blir aldri det samme uten Rosenborg!
2014-09-30 17:29:53	neutral	RBKweb	Skal hekte av Lillestrøm: Rosenborg kan ta et nytt steg mot å sikre bronse på fredag, men da må spillet på bor... http://t.co/16YiBH9nJ8
2014-09-30 17:23:28	positive	TryggLadeHerrer	KAMPDAG! RBK3 - Trygg/Lade, kampstart kl 19:30 på Lerkendal KGB. Ta turen og støtt laget!! @RBKfotball #breddefotball #fotbaill #rosenborg
2014-09-30 10:56:29	neutral	RBKfotball	Tett på RBK - I senga med Alexander Sørloth: I dagens Tett på RBK drar Alexander Søderlund og Jørge... http://t.co/wFpCCbx7pL #rosenborg
2014-09-30 10:53:24	neutral	kristianhz	@JesperHelmin Han startede med nr. 29, da han spillede træningskamp mod Rosenborg i Parken i nov 2000 (2-0 2xBrattbakk og så tog han hjem)
2014-10-09 12:39:02	neutral	keeperhanskerno	Even Barli (Ranheim Fotball og ex Rosenborg keeper) bruker KLA® JASJIN i Addeccoligaen, og sier følgende: "Topp... http://t.co/bGhUlxqYjD
2014-10-09 11:48:03	positive	TDTvedt	Mike Jensen understreker at han trives utrolig bra i Rosenborg, men at det kanskje kan være på tide med noe nytt. IKKE DRA!
2014-10-09 11:26:48	neutral	seonorway1	PR Norge Steffen Iversen Returnerer Til Rosenborg | PR Norway News-nyheter på http://t.co/sTSS8kf8hJ,... http://t.co/zNqK9wreH5 PR Norway
2014-10-09 10:23:08	neutral	seonorway1	PR Norge ROsenborg | PR Norway News-nyheter på http://t.co/sTSS8kf8hJ, pressemeldinger om produkter o... http://t.co/LQYYr3EGUd PR Norway
2014-10-09 10:17:02	neutral	RBKfotball	Bli bøssebærer - få billett: Rosenborg gir bort billetter til TV-aksjonens bøssebærere. http://t.co/6lKyx5f8eq #rosenborg
2014-10-09 08:24:19	neutral	seonorway1	PR Norge Rosenborg tilbake på tabelltopp | PR Norway News-nyheter på http://t.co/sTSS8kf8hJ, presseme... http://t.co/GPkfwecWaJ PR Norway
2014-10-08 21:14:11	positive	SalMarAkademiet	KIL/Hemne ligger på nest sisteplass i G19 1. divisjon, men er i god form og slo Rosenborg 3-2 hjemme på Ånesøyan i kveld.
2014-10-08 19:07:41	neutral	torekro	Tror at om 4 år, så har Rosenborg en spiss som er trønder og scorer 20+ pr. sesong. Synd han blir solgt etter 2 sesonger.
2014-10-08 18:26:24	neutral	hybel_trondheim	Strøken toroms på Rosenborg (08.10.14): Leilighet, 43m2, 12000/mnd, Stadsing. Dahls gt. 2, Trondheim Sentrum..... http://t.co/YoVDYlBYyl
2014-10-08 18:23:10	neutral	RBKfotball	Sæter og Helmersen scoret for Norge: John Hou Sæter og Andreas Helmersen scoret da G16-landslaget v... http://t.co/jkrccRstWj #rosenborg
2014-10-08 17:15:30	neutral	Ivaraal	@kranstad Fra noen som er langt mer inn i hva som skjer i Rosenborg enn meg. Nekter å tro at det stemmer før det er slått fast da.
2014-10-08 14:02:24	neutral	tronderfotball	Strindheim møter Rosenborg - http://t.co/x6HyMmDBbt
2014-10-08 13:13:18	neutral	RBKfotball	Gutta spiller EM-kvalik for G16-landslag. #rosenborg
2014-10-08 13:12:39	neutral	RBKfotball	RBK-spillerne John Hou Sæter og Andreas Helmersen har scoret for Norge som leder 2-0 mot Albania i EM-kvaliken. Halvtime igjen. #rosenborg
2014-10-08 13:08:58	neutral	RBKfotball	Tilnærmet skadefritt mot Vålerenga: Alexander Søderlund og Morten Gamst Pedersen er tilbake mot VIF. http://t.co/Jpy4AaScgD #rosenborg
2014-10-08 11:40:55	negative	LarsSchou	@lasseav Det viser vel bare at de er for Rosenborg det Lillestrøm er for oss. De vil aldri bli større uansett hvor mye de vinner. Mentalitet
2014-10-08 11:39:37	negative	lasseav	Molde-spillere melder at MFK er det nye Rosenborg. Hvordan blir den beskjeden tatt i mot i Molde og i Trondheim? Som banning i kirke? #2fx
2014-10-08 10:47:07	neutral	hybel_trondheim	Rom i kollektiv, Møllenberg (08.10.14): Rom i bofellesskap, 6m2, 4125/mnd, Rosenborg gate 17 B, Trondheim Sent... http://t.co/rQeDR7wH0u
2014-10-07 15:12:59	neutral	RBKfotball	Se Thioune i aksjon: Her er 12 minutter fra tirsdagens spillsekvens. http://t.co/xJRQa1qlXu #rosenborg
2014-10-07 14:29:49	neutral	KarlsenBeats	http://t.co/4Vf8avzvxd Rosenborg spilte i champions league. Molde klarte ikke kvaliken til Europa league. Litt igjen vel?
2014-10-07 14:02:18	neutral	RBKfotball	- En nyttig referanse: Kåre Ingebrigtsen så prøvespiller Ousseynou Thioune for første gang i aksjon... http://t.co/YOyBc0TYCt #rosenborg
2014-10-07 13:27:42	neutral	11Loek	@elvisdimera78 @mrkillahk ingen fra Romsdalen vil at Molde skal bli som Rosenborg. Bare å ta det med ro.
2014-10-07 13:22:49	neutral	11Loek	@espendholsen @DonVidal @Thofje Den romsdalingen som kaller Molde for "Det nye Rosenborg" har forhåpentligvis en trøndersk far.
2014-10-07 07:10:09	neutral	EKasbo	Molde kaller seg for nye Rosenborg. Ser. de så opp til trønderne fremdeles? Hvorfor ikke bare kalle seg Molde?
2014-10-07 06:39:11	neutral	DonFuru	Molde er IKKE det nye Rosenborg #2fx
2014-10-07 06:03:17	neutral	tv2norge	Landslagsklar Molde-spiller: – Vi er det nye Rosenborg: Molde har sju spillere på landslaget etter tre seriegu... http://t.co/EVbhVA5HxQ
2014-10-07 05:35:50	neutral	PiaHedmark	Rosenborg slot http://t.co/mPTZDJkmIt
2014-10-07 00:02:10	neutral	RBKfotball	Treningskamp mot Strindheim: Rosenborg lader opp til Vålerenga-kampen med en treningskamp mot John ... http://t.co/jzV6dufzeu #rosenborg
2014-10-06 23:06:55	neutral	RBKweb	Vedlikeholder formen mot Strindheim: Rosenborg spiller en uvant kort treningskamp mot 3. divisjonslaget neste ... http://t.co/POnVzdLwt7
2014-10-06 18:34:36	negative	skatomano	Hvis det her TIL-laget skal matche Molde, Odd, Lillestrøm, Rosenborg i 2015, kommer vi til å gå rett ned igjen. #TIL#1div#Tippeligaen#2fx
2014-10-06 18:26:04	neutral	RBKfotball	Klarte ikke å redusere luka: Rosenborg 2 klarte ikke å utnytte tabellnabo Molde 2s tap da de måtte ... http://t.co/b6a1b7tfj9 #rosenborg
2014-10-06 17:44:58	neutral	bolddk	Mike J: Sølv vil være et fint plaster på såret http://t.co/hQArIurcjP #fodbold #Tippeligaen #Rosenborg
2014-10-06 17:42:11	neutral	RBsporten	Brumunddal herjet med trønderne på Sveum: http://t.co/jsQ6VvJnGf
2014-10-06 17:25:52	negative	arsebang	@Fostad . Ja, sånn ja. De rykker jo rett ned igjen, og Rosenborg har knapt spillere på rekrutt som er gode nok for 1. div..
2014-10-06 17:20:03	neutral	ArneGunnes	Rosenborg e interresert i en 26 år gammel 3.divisjonsspiller fra Skjærvøy i Tromsø. Tiltenkt en rolle i A-laget eller?
2014-10-06 17:13:23	negative	arsebang	Kan ikke stå veldig bra til med rekrutteringen i Rosenborg heller. Kun Sørmo og Sæther som er i nærheten. Resten bør holde 2. div nivå.
2014-10-06 17:11:27	negative	arsebang	Rosenborg 2 taper på nytt, og rykker høyst sannsynlig ned. Fint plaster på såret for Byåsen, det. Mange potensielle lånespillere.
2014-10-06 17:07:57	neutral	RBKweb	Rosenborg skal studere nigerianer: Chuks Agbakwue Onyediakachi skal vise seg fram for RBK på lørdag. http://t.co/u2o0azIGY0
2014-10-06 17:04:06	negative	Fostad	Lagene som møter RBK2 siste tre rundene får enkle poeng. Lykke til med Neset neste år Rosenborg
2014-10-06 17:03:00	negative	SalMarAkademiet	#Rosenborg 2 tapte 0-2 mot Brumunddal og klarte dermed ikke å utnytte Molde 2 sitt tap i samme runde. Fortsatt fem poeng opp til streken.
2014-10-06 16:58:04	positive	elvisdimera78	Veldig fornuftig av Rosenborg&amp;Kåre å øke treningsmengden og ikke minst kvaliteten. Og Brann's lille "ferie" er fornuftig i deres situasjon.
2014-10-06 16:55:59	neutral	FootballLineups	Rosenborg BK (03-Oct-14) Tippeligaen at http://t.co/mRIkItDcyv
2014-10-06 16:53:35	neutral	IngeGr76	Rosenborg 2 er så godt som klare for nedrykk til 3.divisjon etter å ha tapt 0-2 borte mot Brumunddal i ettermiddag. #2div2
2014-10-06 16:53:02	positive	jonasduvsethe	Brumunddal vinner 2-0 over Rosenborg 2, hurraa
2014-10-06 13:54:04	negative	RBKfotball	Hvem har beste nikketryne?: Sjekk ut årets minst flatterende billedgalleri når RBK-spillerne trente... http://t.co/3cW98sThm5 #rosenborg
2014-10-05 19:46:50	neutral	stranddh	@fjellgeit Rosenborg, Vålerenga, Brann, Viking m.fler har som regel lønnet enkeltspillere mer.
2014-10-05 18:49:23	negative	granhammerfjell	I Rosenborg var Karadas angriper, i brann er han midtstopper i dag, ser jo hvordan det går. #2fx  #rykkerned  #lykketil #rbk #brann #hahaha
2014-10-05 18:40:29	neutral	Fygaren	@magnusschaft og det å bruke ordet "søkkrik" i en serie der en har lag som Molde og Rosenborg er i beste fall misvisende.
2014-10-05 17:45:37	positive	rosenborgnews	KjernenTv har lagt ut video fra lillestrøm borte. Som vi gleder oss til 19.oktober! https://t.co/KZf4tfspun #rosenborg
2014-10-05 16:57:49	neutral	Megafonmannen	Lurer på om broren på Rosenborg gjennomfører spillermøter på samme måte https://t.co/NBvWDC7WYp
2014-10-05 16:51:00	neutral	Roddefotball	G19 1.div Rødde - Rosenborg 3 - 4 Målscorere: Lukas Viggen, Odin Jørgensen og Simen Domaas. Slipper inn etter 95(!) minutter! #G19tfk
2014-10-05 15:34:33	neutral	jmsteen69	@TV2Davy Tror du dere Rosenborg klarer å ta seriesølvet?
2014-10-05 15:18:26	neutral	VGSvea	@simondahl Hos noen, men flertallet hadde Rosenborg (mange) og Strømsgodset (noen).
2014-10-05 14:50:57	neutral	ErlendPettersen	Deila få sparken i mårra? Trondheim og #rosenborg neste! #2fx
2014-10-05 14:19:51	neutral	NorwayStats	Fair Play standing Molde - 8,383 Rosenborg - 8,075 Viking - 8,063 Odd - 8,035 Vålerenga - 8,014
2014-10-05 13:55:32	neutral	laPunizione	Dagens tips : Ronny Deila trener Rosenborg neste år.
2014-10-05 13:44:34	positive	Mar10nVel	Kjell Øyasæter. Topscorer for Brann 1971-1974. Cupgull i 1972, da han var med på å senke Rosenborg. En stjerne. #2fx http://t.co/GAOnHIObUO
2014-10-05 12:23:44	negative	sponsorconsult	Reagerer på RBKs Fagermo-flørt http://t.co/5jo9g7v4V9
2014-10-05 12:14:36	negative	torekro	Rosenborg-ms 6-9 slutt. En kamp preget av dårlig keeper og mye utvisninger.
2014-10-05 11:12:44	neutral	Roddefotball	Matchday! Juniorlaget tar i dag mot Rosenborg til kamp i G19 1.divisjon. Kampstart 16:30 i Gruva. Vel møtt! #G19tfk
2014-10-05 11:03:59	neutral	2sporten	Se «2 mot 1» med Trond Olsen : - Rosenborg betalte bilen for at jeg skulle gå fra dem. #2mot1 http://t.co/5emdyr2vQi http://t.co/XgUXsqCRlw
2014-10-05 10:43:54	neutral	torekro	Rosenborg u20 ligger under 1-3 etter første periode.
2014-10-05 10:41:24	neutral	ahuse	@ctaraldsen Nei? http://t.co/Mq0ab0hOMb http://t.co/71ymaiK2rU Budsjett RBK 2013: 195mill. Molde: 99mill. Med dobbelt så mye midler altså.
2014-10-05 10:11:59	positive	RBKfotball	Bilder fra festen på Åråsen: Det ble en trivilig kveld på Romerike. Se bildene fra Åråsen her. http://t.co/2lLrus3zWr #rosenborg
2014-10-05 09:08:33	neutral	Bjofur	@Skylokken @Megafonmannen ja, for Rosenborg har jo 1/3 av Trondheim by med seg på bortekamp, så...
2014-10-05 07:28:39	neutral	Westsynsing	@Anbjornekeland Så spørsmålet om Bruttern likevel må vike sjefsplassen Rosenborg for OGS. Jeg tror det, men fortsetter trolig i trenerlaget
2014-10-05 06:38:39	positive	trondgoran	@sigveedvardsen Desverre har de forvaltet penger mye bedre enn det Rosenborg har gjort..
2014-10-05 00:37:36	neutral	sigveedvardsen	@Jonasklingan 125 mill som Molde fikk i gave er mer enn budsjettet til samtlige TL-klubber i 2013, sett bortifra Rosenborg
2014-10-04 22:57:42	neutral	IngeGr76	@EspenHaukaas Ja, hvordan skal Rosenborg tape? IGJEN :-)
2014-10-04 22:49:06	positive	elvisdimera78	Jada mode vant mikkemusligaen! Nyt det smurfs,neste år blir det annsleis; da ska Rosenborg på topp som på 90-tallet! Da hjelper ikke Røkke!
2014-10-04 20:31:13	positive	rosenborgnews	Neste år kan Rosenborg vinne seriemesterskap nummer 23, 10 år etter at vi fikk vår første stjerne! #rosenborg @RBKfotball
2014-10-04 20:07:51	neutral	ThomasMaage	@NorwayStats @JKhan1201 @KRuudster @AHBryhn Nei, såg ikkje bort i frå det, men Molde forsøkte å utfordre Rosenborg lenge før Solskjær.
2014-10-04 19:21:29	neutral	AndreasFlasnes	@anettesaether Rosenborg bruker stort sett egne penger. Unntaket er at Koteng betaler lønna til Gamst, og investorgruppa mtp spillerkjøp.
2014-10-04 19:20:06	neutral	anettesaether	@AndreasFlasnes så du meine Rosenborg ikke har rike onkla?
2014-10-04 19:08:53	negative	Jkallmyr	@ketillind Rosenborg er snart glemt, de var bare et lag på Moldes tid
2014-10-04 18:32:20	positive	Fostad	Mine tre fotballhøydepunkter i år. 1: Levanger-Byåsen. 2: Levanger-Raufoss. 3: Rosenborg-Ranheim
2014-10-04 18:30:19	positive	TDTvedt	De vil aldri ha samme forankring i folket som Rosenborg har, eller har hatt.
2014-10-04 17:59:54	positive	ninaei	@MariaBitteLita Bra du tar ansvar. Skulle hengt opp balkongflagget på Rosenborg om jeg hadde vært hjemme.
2014-10-04 16:23:55	neutral	elektronett	Lillestrøm - Rosenborg: Mål 89' (0-2) Jensen - Romerikes Blad http://t.co/ABhy0aNFfJ
2014-10-04 15:35:50	positive	RBKweb	Årsbeste på Åråsen: Rosenborg slo tilbake etter fire tap på fem bortekamper. Se bildene fra 2-0-seieren på Lil... http://t.co/zuNugHtAyQ
2014-10-04 13:33:37	negative	fostbye	@ErikJoo Ingenting gleder meg mer enn at Rosenborg feiler/taper/klager. Jeg er medlem i @Heiabortelaget!
2014-10-04 12:57:19	positive	tangen85	Vi har de beste supporterne i Norge:-), Rosenborg♥♥♥♥♥♥♥♥♥♥♥♥♥♥♥♥♥♥♥♥♥♥♥♥.
2014-10-04 07:11:10	positive	Karrrrro	Helland med praktmål: – Mulig å ramme inn den http://t.co/z34j2mDq6d
2014-10-03 23:53:47	positive	RBKfotball	- En meget god bortekamp: Erik Hoftun var strålende fornøyd etter borteseieren over Lillestrøm. http://t.co/zdNIWwStN7 #rosenborg
2014-10-03 23:12:24	positive	Beduac	http://t.co/dYDBaqtiZf #news «Rosenborg blir tøffe å slå» - Aftenposten http://t.co/aanumawhjz
2014-10-03 20:50:32	neutral	nyhusfrida	Trur @frkhoybraten og @noranyhus ble glad når Rosenborg scorte, så vartfall sånn ut http://t.co/sfryfAn62y
2014-10-03 20:44:31	neutral	elektronett	Lillestrøm - Rosenborg: Mål 89' (0-2) Jensen - Romerikes Blad http://t.co/7VyKI9m73u
2014-10-03 20:23:02	positive	RBKfotball	Burn! RT @Boizemannen: At #rosenborg slår #LSK er bare enda bedre når man vet at eksen var på Åråsen i gult. #deilig
2014-10-03 20:20:45	positive	Boizemannen	At #rosenborg slår #LSK er bare enda bedre når man vet at eksen var på Åråsen i gult. #deilig
2014-10-03 20:16:21	neutral	jorgenstenseth	Gutta klikka toilling i garderoben: http://t.co/Pt3wFY4f2w #rosenborg
2014-10-03 20:16:20	positive	NyhetsIeser	«Rosenborg blir tøffe å slå» – Aftenposten http://t.co/WyGrVeY2jK
2014-10-03 19:59:07	neutral	WorldNetTimes	Helland senket Lillestrøm med fantomscoring: Rosenborg har heng på sølvplassen etter… http://t.co/UVwqYJATJw #Bergen
2014-10-03 19:54:37	positive	sagplads	"for vi e rosenborg, alle andre hate oss, dæm bæstan e rosenborg, størst i skandinavia"
2014-10-03 19:43:54	neutral	newstalk_LL	Hellands trylleraid satte fyr på Rosenborg - Dagbladet.no http://t.co/Ue3h0hotXt | http://t.co/HPJzWwQ0pC #news
2014-10-03 19:37:45	positive	RBKweb	Lillestrøm - Rosenborg 0-2: RBK sikret europacup med en veldig god bortekamp. http://t.co/1Pwvh1cHwY
2014-10-03 19:30:55	positive	vgsporten	Helland med praktmål: – Mulig å ramme inn den: ÅRÅSEN (VG) (Lillestrøm - Rosenborg 0-2) Rosenborgs Pål André H... http://t.co/mobomIgtNu
2014-10-03 19:28:05	positive	RBKfotball	Deilig seier på Åråsen: Pål André Helland og Mike Jensen senket Lillestrøm. http://t.co/3FIX5p1kNf #rosenborg
2014-10-03 19:23:40	neutral	NyhetsIeser	Hellands trylleraid satte fyr på Rosenborg – Dagbladet.no http://t.co/02mmYkbe4Q
2014-10-03 19:23:01	positive	tomsrss	Helland med praktmål: – Mulig å ramme inn den: ÅRÅSEN (VG) (Lillestrøm - Rosenborg 0-2) Rosenborgs Pål André H... http://t.co/NYRiFmLezi
2014-10-03 19:09:50	neutral	news24hnor	Helland senket Lillestrøm med fantomscoring: Rosenborg har heng på sølvplassen etter en solid borteseier mot L... http://t.co/l7Mk7tvzKk
2014-10-03 19:08:31	neutral	NorwegianNews_	Helland senket Lillestrøm med fantomscoring: Rosenborg har heng på sølvplassen etter en solid borteseier mot L... http://t.co/Sr2KRp4r4z
2014-10-03 19:07:07	positive	martin_sundal	Morsomt å se Rosenborg i kveld. Solide defensivt, knallhard jobbing og tidvis bra flyt offensivt. Jensen imponerer meg igjen #RBK
2014-10-03 19:05:41	negative	EspenHaukaas	Hahaha. Rosenborg feirer som om de skulle ha vunnet noe. For en 0/10 gjeng.
2014-10-03 19:02:44	positive	HenrikBykvist	Nå er det morsomt å se Rosenborg spille fotball igjen. #rbk #2fx
2014-10-03 19:00:12	neutral	fotball_nytt	Hellands trylleraid satte fyr på Rosenborg - Les hele saken http://t.co/4kpEisfK8v
2014-10-03 18:58:02	neutral	futbol8mundial	NORUEGA: Tippeligaen final: Lilleström 0 - 2 Rosenborg
2014-10-03 18:21:13	neutral	rosenborgnews	Hjertlig velkommen opp på øvre øst mot vålerenga @ToreReg ! #rosenborg #SuperTore
2014-10-03 17:01:23	positive	TheVoold	Klar for fuglejakt å slakt! Heia heia rosenborg! #rbk
2014-10-03 16:58:43	positive	soviet_star	HEIA ROSENBORG!
2014-10-03 16:57:40	negative	KrStokdahl	Drillo i pausen: Rosenborg leder 3-0, men jeg er ikke veldig imponert over det laget presterer. #2fx
2014-10-03 16:57:31	positive	RoarThorsen	Heia Rosenborg! #komigjenntroillan #fuglaskalknuses
2014-10-03 16:57:15	neutral	VGSvea	Siden 1975 har Lillestrøm og Rosenborg spilt totalt 79 sesonger av 80 mulige i den øverste divisjonen.
2014-10-03 16:55:22	positive	VGSvea	Uten skader: Den mest naturlige landslagskapteinen Norge har, leder Rosenborg ut på Åråsen.
2014-10-03 16:54:52	neutral	rosenborgnews	Lillestrøm mot Rosenborg.  Lillestrøm mot Trondheim.  Lillestrøm mot stor trønderenergi. #Rosenborg #cmore12rbk
2014-10-03 15:33:59	positive	10theri	Skal det bli medalje, må vi slå Rosenborg i dag. La oss håpe det tenner gutta til å levere årets prestasjon. #VIERLSK
2014-10-03 15:10:43	neutral	buern70	Kjør da Fugla. Slå møkka #lsk #rosenborg http://t.co/Tilm6ANd2R
2014-10-03 15:01:32	negative	RobertUlset	Å der blei det Rosenborg snakk gitt...
2014-10-03 13:46:57	neutral	mortenstokstad	Fugla-Rosenborg på en fredagskveld. Har vel aldri skjedd før?
2014-10-03 12:11:57	neutral	RBKfotball	Mikkelsen-kanon senket Lillestrøm: Et langskudd fra Tobias Mikkelsen sørget for RBK-seier på Lerken... http://t.co/JgfFfpWzkc #rosenborg
2014-10-03 11:55:24	positive	rosenborgnews	Fotball skal spilles i helgene. klar og god tale fra @kjernencom . http://t.co/wASYB0D3hq #cmore12rbk #Rosenborg
2014-10-03 10:38:40	positive	MariusDahl91	Klassikeren Lillestrøm - Rosenborg i kveld! Bare synd den er satt opp så det ikke er mulig å komme seg dit fra Trondheim etter jobb.
2014-10-27 20:51:04	neutral	Fehnern	@lampeskjermvask @arildbs @eivlob Da var billett til Odd-Rosenborg bestilt så da er jeg klar før helga iallefall!😃
2014-10-27 20:27:25	negative	prygelknabe	Tom Nordlies kommentarer om Rosenborg-jobben i går er ganske ukollegiale. Hvorfor er det ingen som reagerer?
2014-10-27 16:53:39	neutral	RBKweb	Bryr seg ikke om Strandberg: Stefan Strandberg kan ha spilt sin siste kamp for Rosenborg. Holmar Örn Eyjolfsso... http://t.co/hKBtTZALQS
2014-10-27 16:53:39	negative	RBKweb	Seiret etter sløv start: Rosenborg skjerpet seg mot Sandnes Ulf. Se bildene fra 3-1-seieren! http://t.co/5jOfP4CYcR
2014-10-27 16:18:18	neutral	RBKfotball	Vennskapelig golfkrig: Mix og Ole i vennskapelig krangel da Rosenborgspillerne restituerte med golf... http://t.co/LYsH3MbBUk #rosenborg
2014-10-27 16:17:02	neutral	rosenborgnews	Vi har sikra oss tur og billett til borteturen mot Odd. Har du? https://t.co/vDm807rfab #Rosenborg
2014-10-27 16:16:37	neutral	RBKweb	Odd - Rosenborg på TV2: Sølvkampen i Skien blir vist på hovedkanalen. http://t.co/A9f9rVn6hz
2014-10-27 13:05:25	neutral	chelseanr8	Kor mye betalte Rosenborg for Riku Riski? @CSNwelve88
2014-10-27 12:49:44	neutral	tv2norge	- Får stå for Toms regning: Sandnes Ulf-leiren bryr seg ikke nevneverdig om Tom Nordlies RBK-flørt to serierun... http://t.co/WXK3md52tn
2014-10-27 11:45:08	neutral	RBKfotball	Sikre deg fast på laget i 2015!: Mandag startet sesongkortsalget for 2015. http://t.co/RHKCJ4ZPr0 #rosenborg
2014-10-27 11:29:57	positive	HanFyrenDer	Vær så snill å vis Brann-Sogndal på TV2, mye viktigere enn Odd-Rosenborg, mye meir å spille for! #2sporten #tv2
2014-10-27 11:26:02	neutral	RBKfotball	Ole, Tore og Pål André har gjort det. Signerer du for 2015? http://t.co/z9SpWgika7 #rosenborg
2014-10-27 10:31:50	neutral	RBKfotball	Brakka pusses opp: Kantine-rommet på Brakka skal pusses opp og vil være stengt de neste to ukene. http://t.co/k6PqDdztQI #rosenborg
2014-10-26 19:40:08	neutral	lge12	@HejdukEggen Ser at U 16 Rosenborg har herjet med Furuset/Skedsmo i helgen. 34-1 på to kamper. Du har vel en finger med i spillet? #tosifra
2014-10-26 18:54:26	neutral	RBKfotball	- Liker ikke sammenligningen: Jonas Svensson må tåle sammenligninger med en RBK-legende. http://t.co/0PRa4A6PXW #rosenborg
2014-10-26 18:54:19	positive	vegvon	Molde har definitivt blitt Rosenborg. Halleluja!
2014-10-26 18:53:17	neutral	Fotbaill	Rosenborg-Sandnes-Ulf 3-1. Jensen, Helland og Mikkelsen. 3.plass er sikret, da blir det Europa i 2015 også! Odd og Godset i siste to kamper.
2014-10-26 18:46:02	neutral	Beduac	http://t.co/dYDBaqtiZf #news Rosenborg lekte seg til Tippeliga-medalje mot Sandnes Ulf - TV 2 http://t.co/Piz97SdfzY
2014-10-26 18:33:40	neutral	SportNyt	Rosenborg sikrer sig medalje med to danskermål. http://t.co/644mu61IRP
2014-10-26 18:30:41	neutral	WorldNetTimes	Rosenborg sikrer sig medalje med to danskermål http://t.co/AtVrf2JkYt
2014-10-26 18:24:44	neutral	GSjgren	Helland: – Vi skal ha sølvet! http://t.co/2fPxlPTAX5
2014-10-26 18:08:42	neutral	NyhetsIeser	Rosenborg lekte seg til Tippeliga-medalje mot Sandnes Ulf – TV 2 http://t.co/HukOiVvfHL
2014-10-26 17:58:33	negative	anettesaether	Blitt så mot Fagermo at i håpe Rosenborg tar sølv :( kem e i?
2014-10-26 17:50:02	neutral	newstalk_LL	Rosenborg sikret medalje - Sandnes Ulf fortsatt på jumboplass… http://t.co/mmyUoc5KO3 | http://t.co/HPJzWwQ0pC #news
2014-10-26 17:42:08	neutral	Simonski5	Til alle som sier at @RBKfotball ikke lenger er et topplag: I dag sikret Rosenborg medalje for 6. sesong på rad! #2fx #ChewOnThat #Topplag
2014-10-26 17:41:50	neutral	sponsorconsult	Enda en #fotballexpert: Helland: - Vi skal ha sølvet! - Rosenborg - VG http://t.co/1qIxaYUkXy
2014-10-26 17:37:21	neutral	curraihan	Rosenborg 3 - 1 Sandnes Ulf #FotMob ja da går vi for sølv 😄 http://t.co/GfTCtyu3hw
2014-10-26 17:35:29	neutral	WorldNetTimes	Rosenborg sikret medalje - Sandnes Ulf fortsatt på jumboplassen: Søndagens 3-1… http://t.co/1yiBevyWu6 #Stavanger
2014-10-26 17:23:07	neutral	HowTo____	Rosenborg sikret medalje - Sandnes Ulf fortsatt på jumboplassen: Søndagens 3-1-seier betyr at Rosenborg minst ... http://t.co/hUOmKC2AEV
2014-10-26 17:22:54	neutral	Fotballsonen	Sandnes Ulf nærmere nedrykk etter Rosenborg-seier -  http://t.co/Nv2jCT76tD http://t.co/ZbX2IzieSt
2014-10-26 17:10:53	positive	RBKfotball	Sikret medalje med fortjent seier: Rosenborg styrte det aller meste på Lerkendal og tok sin niende ... http://t.co/UfFPQKK12g #rosenborg
2014-10-26 16:09:31	neutral	NRK_Sport	MÅL! Rosenborg - Sandnes Ulf 3-1 Skjølsvik (79.min) Krangler inn reduseringen fra kloss hold. Følg: http://t.co/qfaskBzJN4 #nrksport
2014-10-26 16:08:26	neutral	InfostradaNO	MÅL: Rosenborg BK - Sandnes Ulf 3-1, 79' Aksel Berget Skjølsvik [SAN] #Tippeligaen
2014-10-26 16:03:36	neutral	Chrisandthias	Gratulerer Rosenborg med bronse. Moro at dere fikk medalje igjen. 󾍇
2014-10-26 15:55:19	neutral	beautycrib_tv	#Soccer #Livescore ScoresPro: (NOR-TIP) Rosenborg vs Sandnes ULF: 3-0 http://t.co/nBJA35aFIh Goal for Rosenborg
2014-10-26 15:50:57	positive	elvisdimera78	3-0 Rosenborg. Deilig! @RBKfotball
2014-10-26 15:48:58	positive	sagplads	Hadde rosenborg spilt sånn fra sesongstart er jeg sikker på at de kunne gått gjennom sesongen ubeseira
2014-10-26 15:48:51	neutral	altomfotball	Rosenborg - Sandnes Ulf 3-0 (58.min): Mikkelsen punkterer kampen med sitt tredje mål i år. Malec med assist. #2fx #2sport
2014-10-26 15:30:34	positive	Tommy_Helland	God stemning på Lerkendal! 2-0 etter halvspilt kamp. Dette går veien! #2fx #RBK #rosenborg… http://t.co/ezpoQfXU4k
2014-10-26 15:26:09	neutral	Ivaraal	Koteng sier at Rosenborg ikke har brukt tiden på å lete etter navn, men finne ut hvorfor Rosenborg har bytta trener så mye.
2014-10-26 15:24:50	neutral	beautycrib_tv	#Soccer #Livescore ScoresPro: (NOR-TIP) Rosenborg vs Sandnes ULF: 2-0 http://t.co/UmADSCi5KJ Goal for Rosenborg
2014-10-26 15:17:44	negative	veslefrick	Å se #RBKvsULF med en som heier på #Rosenborg er ikke like kjekt når #RBK leder, og man heier på #SandnesUlf.
2014-10-26 15:17:30	positive	krisAlmhjell	Se der ja: Litt fart på føttene, så bli det mål tvert #Rosenborg @RBKfotball @CMoreFotball
2014-10-26 15:16:15	positive	TantumEricus	Finfin moglegheit for Sogndal. Takk, Rosenborg.
2014-10-26 15:16:06	positive	NRK_Sport	MÅL! Rosenborg - Sandnes Ulf 2-0, Helland (44.min) Avslutter et nydelig angrep alene med keeper. Følg: http://t.co/qfaskBzJN4 #nrksport
2014-10-26 15:16:01	positive	ThomasMaage	Ah, lekkert angrep av Rosenborg! Diskerud vippe ballen inn i feltet til Helland etter veggspel, som pirke ballen forbi keeper.
2014-10-26 15:15:48	neutral	egofri	Anse deg selv for ansatt, Bruttern! #Rosenborg #2fx #rbk
2014-10-26 15:15:46	positive	bakklao	Nå begynner Rosenborg å ligne litt dagens Mjøndalen,tre igjen.
2014-10-26 15:15:39	positive	arsebang	Pål Andre Helland har rett og slett blitt en veldig god fotballspiller. Involvert i alt som skjer i Rosenborg for tiden.
2014-10-26 15:15:34	positive	tmjelde	Strålende angrep av Rosenborg. 2-0! #rosenborg #sandnesulf #tippeligaen #2fx
2014-10-26 15:15:32	positive	andreo11	For en scoring av Rosenborg. Mix med en nydelig chip gjennom til Helland som setter den i mål. 2-0
2014-10-26 15:15:28	neutral	InfostradaNO	MÅL: Rosenborg BK - Sandnes Ulf 2-0, 44' Pål Andre Helland [ROS] #Tippeligaen
2014-10-26 15:15:27	positive	Rundblad91	Deilig å se på Rosenborg om dagen! 2-0 Helland. praktscoring!⚫️⚪️
2014-10-26 15:15:26	positive	SandnesUlf	Rosenborg viser hvorfor de er et topplag og spiller seg litt for enkelt gjennom. 2-0 like før pause.
2014-10-26 15:15:23	positive	vihtortakeda	Heia Heia Rosenborg Ballklub &lt;3  Goooool 2x0 http://t.co/l7WJrJuB6J
2014-10-26 15:15:20	positive	IndsetM	Et latterlig herlig angrep av Rosenborg! Helland!!
2014-10-26 15:15:11	positive	AdrianViken	Kunstmål av Rosenborg!
2014-10-26 15:08:45	negative	gsteiro	“@frodebua: Alltid like vondt å heie på Rosenborg. Men i likhet med Brann gir jeg slipp på alle prinsipper. Heia troillongan! #skbrann #rbk”
2014-10-26 15:08:00	neutral	NRK_Sport	MÅL! Rosenborg - Sandnes Ulf 1-0, Mike Jensen (35.min) Skudd fra 16 meter. Følg: http://t.co/qfaskBzJN4 #nrksport
2014-10-26 15:07:57	negative	frodebua	Alltid like vondt å heie på Rosenborg. Men i likhet med Brann gir jeg slipp på alle prinsipper. Heia troillongan! #skbrann #rbk
2014-10-26 15:06:36	positive	ThomasMaage	Helland den Rosenborg-spelaren som har vokst mest under Kåre Ingebrigtsen. Må berre bli meir effektiv foran mål.
2014-10-26 15:06:19	positive	Tjaernas	Mitt korstog mot korte cornere får et skudd for baugen når Rosenborg scorer etter et smart utført eksemplar av den arten
2014-10-26 15:06:11	neutral	SandnesUlf	Etter en brukbar 1.omgang av de lyseblå, tar Rosenborg ledelsen på ytterst kjedelig vis. 1-0 etter 35 min
2014-10-26 15:06:06	neutral	Oventa_Europe	Goooooaaal! Rosenborg Trondheim vs. Sandnes Ulf. Livescore 1-0 #norway #tippeligaen
2014-10-26 15:06:02	neutral	InfostradaNO	MÅL: Rosenborg BK - Sandnes Ulf 1-0, 35' Mike Jensen [ROS] #Tippeligaen
2014-10-26 15:05:45	neutral	2sporten	Rosenborg kan sikre bronsemedaljen. Følg Tippeliga-kampene minutt for minutt. http://t.co/rmXEEC8zSh #2fx
2014-10-26 15:05:19	neutral	Over_Bettor	Rosenborg $$$
2014-10-26 14:57:32	neutral	Fygaren	Tydelig at Rubio har sett opptak av Rosenborg-Viking i 2006. Mika Koppinen fikk lov til det der.
2014-10-26 14:57:25	neutral	HowTo____	Sigurdsson benket for Sandnes Ulf: Tom Nordlie gjør to forandringer foran oppgjøret mot Rosenborg. http://t.co/78icm7S5TT
2014-10-26 14:55:48	negative	bakklao	Å se Rosenborg etter Mjøndalen, er nedtur.
2014-10-26 14:49:42	negative	Natteramnoslo	Nokon som har TRUA på at Rosenborg taper i dag ?
2014-10-26 14:36:00	positive	czechrbkfan	http://t.co/4voRg3xrXs Kom igjen, Troillan! #rbkno
2014-10-26 14:31:26	neutral	InfostradaNO	Rosenborg BK - Sandnes Ulf har startet #Tippeligaen
2014-10-26 14:30:29	neutral	skogli	Stående applaus på Lerkendal. Jonas (21) med sin seriekamp nummer 100 for #Rosenborg.
2014-10-26 14:30:22	neutral	pixelfooty	Rosenborg BK - Sandnes Ulf (Norway - Tippeligaen) | http://t.co/I7H5RVTUSh
2014-10-26 14:29:38	neutral	NRKP1	Husk Rosenborg - Sandnes Ulf nå, direkte på #NRKSport #digitalradio. Resten av runden kommer også i #NRKP1 fra før klokka 18.
2014-10-26 14:29:33	positive	HusbyChristian	Satser på @TomNordlie ordner Rosenborg i dag. Så skal @Molde_FK ta Sogndal.. Å vips så blir det sabla spennende
2014-10-25 13:57:20	neutral	MDiskerud	Jeg har nå gått forbi Knut Børset i antall seriekamper for Rosenborg. Hva gjør Knut Børset med dét?
2014-10-25 13:22:04	positive	kevinpieter	Jonas Svensson runder 100 seriekamper for Rosenborg i morgen. 21 år og allerede legende. #RBKno #2FX
2014-10-25 13:13:14	neutral	boriwboridov549	Rosenborg BK - Sandnes Ulf Live Stream October 26, 2014 http://t.co/FFqUayGP8Y
2014-10-25 12:55:24	neutral	Gambleforprofit	Norway Eliteserien- Stromgodset PK -130 &amp; OV 3 +100 Sandnes/Rosenborg OV 3.5 -105 Sarpsborg +110 &amp; OV 3 -101
2014-10-25 12:21:11	neutral	johanlund	Stillingen ved 65 min, #2div2: Levanger 2-2 Nardo. Byåsen 3-2 Rosenborg 2. Elverum 4-0 Raufoss.
2014-10-25 12:17:03	neutral	SalMarAkademiet	Også på Dalgård ledet Byåsen 3-0 mot RBK2, en kamp som endte 3-3. Kan Rosenborg gjenta det?
2014-10-25 11:46:46	neutral	johanlund	Pauseresultater, #2div2: Levanger 1-2 Nardo. Byåsen 3-1 Rosenborg 2. Elverum 2-0 Raufoss.
2014-10-25 11:43:21	positive	SalMarAkademiet	1-3! Rosenborg 2 spiller seg flott gjennom sentralt og Skille er rolig alene med keeper. Triller inn reduseringen.
2014-10-25 11:20:40	neutral	SalMarAkademiet	Byåsen tar ledelsen med 0-1 mot Rosenborg 2 etter 18 minutter. #2div2
2014-10-25 11:20:02	neutral	EmilRingstad	Byåsen har scoret mot Rosenborg 2. Nå mangler de bare ti mål før de er foran LFK på tabellen #2div2
2014-10-25 10:24:34	neutral	RBKfotball	Jonas jubilerer mot Sandnes Ulf: Jonas Svensson spiller sin seriekamp nummer 100 for Rosenborg på søndag. http://t.co/keyrbOK002 #rosenborg
2014-10-24 18:56:31	negative	YngveBergli	Vålerenga tapte mot Odd? Da er det vel bare å vente på å høre hvorfor det var Rosenborg sin feil.
2014-10-24 18:55:18	neutral	Going_Kronos	Odd på full fart mot sølv, uavgjort mot Rosenborg vil sikre sølvet. VIF har stoppet opp, spennende å se om de kan ta et steg neste år
2014-10-24 18:54:26	negative	ThomasMaage	@PerchKnocker Er ganske fornøgd med at Fagermo ikkje blir Rosenborg-trenar, for å seie det mildt.
2014-10-24 18:52:58	positive	altomfotball	VIF - Odd 1-2. Sterk seier av skienslaget, som nå har sju poeng ned til Rosenborg på tredjeplass med en kamp mer spilt. #2fx #2sport
2014-10-24 18:48:05	positive	NygrenP	Rosenborg får en grei keeper neste år.
2014-10-24 18:29:52	negative	jorgenstenseth	Har en fin fyr som HVER dag skriver "møkka Rosenborg" i innboksen på RBKs FB-side. På sin egen side skriver han et bibelvers hver dag.
2014-10-24 18:14:06	neutral	Godfot	Noe nytt om @karlsentk til Rosenborg? En slik sjanse kan ikke glippe. #rbkno
2014-10-24 18:02:44	positive	jon_stian	Må si jeg gleder meg til Odd-Rosenborg på Skagerak neste helg nå.#ODD
2014-10-24 17:36:26	neutral	Ivaraal	@matsska Ler av det nå, Rosenborg sin tur neste helg.
2014-10-24 17:32:11	positive	Ivaraal	Det er ikke Rosenborg anno 1997 Odd minner om, men de er greit samspilte, det skal de ha.
2014-10-24 16:44:25	neutral	mortenstokstad	@TV2Mini @oddsbk @ValerengaOslo ok! Jeg setter 500 på Odd, du på Rosenborg.
2014-10-24 16:42:20	neutral	Ivaraal	Håper Kjetil Rekdal mykner opp litt for Rosenborg og Trøndelag etter i kveld, da så mange håper VIF gjør det så bra som mulig :))))))
2014-10-24 16:36:20	positive	Hernholm	Tøft at Rekdal tør å starte med Näsberg i dag. Tok ut Helland mot Rosenborg. #vif101 #2fx
2014-10-24 16:24:30	neutral	mortenstokstad	@TV2Mini @oddsbk @ValerengaOslo så du tror Rosenborg slår Odd borte i neste runde?
2014-10-24 16:18:43	neutral	RBKfotball	Sandnes Ulf-kampen kun på betal-tv: For første gang spilles det kamp på Lerkendal med avspark klokk... http://t.co/9l0m9qqF1a #rosenborg
2014-10-24 16:10:27	positive	rimmereid	Mistenker at Rosenborg er oppdatert i promille til fm15. Lund Hansen desidert beste norske keeper, kunne lett spilt i PL.
2014-10-24 15:06:30	neutral	Schattenmacht	Er i Bremen. Ein fyr med Rosenborg-jakke jogga nettopp forbi meg. Hæ?!
2014-10-24 14:44:32	negative	kaspereinvik	Føler meg helt... blæ!! Rakk ikke å kjøpe billetter til Rosenborg kampen!!
2014-10-24 13:59:01	neutral	SandnesUlf	Sigurdsson gleder seg til å gå ned i kjelleren igjen mot Rosenborg på søndag. http://t.co/erj14mAXS9
2014-10-24 12:54:45	neutral	RBKfotball	Er du Tippeligaens beste fan?: Bli Norges beste 12.mann og vinn billetter til hjemmekamp med Barcel... http://t.co/5y0g14gPS6 #rosenborg
2014-10-24 12:50:54	negative	MariusDahl91	Sykt urinert av Trøndelag med J19-finale 14.00 og Rosenborg-kamp 15.30. Kannibalisme på høyt nivå.
2014-10-24 12:21:13	neutral	WorldNetTimes	Tom Nordlie tror på seier over Rosenborg: Selv om Rosenborg er i meget god form… http://t.co/V4DaxQMmmx #Stavanger
2014-10-23 20:02:23	neutral	MariusDahl91	Oi. Rosenborg spiller klokka 15.30 på søndag. Greit å merke seg. Sjekket tilfeldigvis noe annet nå. Trodde det var 18 som vanlig.
2014-10-23 19:01:49	neutral	rosenborgnews	Rosenborg jakter rekord! Kan vinne sin ellevte seier for året på Lerkendal!Dette har vi ikke klart siden ligaen ble til 16 lag! Søndag 15.30
2014-10-23 18:29:31	neutral	RBKweb	Rosenborg har gitt opp Strandberg: Stefan Strandberg hevder sjøl at han fortsatt vurderer å forlenge kontrakte... http://t.co/CeQ0a08H3b
2014-10-23 17:42:07	positive	Ivaraal	.@SanderPipita Hoftun er trener, Rosenborg starter uten sportslig leder. Må se om jeg finner TKK. Sæter er god forresten.
2014-10-23 17:24:07	positive	Ivaraal	Football Manager 15 er startet. Rosenborg er laget. Besart Berisha er første spiller som blir bydd på. #legende
2014-10-23 17:07:34	negative	Haavardlovaas	Drillo sa det var spesielt at Rosenborg sto igjen med 2 spillere på midten når VIF hadde corner på 3-2! Ikke rart du tapte kamper Drillo!
2014-10-23 15:41:47	neutral	OleAasheim	Jeg skal på FM15 klare det jeg aldri klarte på de andre spillene - ta rekorden til Rosenborg og bli Norges Sir Alex Ferguson.
2014-10-23 13:28:27	neutral	RBKfotball	Familiedag på Lerkendal: Kampen mot Sandnes Ulf sparkes i gang 15.30 på søndag, og Rosenborg invite... http://t.co/a7GrQRnhXe #rosenborg
2014-10-23 13:24:57	positive	JaCubwalk	Å Rosenborg, Å Rosenborg! E Tronheims fotballag!  Å Rosenborg, Å Rosenborg! Tar seiern hjæm i dag!
2014-10-23 12:51:56	neutral	RBKfotball	Uavklart for Thioune: Ousseynou Thioune avslutter treningsoppholdet med Rosenborg torsdag. http://t.co/NR9RozW52s #rosenborg
2014-10-23 06:31:31	neutral	HaraSig	SalMar en viktig partner til G16 lagets NM-gull http://t.co/IGYMug2UCU #Rosenborg 28. kommer vi med vårt interne Lærlingestipend til Val Vgs
2014-10-23 05:49:16	neutral	RBKweb	Thioune avslutter prøvespillet: Ousseynou Thioune er torsdag med på sin siste Rosenborg-trening - i hvert fall... http://t.co/8j7EVBarYL
2014-10-22 20:14:29	neutral	stenrud16	Savner tidene når Rosenborg var i Champions League. Det var tider det. Håper vi får det til igjen.
2014-10-22 20:07:18	neutral	OBHusmo	@SuperSvendsen det har for så vidt Liverpool også gjort......Ulf-Sandnes, Hønefoss og Sandnessjøen har vel slått Rosenborg.
2014-10-22 20:04:41	neutral	jorn_brekke	Fun fact: Da jeg var liten likte jeg å synge RBK-sanger, men jeg bytta ut "Rosenborg" med "rosenkål" og syntes det var hysterisk festlig
2014-10-22 20:04:26	positive	Broshaug	@SuperSvendsen og FK Haugesund har slått Rosenborg:)
2014-10-22 20:03:12	neutral	SuperSvendsen	Vil bare minne om at Rosenborg har slått Real Madrid...
2014-10-22 19:55:28	neutral	Mjeldarini	@JorgenKnutsen Rosenborg var ikke interesserte. Kanskje vi får signert han før han prøvespiller for Viking. Hvis han overbeviser da :)
2014-10-22 19:29:41	neutral	HeinzAndreasMai	Rosenborg rundspilte Real Madrid og vant 2-0 på hjemmebane. Liverpool ligger under 3-0 etter 40 min på Anfield
2014-10-22 18:54:28	neutral	MariusDahl91	@aTautra Jada. Rosenborg har nobelpris, men Molde er mer suksessfull fordi de hadde mindre fravær på 1.året VGS.
2014-10-22 18:52:11	negative	MariusDahl91	@aTautra Rosenborg er et bortskjemt enebarn og definitivt ikke i slekt med dere. Stygge ungen til fars elskerinne, ikke noe mer! #suttpåden
2014-10-22 18:32:13	neutral	RBKweb	Blitt offisielt stedsnavn: Trondheim kommune har nå godkjent søknaden fra Rosenborg om å hedre Nils Arne Eggen... http://t.co/MDK9WhEsMg
2014-10-22 14:20:22	positive	OleAasheim	Atlético Madrid - Malmö i kveld. Blir litt som da vi slo Rosenborg og Strømsgodset. Tøft, men akkurat.
2014-10-22 13:30:36	neutral	vee_93	Seier i manager debuten min idag. Høgskulen i Molde 3 - 1 Folkehøgskulen. Søker større oppgåver! #Brann #Rosenborg
2014-10-21 18:01:26	neutral	RBKweb	- Et heldig mål: Han har bare startet tre kamper for Rosenborg, men står allerede bokført med fire nettkjennin... http://t.co/34iRjx2DWi
2014-10-21 17:55:18	neutral	CSKFotball	J14 spiller KM på 11'ern. G13/14/15 får instruksjoner fra Hugo Pereira (Rosenborg) som holder trenerseminar på 7'ern. http://t.co/yHgG1ID2Ls
2014-10-21 14:12:31	neutral	VGSvea	Hvor har Rosenborg gjort av disse overtrekksdraktene, @olabyrise (foran til venstre)? http://t.co/Zn9Ii5kjLQ
2014-10-21 12:05:41	positive	rosenborgnews	Storfint besøk på RBK-trening i dag. Selveste Gordon Ramsey. #rosenborg http://t.co/UTM9h5V14K
2014-10-21 07:40:20	neutral	stefangrahn	View from the Deltek Trondheim office #Rosenborg #Lerkendal #RBK #RegionMidt @ Deltek Norge - Trondheim http://t.co/7nM1NJX9hv
2014-10-20 23:41:25	negative	aTautra	Topp 3 teite ting: 1. Folk som tror at døra på trikken åpnes automatisk 2. Folk som stopper rett etter at de har gått ut en dør 3. Rosenborg
2014-10-20 21:46:33	neutral	Cattafaan	Gjennom seier og tap, glede og sorg ❤️ laget e #Rosenborg
2014-10-20 19:13:06	neutral	jonasduvsethe	#LevangerFK U19 opp i 5-1 over Rosenborg .. verdige vinnere av serien?
2014-10-20 18:56:14	neutral	tangen85	Bare sett 1 Rosenborg kamp live i år da,er så pinlig særlig når jeg er medlem i Kjernen da,hater det veldig det... http://t.co/09u6fcSPwM
2014-10-20 18:54:08	neutral	jonasduvsethe	#LevangerFK U19 gruser Rosenborg på Lerkendal Kunstgress og ser ut til å ta heim trofeet i 1.div Høst #2fx
2014-10-20 17:52:47	positive	HeinzAndreasMai	Lurer på va som skjer med Midtjsø etter sesongen. I mine øyne så er han mer en god nok for en plass i start 11èren til Rosenborg
2014-10-20 17:32:05	positive	RBKweb	Varierende mot Vålerenga: Rosenborg var tidvis veldig uryddige, men vant fortjent. Se bildene fra 3-2-snuoperasjonen! http://t.co/krjhLFSZx1
2014-10-20 14:38:05	neutral	rengtved41	Søndag vandt Rosenborg 3-2, men odds 14 da de var nede 0-2 var et flot odds. Mandag til onsdag er der 3 spil klar.
2014-10-20 13:46:08	neutral	RBKfotball	Magisk kveld på Lerkendal: Se bildene fra Rosenborgs seier over Vålerenga. http://t.co/VRTJgoTaYU #rosenborg
2014-10-20 13:41:54	positive	AndersEggen	Flink fotograf da "@NorskeFanBilder NorskeFanBilder: Rosenborg - Vålerenga. #rbk http://t.co/Su9WNssyvA"
2014-10-20 12:45:21	neutral	_fredrikbakke_	Blir vel ingen reaksjoner i etterkant uansett. NFF har det ikke akkurat med å straffe Rosenborg..@TV2Davy @2sporten
2014-10-20 12:13:36	neutral	Nicopoleides	@MariusDahl91 At ingen av kampene hadde noe med RBK å gjøre bygger oppunder min påstad. Rosenborg tok for få poeng. End of.
2014-10-20 12:12:22	neutral	MariusDahl91	@Nicopoleides Ingen av de kampene hadde noe med Rosenborg å gjøre. Men hadde RBK vært VIF i 2005. Hadde aldri hørt slutten på den visa.
2014-10-20 12:05:01	positive	anitairenLFC	Disse studentene hadde litt av en opplevelse i går. Tusen takk, Rosenborg!! http://t.co/3W5Mtqk0GV
2014-10-20 11:47:02	positive	CathrineRK	@Tjaernas Herlig opphenting! Morro å se Rosenborg om dagen! Spillerglede, produserer sjanser på løpende bånd og jobbet for hverandre! Herlig
2014-10-20 10:29:36	neutral	Kraaakenes	@MariusDahl91 Ryktes et bytte mellom Nardo, ja. Rosenborg synes det er bedre at Daniel er i Nardo i og med at han også er trener der.
