1,Beste alde batetik hainbat herrietara joateko Kokapen ona du .
0,Komunean kiratsa zegoen .
1,Oso ongi egon ginen .
1,Hiribarnea 15 minututara oinez .
1,"Erraztasun guztiak eman zizkiguten : dokumentu bat inprimatu , 12 : 00etatik aurrera igerilekua erabiltzen utzi ."
1,"Lekua benetan zoragarria da , etxea oso polita eta gustu askorekin egina dago ."
1,Mila esker denagaitik .
1,"Hotela oso goxoa , polita eta oso garbia da ."
0,Spa-ingurua nahiko txikia da .
0,Kotxez heltzeko sarrera zaila .
1,"Kokapena , Rambla del Ravalen alboan eta gertu , oinez joateko , Bartzelonako leku ezagunenetik ."
1,Ez dugu inoiz ahaztuko !
1,Benetan toki atsegina eta atentzioa ezin hobea .
1,"Bertako neska , Juliettek asko zaintzen ditu detaileak eta oso jatorra da , edozein galderari erantzuteko beti prest ."
1,Ongi kokatua .
1,"Oso tratu ona , tratu familiarra ta gertukoa ."
1,"Hotela erdialdetik oso hurbil dago baina , aldi berea , oso lasaia da ."
1,Logela eta komuna handiak .
0,"Ematen du atzerritarrak ez zaizkiola gustatzen , oso aproposa ez hoten batean lan egiteko ."
1,Lekua ondo dago : garbi eta txukun .
0,Gu egon garen egun gehienetan goizez lanean egon den emakumearen jarrera benetan zakarra izan da .
1,Zalantzarik gabe gomendagarria !
1,"Bilboko hotel zoragarri honetan asteburu berezi bat pasatzea pentsatu genuen , eta egia esateko hotelak bere maila eman zuen ."
1,"Ubikazio desberdin bat , toki berriak esploratzeko ."
1,Gosaria eta afaria oso goxoak .
0,"Gauzak falta dira , gauzak apurtuta daude eta 3 egunetan ez digute logela garbitu ."
1,Landetxe politta da .
1,Zalantzarik gabe itzultzeko modukoa .
1,Zure etxean pasatutako 7 egunak ahaztu ezinak izan dira guretzako .
1,"Hotela oso ondo dago , leku paregabean edzein lekutara oinez joateko moduan ."
1,Logela ondo egokitua .
0,Apartamentuetara igotzeko eskailera egia esan ez erosoena .
1,Gelak primeran dekoratuta daude eta bainugela denak bere dutxa dute .
1,Behean dagoen jatetxean ondo jaten da .
1,Inguru lasaia .
1,"Soniak ( etxeko andreak ) oso ondo azaldu zigun ze tokik ikustera jun behar genun turista guztiekin batera Portofinora jun ordez , eta egia esateko munduko arrazoi guztia izan zun ."
1,Tren geltokitik gertu zegoen eta baita metro geltokitik ere .
1,Jabeak oso-oso atseginak .
1,Hurren arte !!!
1,"Apartamendu pollita da , garbia , eta baziren gauza guziak bakantza onak pasatzeko ."
1,Umeak ere oso gustora egon ziren .
1,"Parajea zoragarria da , gela bikaina eta Irunek eman zigun tratua paregabea ."
1,"Alla corte rossa , oso gomendagarria eta kokapen ezinobeko hotel familiarra ."
1,Aho batez gomendatzen dugu alokairu hau .
1,Gau bat egiteko leku aproposa
1,Jatetxeko langileen jarrera oso atsegina .
1,"Aukera badezute , jun !!!"
1,Guk sei gau eman genduzan gustora eta gomendatzen dogu .
1,"Holandara itzuliez gero , zalantzarik gabe bertan hartuko dugu aterpe berriro ."
1,Amaitzeko esan behar dugu oso eroso sentitu ginela eta bertako jendea oso atsegina izan zela .
1,Sukaldea izatea oso interesgarria .
1,Haurrekin joateko oso toki egokia iruditzen zait .
1,"Hortik itzultzekotan , ezbairik gabe , zuen etxean geratuko gara ."
1,"Kokapen ezin hobean dago : erdi-erdian , baina kale lasai batean ."
1,Etxea oso zabala eta polita .
1,Mendi txangoa egiterakoan Polok bikain gomendatu zigun .
1,"Eraikina eta jabea , Carmen , ikaragarriak dira ."
1,Moniquek oso harrera atsegina egin zigun .
1,"Etxeko jabeak Oso jatorrak dira , beti prest zuri laguntzeko ."
1,Apartamentua oso polita da .
0,Aukera gutxi .
1,Logela hau iragarkian agertzen dena baino askoz be hobegoa da .
1,Beharrezko guztia zuen .
1,Azaroko zubian egon gara 7 nagusi eta 7 haur eta egun zoragarriak pasatu ditugu .
1,Autoz joanez gero berriz nahiko toki dago aparkatzeko .
1,Inguru honetan asteburu pasa bazoaz pena merezi duen hotela da
1,Hotelaren kokapena primerakoa da era jabeek ahalegin handiak egiten dituzte etxean bezala sentí arazteko .
0,Ez da lau izarretako hotel bat .
0,Wifiarekin arazoak izan genituen .
0,Dutxa tamainuz eskaxa .
1,Bestela metroa hartzeko hiru aukera ditu gertu .
1,"Bertako nagusiak , Alexis-ek , euskaraz badaki eta famili osoa oso atsegina da ."
0,Ohe azpian ez begiratu mesedez !
0,Leihoko pertsiana hautsita zegoen .
1,Orokorrean oso aterpe gomendagarria !
0,70 € /logelako ordainduta kalitate gehiago izan beharko luke .
1,"Den-dena oso hurbil dauka : botika , oinezko kaleak betiko dendaz beteta , supermerkatua , tabernak , jatetxeak , &amp; quot ; El muelle &amp; quot ; izeneko merkatalgunea , aeroportura edon irlako beste puntu batzuetara joateko autobus geltokia , alde zaharrera joateko autobus geralekua , igandeetako merkatu txikia edo rastroa , kruzeroak ailegatzen diren kaia , &amp; quot ; Las canteras &amp; quot ; izeneko hondartza eta bere pasealekua ..."
1,"Hotel txukuna da , nahiko berria ."
1,"Kokapenari buruz , aipatu behar da toki pribilejiatuan dagoela Burdeoseko erdigune osoa oinez ezagutu ahal izateko , eta hori abantaila handia da ."
1,Jabeak ere maitagarriak dir .
1,Asteburu bat lasai lasai pasatzeko leku mundiala iruditu zaigu .
1,"Nagusia oso jatorra , herria eta ingurua zoragarria ."
1,Sorte on eta beste bat harte .
1,"Guztiz gomendagarria , heldu ta haurrentzat ."
1,Mila esker bihotzez eta beste baten ikusiko gara !!!!
1,Zegoena kalitatezkoa zen behintzat .
1,Inguruan nahi beste jatetxe daude .
0,1. pisuan ez zebilen airea .
1,Pisu ederra Avignon bihotzean .
1,"Leku galanta , jende galanta Oso guztora egon gara leku ederra lasai egoteko eta Etxeko emakumea oso jatorra ."
1,Gure komun pribatua oso garbi zegoen eta egunero aldatzen zuten toallak .
1,"Zorionak biori , duzuen altxorra ( etxea ) hain eder mantentzeagaitik ."
1,"Bertako andrea , Clara , oso atsegina da eta informazio pilo bat eman zigun ."
1,Ondo kokatua Baiona erdi erdian .
1,Web orrian datorren iragarkian garajea eskaintzen da etxebizitzaren prezio barnean .
1,Tren geltokitik gertu dago .
1,"Etxe osoa ere alokatzen dute , eta zoragarri antolatua dago koadrila osoak , ume eta guzti etxeaz disfrutatzeko ."
1,"Komuna ondo , toailak daude , baita gela eta abar ere ."
1,Dena oso goxoa zegoen .
1,"Bestalde , igogailua dauka , eta beste etxe batzuetan ez bezala , telebista badabil ."
1,6 pertsona bildu ginen 3 egunez lan egiteko eta ezin gustorago egon ginen !!
1,Gosaria aparta zen bai jatekoa eta gainera detaile guztiekin jarria .
1,"Mila esker Alicia , Luismi , Noe eta Adari"
1,Igerilekua bikaina .
1,Beraz hiriko edozein lekuetara oinez irusteko guziz aproposa .
1,"Amsterdamera itzuliez gero , ez dugu zalantzarik , berriro saiatuko ginatekeela bertan ostatu hartzen ."
1,Eskerrik asko atzoko bizipenarengatik !
1,Oso anfitrioi ona da Tim .
0,Heltzerakoan parkingaren gaia ez dago argi .
1,Wifia gune orokorretan ondo zebilen .
1,Sekula ez gera horrelako nekazal turismoko etxe politean egon .
1,"Gomendatu egiten dizuet Pagorri , eta espero dut laster aukera izatea egin ditudan lagun berrien etxeak ezagutzeko ere : Uxarte , Txopebenta , Bisalde ... Haien berri emango dizuet joan bezain laster ."
1,"Aliefkari buruz aipatu behar da , hasieratik konfidantza transmititzen duen pertsona dela , hurbilekoa , oso esku zabala , benetan jatorra eta alaia , eta pozgarria bide honetatik bera ezagutu izana ."
0,Iruzkinak euskaraz egiteko aukera ez izatea .
1,"Dena gustatu zaigu * Apartamentu garbi , berri eta altzariz ondo ornitua , kokapen ezin hobea , zentroan eta tabernatatik gertu. * Lotarako soinurik ez. * Sukaldea ondo ornituta * Kotxea uzteko lekua sobran eta dohain apartamentutik 5-10 minutura dauden aparkaleku publikoetan * Hondartza 5 minutura"
1,Kafea doan .
1,Bi edo hiru lagunentzako logela merkea .
1,Gustura egon ginen .
1,Hotela zoragarria da .
1,Bukatzean oso gune polita geratuko da .
1,Asteburu zoragarria Zelaikoetxen pasa duguna !
1,Ostatua orohar oso gomendagarria .
1,Itzultzeko prest egon gara guztiok .
1,Hiria ezagutzeko gertutasuna .
1,Gosaria aparta .
0,Tranbiaren zarata gau osoan .
0,Kalera ematen duten geletan trafikoaren zarata entzuten da goizetan .
1,I : ikusgarria .
1,"Oso ongi pasa genuen , Txaro eta Tomas oso ongi portatu ziren gurekin , gosariak oso gozoan zenden eta oso instalazio onak zituen etxea ."
1,"Asteburu ezin hobea pasa dogu Jennifer-en etxien , hondartzatik oso gertu dago , udarako leku primerakoa Somon egoteko ."
1,Kalitate/prezio erlazio ona du
1,Dena den hoteletik gertuago beste bi geltoki daude .
0,Booking orrialdean gosaria sartuta zegoela baina ez da egia .
0,Autoa ezinbestekoa da hara heltzeko 800 metroko pista bat hartu behar da eta .
1,Logela nahiko garbia zegoen .
1,"Beraiek , Alicia , Luismi , Noe eta Ada oso jatorrak , lekua oso polita eta giroa ezinhobea ."
0,Ez dut errepikatuko .
1,413 logelak lorategira ematen du .
1,"Apartamentua atikoa da eta terrazatxo bat dauka , bertatik Erromako bista politak daude"
1,"Asmatu genuelakoan gaude , lo egiteko behar den guztia dauka ( logela handia , ohe erosoa ) , toki egokian kokatzen da eta langileak oso atseginak dira ."
1,"Dana ondo , alde txarrik ez ."
0,"WiFia ez zebilen bat ere ondo hala ere , kontuan izanik oporrak egunerokotasunetik deskonektatzeko direla ......"
1,Arabar lautada edo inguruko mendiak ezagutu nahi dituztenentzat ostatu aukeratzerakoan kontutan izateko moduko etxea .
1,Aterpe polita eta oso garbia .
1,Oinez joan zaitezke gune gehienetara .
1,Guk errepikatu dugu .
1,"Den den , batez ere afaria eta bertokoen trato hurbila"
1,"Gela bakoitzak bere komuna du , hau ezinhobea da !!"
1,"Asko gustatu zaigu apartamentua , oso eroso eta modernoa da ."
1,Txukuna eta atsegina .
1,"Lekua zoragarria , etxea polita , ohea oso erosoa ."
1,Kokapena ezin hobea ; zentroan eta edozein lekutara joateko komunikazio onarekin .
1,Gomendatzen dut
0,Beheko jatetxean aurrekaldean egokitze lanetan ari ziren eta horrek ingurua zatartzen zuen .
0,Komuna txikia eta estua .
0,Sarrera ordua aurreratu beharko litzateke .
1,"Eguraldi txarra izan dugu , baina sutondoan oso ongi igaro dugu asteburua ."
1,Eskerrik asko guztiagatik !!!
1,Dekorazioa zainduta eta oso atsegina .
1,"Oso eroso , bikain ."
1,Jatetxea oso atsegina .
1,Sandrine nahiz eta Normandiakoa izan euskaraz primeran mintzo da !!!!
1,Guztia bikaina izan zen benetan .
0,Saiatuarren langileek ez zuten konponbiderik kausitu .
1,"Etxeko nagusiez zer esan ... harrera bikaina izan da , hurbileko tratua , detailera zaindutakoa eta euskaraz gainera , nire kasuan asko eskertzen dudana ."
1,Oso ongi
1,Logela on eta baiñu ederrarekin .
1,Kokapena ona da .
1,Bestela dena primeran !
1,"Aukera ugari eskaintzen dituzte lauan paseatzeko eta mendira joateko , tartean Toloñora ."
1,"Udazkeneko asteburu batean , eguraldi txarra egin duen arren , oso gustora egon gara. kanpoan zehar oinez ibiltzeko eta arnasa hartzeko toki ederra da , eta bueltan etxea beheko suarekin epelduta aurkitzea sentsazio ezin hobea ."
0,Garaiz joan behar da .
1,Mila Eskar !!
1,Gure egonaldia Oscarren pisuan oso esperientzia ona eta polita izan da .
0,Jan aukera gutxi eta kalitate exkaxekoa .
1,Kokapena primeran .
1,"Gosaria self-service modukoa da , nahiko dezentea ( fruta , enbutidoak , gazta desberdinak , arrautsak , zukuak jogurta , zerealak , ogi desberdinak ... )"
1,Langileak oso oso jatorrak izan dira
1,"Gela handiak , komunak ere bai ."
1,"Gisela , etxeko nagusia , oso atsegina da ."
0,Ezin da txartelagaz ordaindu Gosaria
1,Logroñotik 5-10 minututara dago eta autobusa etxe aurrean hartzen da ( gaueko zerbitzua dago ) .
1,Hondartzara oinez joateko edrto kokatua eta baita autobusa hartzeko ere .
1,"Bizi izandako esperientzia , esperotakoa baino askoz hobea izan zen , egia esan , ia etxean baino hobeto hartu bait ninduten ."
1,Dena berri berria .
1,"Kuadrillarekin asteburu ederra pasa dugu baserri honetan , oso leku polita , baserria primeran dago eta Ainara maju majua da ."
0,"Pertsonak ere ez du gehiegi laguntzen , ez dakit inglesagatik edo bestela baina ..."
1,Bragatik ere gertu dago .
1,"Hark emandako aholkuak jarraitu ditugu eta oso ongi joan zaigu.Eta gainera , Mendukiloko kobazuloak ikusteko laguntza eman zigun ."
0,Plaza peatonala denez ezin da bertan aparkatu nahiz karga/deskarga aukera badagoen eta autoa minutu batera aparkatzen den .
1,kokapena oso atsegina baldin eta naturan murgilduta egon nahi duzun .
0,"Okerrena , lo egiteko txarra izanez gero , errepideko autoek sortzen duten zarata ."
1,Herritik gertu dago .
0,Eman ziguten lehenengo gelan aire girotua ez zebilen .
1,Dena oso garbi .
0,Lehenbiziko gaua aire girotuak tarteka zarata egin zuen .
0,Garbigailurik ez zegoela eta egonaldi luze baterako beharrezkoa da .
1,Larunbat arratsaldea izanik ez genuen ordaindu behar izan .
1,Ongi-etorri atsegin eta goxoa .
1,"Apartamentua ondo ekipatuta dago , batez ere sukaldea ."
1,"Hotel garbia , ondo kokatuta , wifi konexio ona eta kalitate-prezio erlazio egokia ."
1,"Baina gertu baziren beste ondartzak , erosoak eta egokiak ."
1,"Logela eta komuna ederki daude , ohe ona eta gosaria ona da ."
0,Portaletik etxera iristeko igogailurik ez .
1,Oso garbia eta txukuna .
0,Harreran zeuden langileen arreta ez zen onena izan .
1,Pisua xarma handiko plaza batean dago .
1,MUNDIALA !!!!!
1,Ez dugu ezer negatiborik esateko .
1,"Hoteleko jabeaz bai esan , espero baino beranduago heldu ginen arren , bere aldetik oso jarrera ona egon zela ."
1,Etxea oso ondo zaharberritua dago .
1,Umeentzako parke tematiko delako bat baino askoz ere interesgarriagoa .
1,"Bertara iritsi eta Sanson eta Piratak egin ziguten ongi-etorria , eta geroztik dena zoragarria izan zen ."
1,Dutxak be oso onak eta zerbitzue oso ona .
1,"Dudarik gabe , errepikatzeko moduko lekua !"
1,Kokapena ezin hobea da .
1,"Esperientzia polita izan da , eta egon ziur noizbait bueltatuko garela ."
1,"Pistina ere badauka , guk eguraldia dela eta ezin izan genuen erabili , baina itxura oso ona du !!"
1,Izugarri ondo pasa deu asteburua lurdeian .
1,"Eskerrik asko danagatik , Aliefka !"
1,Egon zihur itzuliko garela .
1,Noiz bueltatuko garen zain agurtzen da bizkai-arabatar bikotea .
1,"Gauza bat azpimarratuko genuke : baserri osoa ( alegia , bi etxeak eta igerilekua ) zuhaitzez-eta inguratuta daude , eta bero egin arren primeran egoten da ."
0,"Espazio oso txikiak , distribuzio bitxiak eta benetako sukalde baten faltak deserosoa bilakatzen du egonaldia ."
1,"Eskerrik asko denagatik , eta gora Euzkadi ."
0,Eta wifi konexioa askotan motel ala katibatuta zegoen .
0,"Laugarren izarra ez du merezi , izan ere , hiru izarreko hotel normaltxu baten logelak ditu ."
1,Benetan ez ginela damutu .
0,Logelak barneko patio batera ematen zuen eta oso iluna zen .
1,"Etxeari dagokionez , oso atsegina da , leku askokoa , erosoa , garbia eta erabat jantzia ."
1,Ondo kokatuta .
1,"Etxe ondoan dagoen txokoan egon ginen denbora gehiena , oso ondo ekipatuta baitzegoen sukaldea eta han lasai egoteko leku aproposena delako ."
1,Leku bikaina !
1,Dena oso ondo .
1,"Gainera etxean egindako ardoa froga dezakezue , guri asko gustatu zaigu ."
1,"Etxea argazkietak ikusten dan bezalako da , oso erosoa eta atzegina Atenas-en egun batzuk pasatzeko ."
1,Oso argitsua .
1,"Portofinora jun nahi genun , baina ez genun beste ezer aurkitzen inguruan eta horregatik bukatu genuen hor , eta izugarrizko zortea izan zen ."
0,Igogailurik ez du .
0,Batzuetan argiak salto egiten zuen .
1,Zoria haiek aurkitzea .
1,Mendia egitea bada zeure helburua bertako jaunak aholku baliagarriak emango dizkizu .
1,Nagusiak oso jatorrak eta ingurua ederra .
1,"Hotelak lasai egoteko guneak ditu , barruan taberna , kanpoan terraza ."
1,"Konfidantza osoa adierazten dute , eta egon garen denbora , gustora ."
1,"Erosoa , ondo kokatuta eta ekipatuta dagoen duplexa ."
1,"Langileen arreta ere , aparta ."
1,"Kaixo Arantxa ! beandu baiño seguru , zein ondo pasa genuen txopebentan izan giñen 3 egunetan , nahiz eta eguraldiak asko ez lagundu oso ondo moldatu giñek inguruak ezagutzeko , noski Arantxaren gomendioak jarraituz ."
1,"Anaren pisuan asteburua igaro ostean , oso pozik gelditu gara ."
1,Gosaltzeko eremua atsegina da eta egunkariak irakurriz eguna primeran has dezakezu .
1,Duela hilabete batzu izan ginen eta egia esan oso ondo egon ginen Ozekan .
1,Behar genuen guztia eskaini zigun .
1,Primerako tratua eta ingurunea ikusgarria .
1,DENA !
1,"Beharrezkoa den guztia dauka , itotasunik eragin gabe ."
1,Ingurunea ere oso polita da eta posibilitae asko dauka egunero txangoak egiteko .
0,"Inguruan ez dago gauza asko , ia ezer ."
0,"Aire egokitua altuegi dute hotel osoan , kriston hotza egiten du ."
1,Harrerako langileak ematen dizu hurbiltzeko informazioa .
1,Harrerako neska benetan sinpatikoa eta prest edozer laguntza emateko ; esaterako gosaria jarritako orduan baino goizago emateko .
0,Gosaria oso garestia da .
1,Kokapena oso ona da eta langileak oso atseginak .
1,Etxeko jabeak ere jatorrak .
1,Piszina eta jardina oso ongi eta lekua paregabea paseatu eta egun batzutan deskonektatzeko .
0,"Pertsianarik edo kortinarik ez duenez , ezinezkoa da etxea fresko mantentzea udan ."
0,Hozkailu txikia logelan izatea ongi legoke .
1,Hondartza aurre-aurrean dauka .
1,Orain urte batzuk leku berean egon ginen arren errepikatzea erabaki genuen .
1,Biziki gomendateko moduko ekosistema bat da .
1,"Sukaldea alboan , ume txikiarentzako sukaldatzeko arazo gabe ."
1,"Harrera ezin hobea izan genuen , oso ongi atendittuak izan giñen eta eskertzekoa da ."
1,"Kokapena da duen hoberena , erdigunean , jateko eskaintza handia inguruan , autobus geltokia ere bertan dago , irteerak eta egiteko mundiala ."
1,Astebete pasatu dugu pisu honetan eta oso gustora egon gara .
1,Gure hiru alabekin joan gara eta bost pertsonentzat pisua oso ondo dago .
1,Iragarkiaren azalpenak ongi adierazten du etxea nola dagoen .
1,"Apartamentua oso ondo kokatuta dago , kostatik gertu ; eta inguruko herriak oso politak dira ."
1,Antonio oso abegitsua eta lagunkoia izan da gurekin .
1,Benetan etxe ederra !
1,"Marsella eta ingurua ezagutzeko leku seguru eta lasaiaren bila genbiltzan eta leku hau topatu genuen , gure asmoekin bat egiten zuena ."
1,"Animatu zaitezte , merezi du !"
1,Logela ongi .
1,"Egoitza benetan atsegina , etxean bezala sentiarazten zaituena ."
1,MILESKER guztiagatik Josu eta Bego !
0,Etxea aurkitzea asko kostatu zitzaigun .
0,Logelak nahiko zikin .
1,Izugarrizko sorpresa hartu genuen bertaratu ginenean .
1,Ondo kokatuta alde zaharretik hur .
0,"2. pisuan airea bai , Siberia pisua deitu genion , baina wifia oso ahul ."
1,"leku onean dago , tren geltokitik gertu ."
1,Etxea berezia oso .
1,Merkea da eta ondo komunikatua ( 50. tranbiaren geltokia aurrez aurre du ) .
1,Logela erraldoia eta zabala da .
1,"Etxe bikaina , oso polita , gustoarekin berritua ."
1,Ia guztiarengatik : Oso harrera ona .
0,Gosarian gauza gutxi eta kalitate ertainekoak .
1,"Ederki ibili gara eta Eugenia bera oso atsegina da , abegitsua ."
0,"Zerbait aipatzeagatik eta lagundu nahian , gosariak oso oinarrizkoak izan dira ."
0,"Izan ere , frantsesez bakarrik daki ."
1,Zelako astea zuen etxean pasatutakoa !
1,Bertako emakumea ere oso jatorra zen !!
1,Bertako langileak oso jatorrak ziren .
1,"Komuna ere ederra , hidromasaje eta guzti ."
1,"Garbia , polita ."
1,Oso jatorra .
1,"Gozaria goraipatzekoa da , etxean prestaturiko ogia eta mermeladekin ."
1,Inguruan zerbitzu guztiak eskura dituzu .
1,"Hain talde handia izanda , etxeko jabeak ohe gehiago jarri zizkigun eta dena zegoen primeran ."
1,Bisitari guztiontzako gozari bikaina prestatzen dute mahai amankomun batean .
1,"Etxean oso gustora egon ginen , pertsona talde handi batentzako oso aproposa ."
0,"Hasieran kosta zitzaigun topatzea , gaua zen , euria ari zun , ta Broncova 18ra iristerakoan ez zegoen inongo txartelil ."
1,"Hau bai da benetako nekazal turismoa , eta gainera ondo jan , hobe berriketa , eta bikain zuen adeitasuna ."
1,Goiko pixuko suita izugarria .
1,"Jose aurkitu genuen halabeharrez Bocas del Toro-ra iristen ginenean , eta horri esker artxipelago guztiko hotel onenean ostatu hartu genuen ."
0,"Bestalde , janaria prestatzeko ontzi aldetik urri samar sumatu dugu sukaldea ."
1,Gaztelua harrigarria eta herria oso ederra .
1,Dena perfektua .
1,"Turingo hiribarnetik hiru kilometrotara , tram geltokia hotelaren ondoan dago ."
0,"Zentrotik apur bat urrun dago , 30 minutu garraio publikoan ."
1,"Gustora izan gara , gune lasai eta egokia ."
1,Errepikatzeko modukoa eta zeharo gomendagarria !!!
1,"Kotxez joanda , aparkaleku oso erosoa du sotoan ."
1,103 autobusak bertan usten zaitu eta pila bat daude
1,Apartamentua oso polita iruditu zaigu .
1,Hotelean ondoan supermerkatu bat dago eta ondo dator erosketak egiteko .
1,"Zentrotik hurbil , wifi konexio bikaina eta nahiko hotel erosoa ."
1,"Hotelaren kokapenak inguruko hainbat herri interesgarri bisitatzeko aukera ematen du , eguneko irteerak eginez eta bertara lo egitera joanez ."
1,Benetan bixita gomendagarria .
1,Komuna eta logela handiak .
1,Toki dotore eta lasaia .
1,"Etxea oso ondo dago , zabala eta erosoa ."
0,sofa-ohea nahiko deserosoa .
1,Guztiz gomendagarria .
1,"Bikaineko hotela , oso polita eta ondo kokatuta , hondartza ondoan ."
1,Jabe italiar sinpatikoa dauka eta eman zigun gela handi-handia zen .
1,Inoiz ahaztuko ez dugun asteburua igaro dugula jakitea nahi genuen .
0,Okerrena logelako komunean zegoen usain txarra .
1,Dena oso oso ondo
1,"Jarduera beraientzat prestatuta zeukan Agustinek , baina niri ere utzi didate tailerrean parte hartzen eta zoragarri pasa dugu !! ."
1,Pareja batendako itzela eta dirudiena baino handiagoa .
0,Bete beharrezko agiria Euskeraz ez izatea
1,"Azkenik , jabea Josu oso jatorra ."
1,"Umeekin eta bestela ere , lasai egoteko leku zoragarria ."
0,"Gure gela ere txikiegia zen pertsona birentzat , beraz nahiko deserosoa , eta garbiketa justua zen ; adibidez , toallak sarriago aldatzea ez litzateke txarto egongo ."
1,"Oso tratu ona , tratu familiarra ta gertukoa.Familia batek kudeatuta ."
1,Etxe honetan behar duzun guztia aurkituko duzu .
1,Bizkaiko baserri eder batean asteburu eder bat pasatzeko aukera bikaina .
1,Ondoko kaleetan ez dago kotxea aparkatzeko problemarik .
1,"Bestela , etxea iragarkian ageri den bezalaxe topatu dugu : ondo eta egoki ."
0,Ez zaigu ezer gustatu .
1,"Langile guztien arreta ona eta bereziki Juan jantokiko langilearena , jatorra atsegina eta oso profesionala .."
1,"Gela bikaina , jabea oso jatorra , dena oso garbia eta gosaria kristona ."
1,"Parajea zoragarria , ume txikiekin mendi inguruetan paseotxo ederrak emateko : Murua , Unza , Gorbea inguruak esaterako ."
1,Dena oso garbi egon da .
0,Kale handi batean dago eta pixka bat zaratatsua da .
1,Iruñeatik eskura eta jabeak arretatsu eta jatorrak .
1,Etxea erabat ekipatua dago .
1,"Eta horrela izan zen , leku atsegin , bakarti , hondartza txikiz beterik , non , zorionez , ia inor ez zebilen ."
1,"Baina hau ez da oztopoa , garraio publikoa oso ona eta merkea delako Berlinen ."
0,"Hotela zaharkituta dago , moketa lurrean , gela txikia eta ohe ez oso handia ..."
1,"Oso gustora , lasai egoteko lekua , neskie oso majie ondorioz leku aproposa , berriro bueltzeko modukoa ."
1,Guk nahi genuena han bilatu dugu .
1,Etxea bikain eta exeko andrea bikain .
1,"Eskerrik asko inguruko leku ikusgarrien inguruan informatzeagatik eta laburmetrai maratoi hori gomendatzeagatik , azkenean joan ezin izan genuen arren ."
1,"Gainera , nire logelak terraza zuen.Autobus eta tren geltokiak nahiko hurbil daude ."
1,Hotelaren kokapena .
0,Herria bera ibiltzen ez dago horren gertu ; ez genuen guk egin baino nik 15-20 bat minutu behintzat botatzen dizkiot .
1,Gosaria ondo
1,Etxea polita eta eta dena oso garbia .
1,Egun zoragarria pasa genuen gure ezkontza egunean .
1,"Eta oso ondo kokatuta , erdigunean bertan ."
1,A : ahaztezina .
1,"Nagusientzako leku zoragarria da , eta hango jendea guztiz maitagarria da ."
1,Sarreran zegoen gizonak arreta bikaina prestatu zigun .
1,"Etxea argazkietan ageri den bezelakoa da , oso eroso eta gustagarria da eta beharrezko guztiarekin hornitua dago , baina gauzarik onenetariko bat Juana eta bere senarrak , Arturoren gurasoek , nolako goxotasunez hartu gintuzten izan da ."
1,"Benetan asteburu zoragarria pasatu dugula , aterpetxea oso atsegina eta bertakoak zer esanik ez , etxean bezala sentitu gara ."
1,"Jabea , mutil gazte bat , oso jatorra ."
1,Negutegien lurraldean naturaren eztanda zoragarria .
1,Ingurune eder eta lasaia da .
1,Errepikatzen saiatuko gara !
1,Oso asteburu ederra pasatu dugu nire bikote kideak eta nik .
1,"Ingurua oso ondo ezagutzen dute , eta beraiek emandako argibideak zuzenak eta egokiak izan dira ."
1,"Osondo seinalatua dago , bertara iristeko oso erraza ."
1,Dena den aukera onena txirrindaz egitea da .
1,"Behekaldean dagoen taberna , egongela eta jatetxea eremu irekia eta zabala dira ."
0,"Ormak paperezkoak ziruditen , dena entzuten zen ."
1,Zerbitzua ere ona da .
0,"Ohea sofa-cama bat zen , ez oso eroso lo egiteko ... Ez zegoen aire giroturik eta bero izugarria pasatu genuen ..."
1,"Kontutan hartzekoa da , bereziki , etxetik oso hurbil dagoen Vondelpark ."
1,Oso gustora ibili gara herritxo hontan .
1,"Inguru ikaragarria da , oso ibilbide polita eta errezak daude , baita ume txikiekin egiteko ere ."
1,"Sagardoaren laguntzaz Perikorekin bueltatxo bat egiteko gogoz geratu gara eta berriz bixitatzeko aukera bikaina Hala ere , Aralarrera joateko txangoan apúntatuko gara , beraz laister arte !"
1,Herritik oso hurbil dago oinez joateko eta kokapen ona du Algarbea ezagutzeko .
1,"Zer ikusi pentsatuta neukan arren , beraiek aholkatutako ibilbide bat baino gehiago egin nituen eta espero ez nituen leku ederrez gozatzeko aukera izan nuen , aholku paregabeak !!!!"
1,Hango langileek asko lagundu ziguten .
1,"Zelaikoetxetik etxera iritsi berriak gara , asteburu bikaina pasa ondoren ."
1,"Gauez berarekin ta hosteleko beste batzuekin batera herriko taberna batera jun ginan farran , sekulako gaba izan zan ."
1,Tratu ezinhobea .
1,Ikaragarri gustatu zaigu etxea .
1,Hotelean bertan antolatzen dizute Angkor-erako bixita gidatua .
0,Wiffia eskasa .
1,Besarkada aunitz eta milesker astebukaera hau posible egiteagatik !!
1,Errepikatzeko modukoa !
0,Arrazoi honegatik ez naiz bueltatuko hotel honetara .
1,Leku aparta !!!
1,Gainera deskontuak dituzu hotelean egoteagatik .
1,"Euskal Herriko leku eder honetan , itsasoa begiratuz , isiltasuna ta lasaitasuna geratzen dira zurekin ."
1,"Etxea oso erosoa da , gela guztiek bainugelarekin , jacuzzi ere badute ."
1,Gelak eta egongelak zabalak eta goxotasunez beteta .
0,"Etxe zahar batean apartamentu txikia da , 3. pisuan ."
0,Gela txikia zen .
1,Oso gustora izan gara 11 pertson batera .
1,"Frontoia eta parkea alboan eta trafiko beldurrik gabe , umeekin joateko modukoa eta nagusientzako eskapada ona baita ere ."
1,Guztiz gomendagarria
1,Albergea berria da .
1,"Oso ondo kokatua dago errotak ikusteko , Daimieleko tablak bisitatzeko , ..."
1,Gela ederrak .
1,"Euskal Herrian txoko politak badira , Ultzaman adibidez , eta sinesteko zaila bada ere , Bilbo hiri industrialetik hain gertu , Ultzamaren pareko tokia aurkitu dugu ."
1,Laster bueltatzeko asmoa daukat .
1,"Azkenik , Jaume eta Alicia beti daude prest edozertan laguntzeko ."
1,"Etxe ikaragarri polita , baretasun eta argiz betea ."
1,Gainera goizeko gosaria oso ona da .
0,Ez da ordu asko igarotzeko lekua .
1,Dena oso ongi ! etxea oso polita eta txukuna eta Oier oso jatorra .
1,"Bainuetxearen sinpletasuna , ZEN estilokoa , alegia ; erlaxatzeko eta gogoeta egiteko oso aproposa ."
1,"Oporto erdigunetik oso gertu , etxe hau oso ederki dago ."
1,"Pisua hainbat supermerkaturen ondoan dago , eta baita metro eta bus geltokitik hurbil ere ."
1,"Aukera asko ematen du inguruneak ( basoak , Aralar , kobazuloak , abentura gunea , ... ) , beste garai batera trasladatzen zara ( ardiak kalean , behiak , ... ) eta etxearen banaketa guretzat ezin hobea izan da ."
1,"Etxeak bereak izugarrizko aukerak ematen ditu : handia da , hiru logela ditu , litera-oheak eta terraza handi bat espazio ezberdinekin ."
1,Graziellaren etxea aparta da .
1,"Aterpetxea benetan ondo dago , berri-berria , garbi-garbia , oso atsegina ."
1,Wifia primeran .
1,Tokirik ezin hobea Plivitcera joateko .
0,Aparkalekua inguruetan bilatu beharra .
1,Eta esatea zerbitzarien tratua entretenigarri eta oso familiarena izan zen .
1,"Giro ederra izaten genuen mahai eta su-baju ingurunean , farra asko botatzen , lagun berri batzuk egiten , musika entzuten , ..."
1,Bueltatzeko moduko hotela .
1,Zure etxean pasatu ditugun egun hauek zoragarriak izan dira eta sentzu guztietan .
1,"Etxean bezala sentitu gara bertan , gure zalantza guztiak argitu dituzte eta beraiekin eukindako solasaldiak atzeginak izan dira ."
0,Langile batzuen tratu fortzatus .
1,Dena oso ongi .
1,"Josurekin tertulian egotea plazerra izan zen guretzat , eskerrik asko familia , ea laixter bueltatzen garen"
1,Polita jarria gainera .
1,Etxeak daukan xarma ere ikustekoa da .
0,Gosaria justito .
1,"Kexa jasota , konpondu zuten ."
1,Lekua lasaia da eta ongi komunikatuta dago .
1,Jangela ere izugarri handia da ondo apainduta eta gosaria kristona gauza askoekaz aukeratzeko .
1,Herriko toki lasai batean .
1,"Apartamentua ondo hornituta , denetik zuen ."
1,"Aireportutik gertu dagi eta hara eramaten zaituzte edozein ordutan , gelaren prezio barruan ."
1,Mila sker
1,"Amparo gisakoa da , beti prest gure laguntzeko ."
1,Inguruak pena merezi du benetan .
1,"Gosaria , giro gozoa , benetan ondo eta erosoa ."
1,"Logelak berriturik daude , eroso eta garbiak dira ."
1,Oso ondo kokatua .
0,"Hotelaren lankideen gurekiko harremana , ez zizuten ezer esaten , ez agurtu ez ezer ..."
1,Euskeraz hitz egin ziguten
0,"Ez du pena merezi 8,50 € -ko prezioa ordaintzea ."
1,Milla esker gaur goizeko arreta eta ikasi ditugun gauza guztiengatik .
1,Bueltatzeko gogoarekin gaude .
1,"Langileak oso jatorrak , laguntzeko prest eta profesionalak ."
1,Oheak oso oso eroso eta goxoak .
0,Komuna logelatik kanpo zegoen
1,Harrera ematen zuten langileek nahi haina informazioa eman ziguten .
1,"Gainera , aparkatzeko lekua egoten da atari parean , eta hori Bragan luxua da !!!"
1,"Jaki beroa , hotza , gozoa , gazia ... denetik dago ."
1,Guri eman ziguten logelak terraza bat zeukan eta bertatik Marvaoko gaztelua eta erreka ikusten ziren .
0,"Horrek alde txarrak ditu : erdialdera edo hegoaldeko tokietara joateko Marsella kaotikoa gurutzatu behar dela , baina gu lasaitasun bila genbiltzan , baita autoa uzteko leku seguru baten bila ere ."
1,Metroa gertu dauka eta horrekin edonora joan zaitezke .
1,"Egia esan , nahiko ondo egon ginen hotelean : garbia da , gosari oparoa daukate eta metrotik hurbil dago ."
1,Giovannik sekulako ongietorria egin zigun etxean egindako ardoa eta herriko gozoak eskainiz .
1,Oinez ere joan daiteke hirira .
1,Jabeak oso harreta onez tratatu gintuen eta edonolako problemandako deitu ta gerturatuahal zen .
1,"Dena eskura du , dendak , tabernak , jatetxeak baita metroa ere ."
1,Harrera zoragarria .
1,"Jabeak ondoko etxean bizi dira , eta edozertan laguntzeko prest daude , baita gomendio onak emateko ere ."
0,Aire egokitua beharrrezkoa da .
0,Spaz gozatzeko aukerarik ez genuen izan .
1,Etxean bezala egon ginen .
0,Oso funtzionala da eta lo egiteko bakarrik erabili dugu .
0,Logeletan ez dago takillarik edo banakako giltzapeko armairurik .
1,Herri politak ikusteko aukera .
1,E : ederra .
1,Kokapen bikaina eta giro ederra .
1,Merezi du Erratzutik pasatia ta hantxe bertan egun batzuk igarotia .
1,Jatetxean afaldu genuen eta oso gustura .
1,"Lekua oso polita iruditu zitzaigun , etxea paregabea eta Josu eta Bego , baita seme alabak , ere primeran portatu ziren gurekin ."
1,Kanpoko igerilekua eta berdegunea oso atseginak .
1,Azkarra gure zalantzak erantzuten eta beti prest laguntzeko .
1,Erabat gomendagarria !
1,"Mila mila esker guztiagatik Idoia , Aritz eta Pascuala , niretzako plazer bat izan da zuek ezagutu eta zuekin astebete igarotzea !!!"
1,Txirrindak alokatzeko zerbitzua eskaintzen dute 10 € /24 orduko .
1,Asteburu bat ( edo gehiago ) lagunekin joateko aukera ona !!
0,"Bidea heltzeko oso estua da , ez da erreza beste kotxe batekin topatzen bazara ."
0,"Garbitasuna ez dute batere zaintzen , ez komunena , ez eta maindireena ere ."
1,Hotel paregabea deskonektatzeko eta atsedena hartzeko .
1,Arte plastiko-jarduerak eta galeria bikaina dibertituta nahiko atsegin gara egonaldia .
1,Bukatzeko jakin ezazue euskaldunak direla .
1,"Ondo afaltzen da , aparkaleku handia dauka eta nahi izan ezkero oso goiz ematen dizute gosaria , niri interesatzen zaidana mendira lehenengo orduan joateko ."
1,"Etxe hau idealki kokatuta dago , Txingudi badiaren ondoan , abiapuntu bezala Hegomendebaldeko Lapurdin eta Iparrekialdeko Gipuzkoan zehar txangoak egiteko ."
1,Lekua berriz oso lasaia ( Iraileko azken asteburuan joan ginela kontutan izan baino ) .
1,Logela handia eta argi askokin .
1,"Itzultzeko gogoz gelditu gara , benetan !"
1,Ibilgailua uzteko aparkaleku pribatua duela
1,"Bista ederrak , handia eta afaldu daiteke izarrak ikusten dituzun bitartean ."
1,Oso profesionala .
1,"Markoenean igarotako egunak oso onak izan dira , etxea Jaurrieta herri politean oso ondo kokatua aurkitzen da eta Otsagabia , Ezkarotz eta Iratitik gertu ."
0,Hiria ezagutzeko agian ez da kokapen egokia .
0,Dekorazioa oso zaharkituta .
1,Langile abegikorrak .
0,Wifia ez zen batere ongi ibiltzen .
1,Hemen lan egiten duten pertsonak ere oso majuak dira eta edozer arazo konpontzen lagunduko dizute !!
1,Goiz pasa zoragarria izan dugu eta lau urte dituen gure Martinak gaztagille izan nahi omen du .
1,"Begurren bertan ere herrian dagoenez , bertako denda eta azokan erosteko aukera ematen du ."
1,"Dena primerakoa , harrera , gosaria ... gomendagarria benetan ! Eskerrik asko ."
1,Harrerako langileen jarrera goraipatzekoa .
1,Etxean bezala sentitu gara .
1,Gosaria zuzena eskaintzen duten preziorako .
1,Logela erosoa eta ondo hornitua eta gosari ugaria izan dira .
1,Hotel oso garbia eta gomendagarria .
1,Atzeginak .
1,Ta etxeko jendie ezin jatorragoa .
1,Etxe guztia alokatu genuen eta oso gustora egon ginen .
1,Dana garbi garbi egon da eta ez duzu botatzen faltan ezer .
0,Beharbada ez da hiri erditik oso urbil geratzen .
1,Web orrian iragartzen dena baino gehiago eskaintzen du Baptistek .
1,"Jabea , Victor , oso jatorra , ze toki ezagutu genitzazkeen azaldu digu ."
1,Alde egiteak bai pena !
1,"Oso-oso polita eta ongi antolatua da etxea , ingurua eta bistak ederrak , lasaitasuna da nagusi ."
1,"Marisma gela bikaina , gosaria mundiala , eta zure atsegintasuna ezin hobea ."
1,Kalitate-prezioan ezin hobea izan zitekeen etxea da .
1,Ana oso jatorra !
1,"Auzune lasaian dago , bidearen ondoan ."
1,Etxekoak bezela tratatu gaituzte .
1,Logela ixila eta erosoa .
1,"Gironaz gozatzeko moduko aukera , inondik ere ."
1,"Toki perfektua txirrindulak alokatu eta ibilaldi ederrak egin ahal izateko , inguruko basoetatik , hondartzetaraino , bertako natura eta paisaiaz gozatzeko ."
1,"Ingurua zoragarria da , laba eta kraterrez inguratua ."
0,"Wifiak ez du funtzionatzen , harreran bakarrik dute eta bi pertsona badaude ia ez du funtzionatzen ."
1,Metro geltokitik nahiko gertu .
1,Kalitatea/prezioa ezin hobea .
1,"Etxea , ikaragarri polita , berri eta xarmangarria ."
1,"Gau bat pasa dugu familian Ontxenen , izugarria !!"
1,Puy eta Joxe Mari oso adi egon dira une guztian .
1,"Hotela oso txukuna , eta gosaria ere oso ona ."
1,Pisua oso handia zen eta behar genuen guztia zuen .
1,Aldiz guretzat oso ondo kokatua zegoen hurrengo egunean Barajaseko Aireportura joan behar genuelako .
1,Bai Marija bera zein etxea oso txukun zegoen .
1,Eta etxeko jabea Maika oso jatorra da .
1,Bikote zoragarria eta oso adeitsuak hasieratik .
1,Errepikatzeko gogoz !
1,"Lekua ezinhobea , eta GOSARIA !!!!!!"
1,Alde zaharretik oso gertu .
1,"Edozeini gomendatzeko lekua , mila esker lurdeiakoei , laister itzuliko gera. ( oso onak tomatiak )"
1,"Bakartxo pertsona gomendagarria da , hartzen dituen konpromezuak bete egiten ditu ."
1,Leku zoragarrian dago eta apartamendua ondo dago .
1,Luberon ingurua ezagutzeko primerako kokalekuan dago etxea .
1,Bakartxok etxea garbi-garbia emango dizu eta bere etxean zauden bitartean ahal duen guztia egingo du zure egonaldia atsegina izateko .
1,Zerbitzu ugariak eta egokiak .
1,"Egia esan , lujo bat da holako jende jatorrakin gure kulturaren zatitxo batez gozatu eta bizitu ahal izatea ."
1,"Nagusia dela eta , lagunkoia eta gertukoa ."
1,Dena ongi .
1,Bekaleko gosariak zoragarriak izan ziren .
0,Hiritik aparte zegoen .
1,"Etxeko nagusien jarrerak ere aipamena merezi du , oso jatorrak baitira ."
1,Ta oinez mugitzeko toki onean .
1,"Duela 3 aste izan ginen gau bat pasatzen , eta berriro bueltatzeko gogoz gelditu ginen ."
1,"Toki aparta : eremu natural eder batean , oso lasaia , parke batez inguratua ."
1,Bost laguneko familia gara eta maiatzean asteburu eder bat pasa genuen .
1,"Lasaitasun bila joateko paregabea , bertako nagusiak ere oso jatorrak , ah ! eta gosaria mundiala !"
1,"Jasotako tratua , etxean egongo baginan bezalakoa eta esperientzia ezin hobea ."
1,Orokorrean gomendagarria oso .
1,Nik ez nuen ia faltan bota .
1,Langileak oso jatorrak eta beti laguntzeko prest .
1,Oso oso gustura egon gara !
1,"Ohea oso erosoa zen , bainu gela haundia eta dutxaren funtzionamendua ona ere ."
1,Bertan afaltzea ere merezi du .
1,Ziur egon hau dena zabalduko degula .
0,Otsailean joan gara eta egiten duen freskurarekin ezin da kanpoko igerilekua erabili .
1,"Dekorazioa zaindua eta gusto handiz eginda Afariak ezinhobeak , haragia aipatzekoa da , samurra eta oso ondo sukaldatua , bikaina !"
1,Bobignyn bertan ospatzen zen biltzar batean parte hartzeko hotel egokia .
0,Igogoilua txartelarekin martxan jartzeko batzuetan arazoak izan nituen .
0,"Dutxa "" enanoa "" iruditu zitzaigun ."
1,"tokia erosoa da , gelak normalak , komunarekin ."
1,Kalitatea !!!!
1,"Hurrenarte , itzuliko gara ! imanol - alaine"
1,Harrerako neska oso atsegina .
1,Autoz 5 minututan iristen da bertara .
1,"Gosaria ona , apur bat denetarik ."
1,"Apartamentua oso toki onean dago , Uniri plaza eta Alde zaharretik oso gertu ."
1,"Gainera , hoteleko neska batek ikusi zun igerilekura gindoazela ta bi hamaka prestatu zizkigun toalla ta sonbrilekin ."
1,"Etxea izugarria da , obra duela gutxi egin dute , kriston gusto onarekin ."
1,Muxu handi bat bizkaialdetik ¡¡¡
1,"Egia esan , oso gomendagarria eta berezia dela esango nuke.Oso giro informala eta jatorra benetan.Bakarka , bikotean ala familian joan izan ezkero oso ondo dago.Aldi berean inguruko hondartzetara joateko aukera dago ."
1,Familia batek kudeatuta .
1,"Oso garbia eta erosoa , itzuliko gara , urtero goaz asteburu pasa Iruñera ta oin asmaru dugu , leku ederra !!!"
1,"Dudarik gabe , bueltatzeko hotela !"
1,Oso erosoa da .
1,Animaliak maitagarriarak dira eta eurekin asko jolastu gara .
1,Eta horretaz aparte egonaldia oso gustokoa izan genuen .
1,Eskerrik asko eta datorren arte .
1,"oso jatorrak , atseginak , gosari ederra eta logela garbia eta erosoa"
1,Eskerrik asko !
1,"Berriro ere horrelako irteeraren bat egiten badugu , leku berdinera itzuliko gara !"
1,Dohako aparkalekua dauka .
1,"Garbia eta erosoa. ostatuko langileak azkarrak eta atseginak. oso gomendagarria ,"
1,Dekorazio polita eta ohe oso erosoa .
1,Berria eta garbia .
0,"Beti argi artifizialarekin egon behar zen , lehioaren aurrean , metro batera edo , beste logela bat zegoelako eta dena ikusten zelako ."
1,Samira eta bere familiak oso ondo hartu gaituzte .
0,Niretzat komuneko usai da duen okerrena .
1,Mila esker !
1,"Guikuri , bizi eta sentitu beharra dago ..."
1,"Etxea argitsua eta handia da , gozatzeko modukoa ."
0,Moketa dago hotel osoan eta oso zikina .
1,Kasu horretarako hotela primeran dago .
1,Era bat gomendagarria .
1,Oso gomendagarria
1,"Apartamentua oso oso polita da eta ez du ezer falta , denetarik dauka ."
1,"Egun zoragarriak pasa ditugu Bartzelonan eta apartamentu honek zerikusi haundia izan du : oso ondo kokatuta dago , argitasun haundia du eta lasai lasaia da ."
1,Logela erosoak terrazarekin .
1,Leku aproposa denetatik alde egiteko .
1,"Leku asko dago egoteko eta mendian kokatuta dagoenez ez dago errepideekin arriskurik , Baztaneko bistak ikaragarri ditu ."
1,Gertutasun hau garrantzitsua da hurrengo egunean hegaldia baduzu .
1,Oso argia eta eguzkitsua .
1,"Areta etxeko instalakuntzak oso egokiak dira baina batez ere Txarok eman zigun tratua , beroa eta gertukoa ."
1,Colosseotik 5 minutura .
1,Oinez joan zintezke zentrura .
1,Oso gustora egon ginen etxe honetan .
1,Toki ezin hobea eta janari bikaina .
1,Igerilekua oso ondo dago .
1,"Gaztak izugarri goxuak , sagardo trago batzukin , bixita bukatzeko ."
1,"Logela goxoak , ohe zoragarria eta sukalde amankomun bat dute ."
1,"Benetan ahaztu-ezinezko egunak igaro doguz , ta ezkertzeko da eduki dugun tratu gozo ta alaia ."
1,"Herria oso lasaia da eta bertotik mugitu ahal zara : Florentziara 1h 15 ' , Romara 2h , Pisara 1h 5 ' , Sienara 20 ' ."
1,"Etxean bezala sentitu eta zaindu gaituzte , eta gosaria ere oso ona !!"
1,Biziki gomendagarria
1,"Esan beharra dago ingurua zoragarria dela , natur inguru polita da eta ibilbide zoragarriak eskaintzen dituena ."
1,Berriro ere han izango gaituzue .
1,"Erosoa , modernoa eta behar duzun guztia ditu etxeak ."
1,Logela haundia eta erosoa .
1,Mila esker Ana
1,"Auzoa oso atsegina da , komertzio txikiz Beteta ( jantziak , bitxiak , artelanak ... ) ."
1,Hotela sukaldea du baina ez genuen erabili .
1,zoragarria ! benetan gomendagarria ! asteburu bikaina pasatu dugu bertan .
1,Jabea prest nahi duzunerako .
1,"Aurretik lan bikaina antolatzen , Jabier , Nerea , Arritxu eta egunean zehar zerbitzari guztien lana oso ona ."
1,"Dena , polita , garbia , zabala , enegía ona kutsatzen zitzaiela bezeroei , betikoa bezala harremana genuenei , ere dirudi ."
1,Gosaria ere gustora hartu genuen .
1,Leku polita eta oso lasaia.Ardiak eta gazta zelan egiten den ikusteko aukera.Euskaldunak dira
1,"Logela paregabea , garbia , txukuna , handia ; langileak hurbilak eta atseginak dira ; gosarian danetarik dago eta gure ustez politena bertatik dituzun Bilboko bistak dira ; kokapen oneko hotela da eta tranbia gertu dauka , Bilboko erdikaldera hurbiltzeko aukera ematen dutena , edo nahi izanez paseabide on bat ."
0,Jantokia oso txikia da eta leku arazoak egoten dira .
1,"Hendaia Irun eta Donostitik urbil , ordu batera Iruña edo Bilbotik ."
1,"Bikaina guztia !! aupa Zelaikoetxe !! , aupa Orio !!"
1,Jabe euskalduna eta tratu atseginekoa .
1,Azoka eta jatetxez betetako kaleak inguruan .
1,Ostatuko nagusia zure zerbitzura momentu oro .
1,"Gure egonaldia ederra izan da , hotela oso ondo baitago : berria , erosoa , garbia eta beharrezko guztiarekin ."
1,Leku atsegina jantoki onarekin .
1,Arropa garbitzea oso merkea da
1,Etxea primeran dago .
1,Oporto eta Viana do Castelo bezalako hiriak ere bisitatu daitezke .
1,Etxea oso ondo dago .
1,"Kokapena , gainera , BECetik 5 minututara dago , ezin hobeto !"
0,"Balkoian zigarrokinak daude , hautsontzia jarri behar ."
1,Etxean ez da ezer faltan somatzen .
0,Jakinik bidaiari gehinak horrela gatozela harrigarria iruditzen zait eskaintza berezirik ez egitea .
1,"Apartamentua primeran dago , 2. pisuan eta igogailuakin ."
1,"Dena bikain eta aipatzekotan zerbait , piszina mundiala , baño ederrak hartu ditugu itsaso zabal horretan , garbitasuna , Maite eta Juan Mariren jarrera , hurbiltasuna , atentzioa ... , aukera ederra izan dugu beraiekin lasai egoteko kontu kontari , eskerrik asko bikote ."
1,Gosaria zuzena .
1,"Guztiz gomendagarria , eta eskaintzen duten tratu eta zerbitzurako merkea ."
1,Bixta politak .
1,Doako aparkalekua .
1,Gauza asko ikasten dira berarekin ...
1,Logela eta komuna handiak eta oso txukunak .
0,Hamaka gutxi igerilekuan .
1,Mila esker !!
1,Harremana Carolinen Kadiatou lagunarekin izan genuen eta dena erreza izan zen berakin .
1,"Oso jatorra eta lagunkorra izan da tratua Anna , baina hegaldia bertan behera geratu zen Lufthansaren greba zela eta , ..."
1,Oso ondo !
1,"Oso gomendagarria , benetan ."
1,Oso toki polita ta atentzioa ere bikaina !
0,Kexa bat ipintziarren dutxan ur berua regulatzia zaila dala .
1,Bikote zoragarria .
1,Logela oso txukun egon da eta oso politxe izen da .
1,"Bartzelonara bueltatzekotan apartamentu honetara etorriko gara berriz , dudik gabe ."
1,Edozein hotel baino ederragoa iruditu zaigu .
1,Instalazioak eta garbitasuna aparta .
1,"Garbia , txukuna ... oso atsegina da etxea eta oso adeitsuak jabeak ."
1,"Bagenekien Aiara eskualdea ederra dela eta pixka bat mugitzeko asmoa genuen baina aitortu behar dugu ia ez garela etxetik mugitu : lau bikote eta hiru haur txiki ginen , etxe osoa genuen alokatua , eta denbora falta izan zaigu soilik etxea bera , aurreko zelai eta bidexkak guztiz gozatzeko ."
0,Logelako leihoak zirrikituak zituen eta errepideko zarata asko entzuten zen .
1,Gosaria nahiko ona da .
1,Eskerrik asko !!
1,"Oso gustora egon gara , 7 lagun iozan gara , baina zortzi ere sartzen ginen ."
1,Oso gustora eman dugu asteburua .
1,Ederra izan da Yolanda eta Mikelen etxean igarotako denbora .
1,Eskerrik asko Aitziber ta bere amari .
1,Lurdesek Artizarrari eta Hondarribiari buruz behar izan ditugun argipide guziak eman dizkigu .
1,Asteburu bikaina !!
1,Etxea dagoen lekua nahiko segurua eta herrikoia da .
1,Jateko ona .
0,Lao Caira trenez iritsi eta zuzenean hotelera bazoaz eguerdiko 12 : 00ak arte zintzilik edukiko zaituzte .
1,Gomendagarria % 100 !
0,"Oso zaharra dago , orain 30 urte bezala Lekua eta tratua"
1,"Kokapena ona da , Postdamer Platz-etik 5 minutura dago hotelaren aurrean gelditzen diren autobus bietan ."
1,Ingurua primerakoa plan ezberdinak gauzatzeko .
0,Gosaria ez dago barne eta lurrean moketa dauka .
1,Lekuak merezi du .
1,"GURETZAT , DUDARIK GABE , ERREPIKATZEKO MODUKOA IZAN DA ."
0,"Telebista ez zijoan oso ondo , blokeatzen zen eta kortina apurtuta zegoen ."
1,"Onena hoteleko gizona : oso oso jatorra , edozertan laguntzeko prest ."
1,"Aste bete eman dugu La Vinyasan ( etxe txikian ) eta , egia esateko , ezin hobeto dago edozein gauza egiteko : igerilekua benetan ederra da ( eta garbi-garbia egon da beti ) ; ingurua ezagutzeko oso toki egokia da ; Bartzelonara edo Geronara joateko ere oso ondo ahal da egin , trenean edo kotxean ; etab ."
1,Lau logela ditu bakoitza bere bainugelarekin .
1,Oso gustora egon gara bertan .
1,Guztiz gomendagarria benetan ... oso familia jatorra eta etxe txukuna ... gau desberdin bat pasatzeko aukera polita .
1,"Lekua ezin hobea da , klima magikoa ..."
0,Eguraldi txarragatik 15 : 00etan gerturatu ginen logela hartzera eta itxita zegoen .
1,"Gau bakarra pasa genun , baina langileak oso-oso jatorrak , gela garbia eta hozkailu txiki batekin , zentrotik 5minutu oinez , parking itxia ."
1,Ondo pasatzeko asmoarekin joan ginen baina uste genuena baino hobea izan zen .
1,Etxea oso zainduta dago eta garbitasuna ere azpimarratu nahi genuke .
1,"Baita disfrutatu beraien seme-alabekin : Itziar , Aimar eta Iratirekin , azkarrak eta jatorrak ."
1,Txirrinda hotelean bertan aloka dezakezu 12 € tan eguna .
1,Metroko geltokia 25 metrotara dago .
1,Milesker Josu eta Begoña jabeei egindako lanagatik eta halako gustuarekin .
1,Oinez monumentuak ikustera joateko aukera .
1,orokorrean arras ongi izan da dena. aukera ezinhobea izaba eta inguruak ezagutzeko. kalitatea eta prezioa erabat orekaturik
1,"Langileak , gutxienez korrektoak , eta gehienetan jatorrak ."
1,Gosari ederra eta herritik oso urbil .
1,"Hortaz , ezbairik gabe joatea merezi duen lekua ."
0,"Komun bakarra dago , eta bi ate dauzka , batak gela batea ematen du ."
1,Hiria ederra da eta hotela erdi-erdian dago .
1,Benetan merezi duelako idazten dugu hau .
1,"Oso , oso gomendagarria ."
1,Bost kideko familia gara eta kalitatea eta prezioa kontutan izanda aukera oso egokia ikusten dogu .
1,Kotxea aparkatzeko problemarik gabe .
0,Sauna pizteko zailtasunak izan genituen .
1,"Lehenengo minututik eskaini zeniguten ongi etorria hain ederra izan zen ... Etengabe bentiladoreak pizten berorik ez pasatzeko ( ja , ja , ja ) , mojitoak edo zukuak eskaintzen , a , eta zelako langosta ! ummmmmmmm !"
1,Carlos oso lagungarri eta jatorra izan zen gurekin .
1,Eskerrik asko denagatik eta hurrengo bat arte .
1,"Kokapena ezin hobea ; etxea guztiz erosoa , gu lau lagun eta txakurra izan giñen eta primeran egon ginen ; oso txukuna zen eta interneteko konexioak ere primeran funtzionatzen zuen !!"
1,"Nahi baduzu aste bat lasai-lasai hotel batean pasa , hemen baino hobeto kosta egingo zaizu lekurik bilatzea ."
1,Irune benetan atsegina da eta prestatzen dituen gosariak itzelak dira .
0,Agian opilak egin berriak izan beharko lirateke eta ez paketekoak ...
0,"Logela txikia , hobe esanda ohea ."
1,Hotela berria berria dago .
1,"Lekua ezin hobea , gela erosoa eta polita eta ferrian iritsiz gero bereziki oso egokia ."
1,Auzo batean dago eta metro geltokitik 5-6 minutura egon arren ti-ta baten heltzen zara .
0,"Luzernako hirigunera edota Alde Zaharrera heltzeko , hostaletik gertu dagoen geltoki batean hartu behar izan genuen autobusa ( eta eguneko txartela ordaindu - 6.10 franko/perts ) hiriko periferian baitago hostala ; tren geltokitik 15 minutura ."
1,Apirileko pazkoko astean 2 egun eder pasa ditugu .
1,Gainera erlaxatzeko lekurik onenetarikoa da
1,Prezioa ertaina .
1,U : urregorrizkoa .
1,Logela zoragarria .
1,MILLA ESKER NEKANE .
1,Mila esker denei eta zihur itzuliko garela .
0,"Sukaldeko tresna gutxi , bi goilaretxo , bi sardexka .."
0,"Zerbait esateko , gosaria garestiegi , baina gosaltzeko aukera norberarena da !"
1,Paris ezagutzeko pisuaren kokapena oso ona da .
1,"Jabea oso jatorra , dena esplikatu zigun eta hiriko mapa eman zigun eta zer bisitatu eta nun bazkaldu genezakeen eaan ."
1,"Izugarri ondo pasa degu eta interesgarria , politta ta atsegina izateaz aparte , oso jende jatorra ta tratua ezin hobea dela esan behar da ."
1,Leku guztietatik nahiko urbil dago .
1,Etxea oso ongi prestatua dago .
1,"Familian joan gera asteburua pasatzera , eta berriz noiz bueltatu pentsatzen etorri gera ."
1,"Logelak oso ongi dekoratuak ta txukun-txukun dana , gosarik oso goxoak ta beti konpainia onean ."
1,"Bistak primerakoak dira , hemendik lakua ikusten baita ."
1,"Oso ondo dago , leku onean eta bertakoak oso atseginak eta gainera euskaldunak ."
1,"Toki lasaia , paraje ederra , isiltasuna , paisaia ikusgarriak , etxe guztiz txukuna , ondo jantzia , erosoa , jabe adeitsu eta lagunkoiak , inguru garbia eta zaindua ... konpainia onean baldin bazoaz , egun zoragarri batzuk pasatzeko aukerako lekua ."
0,"Azkenean , bere tableta utzi zigun , baina ez ginen oso ondo sentitu , beste baten gailua erabiltzeak beti ere errespetua ematen baitu ."
1,Ezin hobeto .
1,Erromaniko ibilbideak jarraitzeko apraposa eta baita mendi irteerak egiteko .
1,Edozertan laguntzeko prest .
1,Edozeini gomendatzeko itxia .
0,Herrigunetik urrun egotea .
1,"Paregabeko zerbitzua , logela eroso eta zabalak , metro geltokitik oso gertu ."
1,Oso gustora egon gara Margotenean .
1,Hoteleko langile guztiak beti laguntzeko prest azaldu zitzaizkigun .
0,Lehen egunean wifia ez zebilen .
1,Eskerrikasko Caroline !
1,Baina pertsianak dauzka ! ; - ) Apartamentua berri-berria .
1,"Etxea oso polita da , primeran dago ekipatuta eta oso egokia umeekin joateko ."
1,"Apartamentuak oso ondo hornituak daude , oso politak dira ."
1,"Hendaiako etxea ederra da , urteko edozein sasoian egoteko aproposa ."
1,Kalitate prezioa BIKAINA .
0,Espazio urria dauka gelak baina moldatu zaitezke ordu asko pasa nahi ez baduzu gelan .
1,"Gosaria eta Jaioneren harrera ( bai , etxekoandrea euskalduna da ) ezin obeak"
0,"Komuna eta gela komunikatuta daude , beraz , intimitate gutxi dago komunean ."
1,Zer gehiago eska dezakegu ba
1,"Kalea oso lasaia da eta erdialdetik hurbil ( website hidden ) minutuan Haarlemmer plazan zaude , eta hortik erdigunera zuzen-zuzen berehala helduko zara giro oneko eta dendaz betetako kalean zehar ."
