0,Χατζηδάκης: Το δέντρο με τα λεφτά του ΣΥΡΙΖΑ δεν υπάρχει http://t.co/Z22xPJR7gq http://t.co/tu9EKonInq
1,Ενίσχυση του ΚΚΕ ενάντια στον ευρωατλαντισμό του νέου δικομματισμού http://t.co/nyIqAxwNa7 http://t.co/sTe5GPBxpp
0,@karvanitis @stokokkino1055 τι κανεις Κώστα ? κουκια σπερνω ... σοφος λαος ... #eimaste_oloi_malakes
0,Μετά την Γκερέκου παίρνει και τον Οικονόμου της ΔΗΜΑΡ ο Σαμαράς - Το ρεζιλίκι συνεχίζεται... |... http://t.co/70hJyvRDOJ
0,Τα κόμματα φέτος ειναι ολα μπασταρδεμενα! Δεξιοί και αριστεροί στο ίδιο κόμμα! Οτι και να ψηφίσεις το ΠΑΣΟΚ θα ειναι μέσα κατι σαν μαϊντανός
0,Είναι και κάμποσοι υποψήφιοι του ΣΥΡΙΖΑ που και την αυτοδυναμία να πάρει κ τις καλύτερες προθέσεις να έχει αυτοδυναμία δε θα είναι.
0,Στοίχημα ότι ο Σύριζα δε θα λύσει κανένα πρόβλημα βασιζόμενοι στο γεγονός ότι το ίδιο πρόβλημα υπάρχει και σε όλη την Ευρώπη...
0,"@ZeroCoolGR Το ΚΚΕ δε θα συνεργαστεί ούτως ή άλλως, είναι cult δεν είναι πλέοβ πολιτικό κόμμα. @arkoudos @atsipras @enikos_gr"
0,Ο σαμαράς είπε ότι δεν μπορούνε να βγουμε απ την κρίση μ αυτούς που μας οδήγησαν σ αυτήν. Αρα κ αυτος ΣΥΡΙΖΑ θα ψηφίσει
0,"""Η νέα δημοκρατία είναι ένα κόμμα ευθύνης"" ΕΠΙΤΕΛΟΥΣ ΑΚΟΥΣΑ ΑΥΤΟ ΠΟΥ ΗΘΕΛΑ"
0,"Στο σποτ της ΝΔ τα παιδιά τα είχαν δώσει βαρβιτουρικα, αλλιώς θα τα είχαν κάνει όλα πουτανα."
0,Με φωτό από φράχτη @neademokratia: #JeSuisCharlie O Σαμαράς σήμερα στο Παρίσι για τη σιωπηλή πορεία διαμαρτυρίας ενάντια στην τρομοκρατία
0,"Νεο σποτ της ΝΔ με πρωτη εικονα πανό Je suis Charlie και πρωτη κουβεντα ""Η Ελλαδα θωρακιζεται"".Απιστευτο,ρε μαλακα.Απιστευτο"
0,ΟΡΓΗ ΣΤΗΝ ΕΛΛΗΝΙΚΗ ΚΟΙΝΩΝΙΑ ΓΙΑ ΤΟ ΤΗΛΕΟΠΤΙΚΟ ΣΠΟΤ ΤΗΣ ΝΔ   http://t.co/tCPgLyrPoY
0,"Χυδαία συμπεριφορά του ΣΥΡΙΖΑ στον πατριώτη Χάρρυ Κλυνν. Κυβερνήστε με Τρεμόπουλους, για να φύγετ… http://t.co/DqLmEoDF3o via @LoutrakiOne"
1,"ΓΝΩΜΗ ΚΙΛΚΙΣ ΠΑΙΟΝΙΑΣ: ""Ψήφος στο ΠΑΣΟΚ και Τρίτη έδρα σε έναν ΔΗΜΟΚΡΑΤΗ ... http://t.co/Zm0IwzPIfE"
0,Γιατί η ΔΗΜΑΡ είναι «πυρ και μανία» με τον Ντινόπουλο http://t.co/PNtaWFNSll
0,ΤΣΙΠΡΑΣ: μονο παιδομαζωμα δεν εχουν πει ακομη οτι θα κανει ο Συριζα http://t.co/5o5bMZ04bz
0,Πιο κάτω δεν γίνεται!.-Ξεκαθαρίζω πως είμαι μέλος του ΣΥΡΙΖΑ χρόνια πριν ανακαλύψει τον Τσίπρα ο Κωστάκης ο Αρβανίτης http://t.co/2cKSuhoUDU
0,"Πήγε να το παίξει προοδευτικός ο Σαμαράς ξεχνώντας πως πλέον η βάση της ΝΔ είναι φασιστική. Ε, και τώρα το μαζεύει... http://t.co/VHxuQw3aKy"
0,"Δεδομένης της συμφωνίας άρθρου Τσίπρα με όσα λένε γερμ. ΜΜΕ τόσες μέρες, υποθέτω έχουν δουλέψει πολύ PR στον ΣΥΡΙΖΑ τελευταία."
0,Και με το υπέροχο κόκκινο σπιντο ενω χαιρετά ναζιστικά ο υποψήφιος της ΧΑ στο Ηράκλειο http://t.co/zyqpJpRHlc
0,ΣΠΑΕΙ ΤΑΜΕΙΑ ΤΟ ΝΕΟ TV ΣΠΟΤ ΤΗΣ ΝΔ ΜΕ ΤΟΝ ΣΑΜΑΡΑ ΚΑΙ ΤΗ ΜΠΑΛΑ !  Το βλέπει μέρα-νύχτα και ο Κιμ Γιόνγκ Ουν στη... http://t.co/1JMKXrbPAx
0,Άλλο ένα νεοφιλελεύθερο μέτρο χα χαlogistis: Τα Ιδιωτικά ΚΤΕΟ δεν θα μπορούν να τιμολογούν χαμηλότερα από τα Δημόσια! http://t.co/ufQrsD0tKN
1,Θυμηθηκαν στη ΝΕΡΙΤ τη μεταδοση της ομιλιας του Θεοδωρακη. Υπαρχει live και εδω http://t.co/3eLLsivSfz #topotami @ToPotami #ekloges2015
1,Δήλωση Λαπαβίτσα:Είναι προς τιμήν του ΣΥΡΙΖΑ να δέχεται έντονη κριτική http://t.co/XHvBLK0ViL
0,Μια αλλη λεξη που αποδίδει το πρόγραμμα τους ΣΥΡΙΖΑ είναι : Τζιριτζαντζουλές http://t.co/nmDWnlio9i
0,@northaura νομίζω ο @gmourout έγραψε στο #fb ότι είναι made by σύριζα @alepouda @spindoctoras @spaceagedisco
0,"ε δεν ειπε οτι εχει κ iq μικρου παιδιου ,οκ ΧΥΔΑΙΕ?-&gt;@AdonisGeorgiadi Η συμπεριφορά του Σύριζα στην απίστευτη χυδαιότητα του @karvanitis..."
0,"@PatrasTimes ...και που να γίνουν εσωκομματικές για καινούργιο πρόεδρο της Ν.Δ. ,να δεις ,τι σιχτίρισμα θα μαζέψει από τους δικούς του!!!!!!"
0,Σαμαράς: «Ο ΣΥΡΙΖΑ είναι ένα ατύχημα που δεν πρέπει να συμβεί» http://t.co/ymhOM4VNMI
0,Το σποτ της ΝΔ ειναι για βραβείο μάρκετινγκ #Samaras
1,Ο ΣΥΡΙΖΑ είσαι ΕΣΥ! Κάνε το βήμα! http://t.co/wBwYMknFuc
1,@freedybruna Εώς και 21 έδρες “βλέπει” ο ΣΥΡΙΖΑ στην Β’ Αθήνας! Γι’ αυτό και βγήκαν τα μεγάλα μαχαί... http://t.co/Q7VrJtnXsH @damalakes
0,"«Ο ΣΥΡΙΖΑ θέλει να κάνει την Ελλάδα, Βενεζουέλα» http://t.co/s0yHOMowgn"
0,Χάρρυ Κλυνν: Ο ΣΥΡΙΖΑ δεν τήρησε τη συμφωνία κυρίων http://t.co/G4KDdtMSd2
0,@xiblb Σαν κάνεις κριτική στο ΚΚΕ αναφέροντας την Κανέλη...
0,Ο πλούτο(ς) το ξέρει οτι θα τον φορολογήσει ο ΣΥΡΙΖΑ ? #enikos @NChatzinikolaou  (Η καραμέλα κάθε πολιτικού). http://t.co/sjcJc0x5Dy
0,"Η τραγική δήλωση Ντινόπουλου για τον Φ. Κουβέλη, προκάλεσε την άμεση αντίδραση της ΔΗΜΑΡ http://t.co/0YDLQ4zYD3"
0,"Αυτό το τουί πρέπει να το κορνιζώσεις Πάνο...   ""@notos6: Στις 21:00 ο @PanosKammenos στο κεντρικό δελτίο ειδήσεων του MEGA @anexartitoi"""
0,Επέστρεψε στη ΝΔ ο Π. Μελάς και δεν υπάρχει ένα σύννεφο εύκαιρο να πέσω. Εκεί μας κατάντησαν
0,@ikaros2006 @Dimitris_Delta1 Ικαρε αποθηκευσε απο τωρα κωλοχαρτο..αλλα πολυ..μολις βγει ο συριζα θα το πουλας στην μαυρη  και θα κονομησεις.
0,Ψηφίστε @ToPotami ρε.Γιατι αν κάτι πάει στραβά υπάρχει πάντα και η λυση του πραξικοπηματος..  http://t.co/b9MsDNJwd0  #ekloges2015
0,Δυστυχώς (προφανώς) η διαπραγμάτευση του ΣΥΡΙΖΑ θα κρατήσει όσο χρειάζεται για να πεις όχι στα γερμανικά.
0,. @freedybruna ΕΚΛΟΓΕΣ 2015 – «Ο εφιάλτης του ΣΥΡΙΖΑ είναι η αυτοδυναμία του» http://t.co/3BvKMNWUog @zappasaspa
0,Όσο υπάρχει κόσμος σε αυτή τη χώρα που ψηφίζει χα και γαπ ΔΕΝ έχουμε μέλλον
0,@avgerinosx Η Αντζελοποίηση της ΝΔ έφερε Φορτσάκη http://t.co/CnMoLRjAfP @FREEDYBRUNA
0,Η Αντζελοποίηση της ΝΔ έφερε Φορτσάκη http://t.co/UiraUN3UqR
0,Ειδα οτι στο Ψηφ. Επικρ της ΝΔ περιεληφθη κ καποιος παραγωγος βιολογικων αβγων. Θα χρειασθουν μετεκλογικα @PrimeministerGR
0,Το έχει χάσει τελείως η ΝΔ και προσπαθεί να αδειάσουν οι τράπεζες; τόσο σήγουρη είναι ότι θα χάσει; και ΑΝ κερδίσει; πως γυρίζουν τα χαμένα;
0,"Τη βρήκε την πλουτοκρατία ο ΣΥΡΙΖΑ και θα την πατάξει, είναι οι οικογένειες με πάνω από 800-900 € εισόδημα..#kke #ekloges2015"
0,μετα το προεκλογικό σποτ των ανεξάρτητων ελληνων που οδηγαει τραινακι ο καμμενος περιμενω απαντηση ΚΚΕ με playmobil
0,Ο ΣΥΡΙΖΑ δεν τήρησε τη συμφωνία http://t.co/j3aYToUW99
0,ΑΣΕ ΡΕ ΟΡΓΙΟ. ΠΕΣ ΕΙΜΑΙ ΣΥΡΙΖΑ ΓΙΑΤΙ ΠΕΙΝΑΩ ΚΑΙ ΑΣΕ ΑΝΘΡΩΠΙΝΑ ΔΙΚΑΙΩΜΑΤΑ“@FiGedi:  Ευχαριστώ για τη συμβουλή και θα ανταποδώσω εις διπλούν!”
0,Ενοχλημένη η ΝΔ από δήλωση Κώστα Αρβανίτη: Αποκάλεσε τον πρωθυπουργό ''Μ.....'' (video) http://t.co/9j9KG0lEKV
0,ΠΟΛΙΤΙΚΗ - Ντινόπουλος: Ο ΣΥΡΙΖΑ μας μαύρισε τις γιορτές με τις εκλογές στο καταχείμωνο… http://t.co/3REvLH7cV5
0,"Π.Λαφαζάνης (@SpirosXaritatos):Η ΝΔ λειτουργεί με μονταζιέρα,λυπηρές αυτές οι μέθοδοι της (παλιά συνέντευξη Λαπαβίτσα-δήλωση Παπαμιμίκου)"
0,"""Κουτσούμπας: Στα ψηφοδέλτια του ΚΚΕ συμμετέχουν αγωνιστές και όχι γυρολόγοι"". Όπως η Κανέλλη."
0,Πανικός στη ΝΔ με την μπαρούφα περί εξομοίωσης τουίτερ-αγίου πνεύματος. Είναι χεσμένοι μέχρι την κάλτσα.
0,"Τσίπρας: ""Ο ΣΥΡΙΖΑ δεν θα καταργήσει το κυνήγι!!!!!"" Ελα Παναγια μου....Τι δηλωση ειναι παλι αυτη...!!!! Στο Δαφνί θα μας βάλουν ετουτοι!!!"
0,ΕΜΕΙΣ ΤΕΛΕΙΩΣΑΜΕ!!! ΒΙΝΤΕΟ: ΑΥΤΟΣ Ο ΤΥΠΟΣ ΕΞΗΓΕΙ ΑΠΛΑ ΚΑΘΑΡΑ ΚΑΙ ΑΠΟΣΤΟΜΩΤΙΚΑ ΓΙΑΤΙ ΘΑ ΨΗΦΙΣΕΙ ΣΥΡΙΖΑ ΣΤΙΣ ΕΚΛΟΓΕΣ… http://t.co/OxpIb8415D
0,Εδώ ο κόσμος καίγεται και το ΠΑΣΟΚ χτενίζεται… http://t.co/CETLDJbIvn
0,Πώς η Νέα Δημοκρατία έχασε τη μπάλα: Είναι δύσκολο να βρει κανείς στα χρονικά κοινοβουλευτικής δημοκρατίας ένα... http://t.co/M5oXCRmNcu
0,"αν μεσα στο ψηφοδελτιο εχει και φωτογραφιες της δουνια, εγω μαλακες το λεω νδ θα ριξω"
0,"Μαλάκες κιαυτοί @pascal_: 3ο κόμμα σιγουρα η ΧΑ παιδιά μην πιστεύετε δημοσκοπήσεις,αρκετοί ψηφοφόροι της ντρέπονται να το πούνε στις έρευνες"
0,@serjmagas Ο Συριζα ειναι το νεο επεισοδιο και ειναι τα buffers του συστηματος @karareformas
0,"@delta_next οκ το ίδιο ψιλιάζομαι κι εγώ,πάντως δεν το διέψευσαν κατηγορηματικά ότι ο Σαμαράς είναι μαλάκας @neademokratia @MariaSpyraki"
0,@GioPas645 @EGiorgari @ToPotami όλα τα κόμματα έχουν πασοκογενείς βουλευτές κ στελέχη. Απο το 43% στο 3% πήγαν λογικό είναι να μετακινηθούν
0,Η Αντζελοποίηση της ΝΔ έφερε Φορτσάκη  http://t.co/kh0yIWZJhO http://t.co/fFd5Z8tl40
0,"μα είναι ""ενδιαφέρων"" ο ...φασισμός @bankingnewsgr Θα έχει πολύ μεγάλο ενδιαφέρον πάντως η Χρυσή Αυγή να είναι τρίτο κόμμα"
0,"@zappasaspa Χατζηδάκης: Ο ΣΥΡΙΖΑ είναι μέσα σε ένα ""ροζ ... http://t.co/bhnJrAY53s @FREEDYBRUNA"
1,@Dora_Bakoyannis Αυτο-καρφώνεσαι όταν αναρωτιέσαι ποιον ΠτΔ θα προτείνει ο ΣΥΡΙΖΑ  αποδεχόμενη την νίκη του αντιπάλου.
1,Μόνο από το ΚΚΕ ισχυρή αντιπολίτευση http://t.co/lPwIlz0Kxr
0,ΓΕΛΑΕΙ ΤΟ ΣΥΜΠΑΝ ΛΕΜΕ! Η Ξουλίδου που πήγε να εξαγοράσει η ΝΔ μέσω του Farmville και του Pet Rescue είναι κλεπτομανής http://t.co/fr8vlcJlzg
0,"@Obscureobjet Τζαμπατζήδες! Τώρα να ρθει ο ΣΥΡΙΖΑ να στρώσετε χαρακτήρα, λαμόγια."
0,"@adiasistos @ToPotami βάλε στον κουβά 2 Σημίτοπασοκους, 2 νέο-φιλελεδες, 3-4 απολιτικ τεχνοκράτες, μαγείρεμα σε μεγκαλο κανάλι να το κέντρο"
0,Το ΠΑΣΟΚ το εγκαταλείπουν πιο γρήγορα κι από τον Τιτανικό http://t.co/i1iEVqYlGa
0,"@avgerinosx Χατζηδάκης: Ο ΣΥΡΙΖΑ είναι μέσα σε ένα ""ροζ ... http://t.co/zl74kw1zuB @bathitweet"
0,"«Ο ΣΥΡΙΖΑ θέλει να στήσει παγίδα στον λαό»:  «Τομές, μεταρρυθμίσεις, ανταγωνιστικότητα  παντού», με αυτές τις ... http://t.co/6oWwbmhXzt"
0,Ο Μπίστης κατέληξε στο επικρατείας του ΠΑΣΟΚ ? πωωωωωωωω ! δεν παίζεται  το άτομο. όπου πόρτα ανοιχτή......
0,@neademokratia Μα τον Οικονόμου??? που θα την πάει την ΝΔ ο Σαμαράς και οι νεόκοποι δεξιοί συμβουλάτορες του ???...Κρίμα....
1,Ξεκάθαρο μήνυμα νίκης από τους υποψηφίους της ΝΔ http://t.co/5dddx6K0i6 http://t.co/6RPF5C90ei
0,"Την τελευταία φορά που πρόεδρος της ΝΔ προσπάθησε να παίξει μπάλα και να φτιάξει ""γήπεδο"" κατέληξε με ρίξη μηνίσκου https://t.co/VeP0qR7KJZ"
0,Λεονταρίτης: Υπάρχουν και όρια στις προεκλογικές σκοπιμότητες και στον ΣΥΡΙΖΑ τα ξεπέρασαν http://t.co/9owqiAfxkW
0,-Θα ψηφίσω ΚΚΕ για να τους πάω κόντρα. -11 8 80
0,"Το επαναλαμβανόμενο ,ανθελληνικό χτύπημα της βουλευτου του Συριζα .το ξαναδηλωνει εφθαρσως http://t.co/FynmeaAWIu"
0,"Θανάσιμος κίνδυνος για Ελλάδα, αν ο ΣΥΡΙΖΑ καθυστερήσει στη διαπραγμάτευση λένε οι New York Times http://t.co/7WlGTXztep"
0,"Μηπως ξέρεις και που ειναι η Αμερική; ""@ToPotami: Π. Καρκατσούλης: Το πρόβλημα στην Ελλάδα είναι ότι δεν εφαρμόζονται οι νόμοι #topotami”"
0,Σαμαράς - Ο ΣΥΡΙΖΑ θα κατεβάσει τις εικόνες!  http://t.co/mEFku7dm1Y #ekloges #ekloges2015
0,Ο Ντινόπουλος αγόρασε εξ'αιτίας του Αλέξη 50εκ. ευρώ σε χαρτί. Εχουν χεστεί πάνω τους στην ΝΔ μάλλον.
0,Και γιατί είναι ακόμα Νέα Δημοκρατία και όχι Νοικοκυρές σε Απόγνωση;
0,@gregoryfarmakis το ταλιμπανικο νεοφιλελευθερατο καλειται να διαβασει το αρθρο FIGARO για την εργαλειοποιηση του σαρλι απο ΝΔ @zoitsamou
0,Μου ζήτησαν το παιδί από τη ΝΔ για να παίξει τον Νικόλα στο σποτ. Το έστειλα σκλάβο στο Ντουμπάι. Καλύτερα.
0,"Τα Μνημόνια, κλπ, ο ΣΥΡΙΖΑ τα ξεσκίζει και αλλάζει χωρίς πρόβλημα.  Τις Αποφάσεις για Τζαμί, γιατί δεν μπορούμε να τις αλλάξουμε;;"
1,"Αν ο ΣΥΡΙΖΑ κανει οσα υποσχεται, ας βγει και ας χασουμε και το δωρεαν wifi του Σαμαρα #diplhs #poniro"
0,Θα έρθει ο ΣΥΡΙΖΑ να μας πάρει τις γυναίκες - χαχαχαχα δεν έχουμε χαχαχα
0,Βάζει πούλμαν η ΚΟ του ΚΚΕ Χολαργού για το ΣΕΦ http://t.co/HooWRpSzFQ #tweko
1,Ο ΣΥΡΙΖΑ έχει πρόγραμμα κ στόχους κ ίσως γίνει μια ικανή αστική κυβέρνηση.Δεν είναι καταστροφή για το σύστημα ούτε Ριζοσπαστική αριστερά.
0,@choricos Ενώ όσο συγκυβερνούσε με την ΝΔ ακολουθούσε την ίδια τακτική εκφοβισμού. Δεν βρίσκει τρόπο να κάνει αντιπολίτευση στον Σαμαρά.
0,[ΠΟΛΙΤΙΚΗ] Τα βρόντηξε και έφυγε από τον ΣΥΡΙΖΑ ο Χάρρυ Κλυνν! Αποχώρησε με αιχμές κατά του Αλέξη Τσίπρα http://t.co/eMXtxdp9bz
0,... κόμματος Σταύρου: «Το Ποτάμι είναι μόρφωμα που εξυπηρετεί το σύστημα» | Το Κουτί της Πανδώρας http://t.co/nzdN0YpQiy via @Kouti_Pandoras
0,@avgerinosx ΕΚΛΟΓΕΣ 2015: Ναυάγησε η συνεργασία ΣΥΡΙΖΑ – Χάρρυ Κλυνν: «Δεν φυλάω κατουρημ... http://t.co/qSdudbHXYo @damalakes @kali_nda
0,@mari_zonaki ναι πολυ! Ξεχρεωνουν τη ΝΔ απο τοτε κι εχουν πολλα γραμματια ακομα να ξοφλησουν
0,ΤΑ ΝΕΑ ΤΗΛΕΟΠΤΙΚΑ ΣΠΟΤ ΤΗΣ Ν.Δ. ΚΑΙ Η ΡΑΓΔΑΙΑ ΕΞΕΛΙΞΗ ΤΟΥ….ΜΑΛΑΚΑ !!! [ video ] http://t.co/m7Vim2FiGt
0,@dimoikonomu ΠΟΛΥ ΣΚΛΗΡΟΣ Ο ΒΑΣΙΛΑΚΗΣ ΜΕ ΤΙΣ ΜΕΤΑΓΡΑΦΕΣ!!!ΜΟΝΟ ΜΕ ΤΟΝ ΣΥΡΙΖΑ Ο DAVARITS ΕΙΝΑΙ ΠΟΙΟ ΧΑΛΑΡΟΣ.ΝΑ ΤΟΝ ΑΚΟΥΤΕ.ΕΧΕΙ ΜΟΥΣΙ ΚΑΙ ΤΟ Ξ
0,"ΧΥΝΩ ΠΡΟΚΕΣ @Arhsx κι όμως είναι υπέρτατος φασίστας, είναι η προσωποποίηση της χυδαιότητας και είναι έμμισθος της ΝΔ @yX__"
0,"προ Σύριζα καταργήθηκε δώρο Χριστουγέννων-Πάσχα,επίδομα αδείας @AthDimitriou τώρα με Σύριζα θα καταργηθούν Χριστούγεννα,Πάσχα ο 15αύγουστος;"
0,Άλλον ένα Ντινοπουλο να είχε η ΝΔ θα κέρδιζε σίγουρα την πλειοψηφία από τις μουνζες του λαού.
0,@avgerinosx Η Αντζελοποίηση της ΝΔ έφερε Φορτσάκη http://t.co/xzshgI37zb @damalakes @kali_nda
0,"Ας ΜΗΝ ομιλούν οι Κομμουνιστές για ΜΑΚΕΔΟΝΙΑ,γιατί 30/1/49 η 5η Ολομέλεια του ΚΚΕ ανεγνώρισε Μακεδονική γλώσσα καιτο δικαίωμα αυτοδιαθέσεως."
0,Τότε π ο ΣΥΡΙΖΑ με ψεκασμένους κ ακροδεξιούς εξαπόλυαν ύβρεις και απειλές προς τον Γ. Παπανδρέου http://t.co/RDtqhx6vYR via @larissanetgr
0,filologos10: Η Αντζελοποίηση της ΝΔ έφερε Φορτσάκη http://t.co/g5geTa3aTR via @avgerinosx
0,"Σποτ ΝΔ με Σαμαρά να προσπαθεί να κάνει κοντρόλ και Μαρκαριάν από τον πάγκο να φωνάζει ""ΤΙ ΜΑΛΑΚΑ ΕΙΝΑΙ, ΤΙ ΜΑΛΑΚΑ ΕΙΝΑΙ!"" #ekloges2015"
0,"Στο σποτ του σύριζα ο Τσιπρας θα μιλάει σε πιτσιρίκια, παιδιά μεταναστών, από τον παιδικό σταθμό του Ερνέστο."
0,ΦόβοςRT @gmourout: Προς Θεού ο ΣΥΡΙΖΑ δεν είναι άκρο -  Ραχήλ Μακρή υποψήφια ΣΥΡΙΖΑ:«θα στήσουμε κρεμάλες για τους (εκλεγμένους) δωσίλογους»
1,«Ο ΣΥΡΙΖΑ είναι το κατεξοχήν κόμμα των μεταρρυθμίσεων» http://t.co/CcPC0LGzuM
0,Ν.Δ: Ο ΣΥΡΙΖΑ θέλει να μας κάνει Βενεζουέλα http://t.co/TO3CUoduL8 via @AntennaNews
0,@nkaklamanis Η @neademokratia υιοθετεί την απαγόρευση στον αυτοπροσδιορισμό του κ. Κακλαμάνη;
1,ΣΠΑΕΙ ΤΑΜΕΙΑ ΤΟ ΝΕΟ TV ΣΠΟΤ ΤΗΣ ΝΔ @neademocratia  ΜΕ ΤΟΝ ΣΑΜΑΡΑ ΚΑΙ ΤΗ ΜΠΑΛΑ !!! http://t.co/iCxXXBMaXV #Nea_Dimokratia @Samaras
1,"@mariosp51 όχι και ΟΛΟΙ, είμαστε και εμείς με το ΚΚΕ που θέλουμε και παραθέλουμε."
0,Πάρε κόσμε! Λεφτά που δεν υπάρχουν! Ψηφίστε τους!  Τα μέτρα του ΣΥΡΙΖΑ για την εργασία :: left.gr http://t.co/i0GvR8PLxt
0,Ντινόπουλος: Ο ΣΥΡΙΖΑ είναι η «Αριστερά του χαβιαριού» http://t.co/OCKAqVTrpS
0,Στην Αμφιπολη θα βρεθουν τα οστα του Μεγαλεξαντρου που εστησε το φραχτη στον Εβρο κ ειναι υποψηφιος της ΝΔ στην Πελλα. 51% o SSαμαράς
0,Μακρια απο τον ΣΥΡΙΖΑ θα μας κανει Βενεζουέλα.
0,"Ο Α. Δημοσχάκης υποψήφιος της ΝΔ στον Έβρο, ήταν αρχηγός της ΕΛ.ΑΣ στην υπόθεση της ζαρντινιέρας. #ekloges2015 #nd http://t.co/1NKAezrjT5"
0,Απ τα ζάππεια ξεμείναν αυτά? “@neademokratia: #ekloges2015 Σαμαράς: Μείωση στη φορολογία και τις ασφαλιστικές εισφορές”
0,Αργ. Ντινόπουλος: «Ο Κουβέλης πληρώθηκε καλά» - Έντονη αντίδραση της ΔΗΜΑΡ http://t.co/MAHDebtqAW
0,Ποιον άλλον; Το μπαμπά σου! RT @Dora_Bakoyannis: Ποιόν θα προτείνει για Πρόεδρο της Δημοκρατίας ο ΣΥΡΙΖΑ μετά τις εκλογές;
0,νεο κυμα κακοκαιριας. ερχεται ο συριζα και φερνει μαζι του το ρωσικο χειμωνα
0,επι ΝΔ ποτε νεκροθαφτης εμεινε παραπονουμενος παντα μας φροντιζε κ την στηριζουμε αυτα //
0,"Αφού ο ΣΥΡΙΖΑ για να κυβερνήσει γίνεται Χούντα. Και γουσταΡαχηλάρει. “@IKOKKINAKOU: Στο ""εμετικο"" MEGA  στελνει ο Αλεξης αρθρογραφο Αυγης.”"
0,Χ. Κλυνν: Δεν τηρήθηκε η «συμφωνία κυρίων» από τον ΣΥΡΙΖΑ http://t.co/j08PbKvcjj http://t.co/aGeKXh3OVe
0,Η μαλακία της ημέρας : Στ. Θεοδωράκης: Το Ποτάμι δεν θα δεχθεί να είναι σε μια κυβέρνηση κομματικών υπαλλήλων !!!
0,Όταν ο Άδωνις διαψεύδει τον Μουρούτη και τη ΝΔ #lemetinalithia http://t.co/LqKW7IRNuy http://t.co/ySFaeQ6dqz
0,"Εύα Καιλή, σήμερα στη ΝΕΡΙΤ - ""Ο ΣΥΡΙΖΑ μιλάει με διφορούμενα πολιτικά http://t.co/a3jc1W974E http://t.co/pkDJKX9vzz"
0,"-Δώσε τη μπάλα ρε θείο...!! -Αν δεν ψηφίσει ΝΔ ο πατέρας σου, θα στη σκάσω.."
0,petropouli ΙΚΑΡΙΑΣ: «Το Ποτάμι είναι ένα μόρφωμα που εξυπηρετεί το σύσ... http://t.co/S3QrFrif2R
0,@kori_miliou Εδώ δες κόρη η ΝΈΑ ΔΗΜΟΚΡΑΤΊΑ τις παίρνει ξεβράκοτες. ΑΙΣΧΟΣ!!! http://t.co/ASBVk8E1xZ
0,Εδώ ο κόσμος καίγεται και το ΠΑΣΟΚ χτενίζεται... - hellasforce http://t.co/yqJLsmyHs3
0,@atsipras με τους συνδικαλιστές του ΠΑΣΟΚ μαζι σου ναι σε πιστεύουμε http://t.co/SbKyua24jA
0,"Η αλήθεια είναι ότι ο ΣΥΡΙΖΑ θα μπει στο σπίτι σας και θα σας γαμήσει την αδερφή, τη μάνα, και την κόρη https://t.co/QiVUd4HTQe"
0,Η ΝΔ θα καταπολεμήσει τη διαφθοχαχαχαχαχαχαχαχα http://t.co/s1eLsCVWAF
0,Δεν πήγε ο Βαρουφακης στο ΣΥΡΙΖΑ. Ο ΣΥΡΙΖΑ πήγε στον Βαρουφακη.
0,Θα πάει ο Καρτερός στο Μέγκα και ο Συριζα θα πολεμήσει τα συμφέροντα.Εδώ πέφτεις κάτω απ τα γέλια
0,Γεωργιάδης: Θα γίνουμε Βενεζουέλα αν γίνει κυβέρνηση ο ΣΥΡΙΖΑ http://t.co/8rmO2so6lV http://t.co/CZjAF5bNUN
0,Πρέβεζα: ΑΠΙΣΤΕΥΤΟ!! Η Ν.Ε. του ΣΥΡΙΖΑ Πρέβεζας αμφισβητεί ανακοίνωση της συντονιστικής επιτροπής της… http://t.co/Z4FZR4xP7x #Πρέβεζα
0,Δεξί X-Trem(i): ΚΛΑΙΩ! Το πρώτο σποτάκι του Πανάρα με τρελό γέλιο: Ψηφίστε μας για τσόντα του ΣΥΡΙΖΑ http://t.co/Oi3xRTUCg7
0,εχετε κοψει καπίστρι  https://t.co/xCzhjn8DAB Rt @Dexi_Extrem Η μονταζιέρα του ΣΥΡΙΖΑ διακινούσε πλαστό tweet της Ασημακοπούλου
0,Το πρόγραμα του σύριζα λέει ότι θα κατεβάσουμε τις εικόνες και στη θέση τους θα μπουν ανάποδοι σταυροί και νεκροκεφαλες Αντώνης Σαμαράς
0,@KOPRITHS @ToPotami βλακες ειναι...θυμισου τους οπαδους του μπαρμπα Κουβελη πριν δυο χρονια....τις ιδιες βλακειες..
0,"στο Καρφί: ""Ξύπνα Αντρέα για να δεις, πως ακόμα μας γαμείς"" και μαζί dvd με την ομιλία του ""το ΠΑΣΟΚ στην κυβέρνηση, ο λαός στην εξουσία"""
1,Μήνυμα στήριξης του Πάμπλο Ιγκλέσιας των Podemos για τον ΣΥΡΙΖΑ και τον Αλέξη Τσίπρα (ΒΙΝΤΕΟ) http://t.co/gsjwp1CZGg
0,έλα αλήθεια εκεί στην ΝΔ πληρώσατε για αυτό το εμετικό σποτάκι;#ekloges2015
0,@katergaris @ToPotami και πάλι σύμφωνος αλλα δεν υπάρχει επαφή στα προγράμματα σκέψου και φαντάσου λαφαζανη Τσούκαλη Ραχήλ γουναράδικα ...
0,@Exkoz πόσοι βουλευτές του ΣΥΡΙΖΑ πήγαν μάρτυρες υπεράσπισης της 17 Νοέμβρη. Ποιος ΣΥΡΙΖΑ υπερασπίστηκε το Πακιστανόάφησε ανάπηρη τη Μυρτω
0,"Δηλαδή γ ν είσαι υποψήφιος πρεπει να είσαι μπουλης σαν το Βαρβιτσιώτη??? ""@pascal_: υποψήφιος ΑΝΕΛ στη Β' Αθηνών http://t.co/vVagAQ7tiN"""
0,Άδειασε η θέση του πρύτανη του ΕΚΠΑ τώρα που κατεβαίνει με ΝΔ ο Φορτσάκης. Nα μου το θυμηθείτε ότι ο επόμενος... http://t.co/ldywgz1lOq
0,"""Βενιζέλος: Το ΠΑΣΟΚ πάει για ιστορική νίκη στις 25 Ιανουαρίου"". Έκοψε την αλυσίδα ο χοντρός, πάει σάλεψε."
1,"Τα ωραιότερα ..καπούλια της ΝΔ στην Α΄Πειραιά!! Δαγκωτό Νόνη.. - ""Ο ΕΠΙΧΕΙΡΗΜΑΤΙΑΣ"": http://t.co/RzKLtIltKr"
0,Για την κόντρα ο σύριζα πρέπει να βγάλει διαφήμιση σε Κ.Α.Π.Η. αν θέλει να λέγεται ανατρεπτικό κόμμα    #ekloges2015
0,@EFSYNTAKTON @ToPotami με μπαλκονια και ιπταμενους αναρχικους?
0,@koprotkin παντου εχει ουγκανα μωρε. Τα ουγκανα της ΝΔ πήγαν στη ΧΑβγη. Ε κατι αναλογο θα συμβει με σρζ ταν θα διασπαστει @proedrosedessa
0,"ΣΤΙΣ ΕΝΝΙΑ ΤΟΥ ΜΑΚΑΡΙΤΗ, ΑΛΛΟΝ ΜΠΑΣΑΝΕ ΣΤΟ ΣΠΙΤΙ. @TheTOC_gr: Ο «ξαφνικός έρωτας» της διαπλοκής με τον ΣΥΡΙΖΑ ."
0,"Προφανώς, για την Νέα Δημοκρατία οι νέοι είναι οι κομπάρσοι του σήμερα και οι δούλοι των 400€ του αύριο."
0,Γ. Παπανδρέου: Ο ΣΥΡΙΖΑ είναι εκτός πραγματικότητας - Θα δημιουργήσει νέες περιπέτειες
0,ΚΑΦΕΝΕΙΟ: Η κυβέρνηση ζητάει τα ρέστα από τον ΣΥΡΙΖΑ για το μαλακας του Αρβανίτη…Ο λαός τους δίνει την απάντηση: http://t.co/2StCwxWJ06
1,"Λίγο γλυκανάτο αλλά επίσης καλό, σαφές και με καθαρή την αντίθεση ""μιζέρια-ελπίδα"" το σποτ του ΣΥΡΙΖΑ  https://t.co/GZp4IwuYQS"
0,Η ΝΔ ανταμείβει για την υπόθεση της «ζαρντινιέρας» τον τότε αρχηγό της ΕΛ.ΑΣ - Θα είναι υποψήφιος http://t.co/Jh5AYdHKAB via @Kouti_Pandoras
0,"New York Times: Σενάρια για bank run, δραχμή και «κωλοτούμπα» ΣΥΡΙΖΑ - http://t.co/Jjsq9GkTBW"
0,"""'Οχι άλλες μειώσεις. Ήρθε η ώρα για αυξήσεις"".  Αν είχε χιούμορ ο ΣΥΡΙΖΑ θα απαντούσε: ""Τα λεφτά που θα τα βρείτε;"""
0,Τέτοια διύλιση των υποψηφιοτήτων ενός κόμματος όπως γίνεται με αυτούς του ΣΥΡΙΖΑ δεν έχει υπάρξει ξανά.
0,Ειναι η καλυτερη περιοδος νομιζω να μιλησει ο ΣΥΡΙΖΑ για την αγαπη του στους λαθρομεταναστες
0,"Χυδαία συμπεριφορά του ΣΥΡΙΖΑ στον πατριώτη Χάρρυ Κλυνν. Κυβερνήστε με Τρεμόπουλους, για να φύγετ… http://t.co/D1mgo0ePQh via @LoutrakiOne"
0,"ΘΑ ΤΟΥΣ ΚΛΑΣΕΙ,ΟΠΩΣ ΜΕ ΔΟΛ""@bankingnewsgr: FT: Ο ΣΥΡΙΖΑ στρέφεται εναντίον των Ελλήνων ολιγαρχών - Από θέμα ταμπού σε... άμεση προτεραιότητ"
0,Στο επόμενο σποτ της ΝΔ ο Σαμαράς θα εξηγεί σε ελληνοαφρικανούς έφηβους μπασκετμπολίστες ότι Έλληνας γίνεσαι μόνο μέσω των NBA drafts.
0,"Ε, αφου ο Παγκαλος λεει οτι θα ψηφισει ΝΔ , ηλθε η ωρα να ψηφισω ΓΑΠ"
0,"η αμήχανη για νεοφιλελέδες και αριστεροσυριζαίους στιγμή που βλέπουν ΣΥΡΙΖΑ και χρηματιστήριο να ανεβαίνουν, και τα spread να πέφτουν"
0,Γελάει ο κόσμος - Βενιζέλος: Δεν θα συνυπάρξουμε με τη ΝΔ ξανά http://t.co/PfOZIKUmVX
1,Μια κυβέρνηση ΝΔ-ΠΟΤΑΜΙ θα είναι καλύτερη πιο μεταρρυθμιστική και πιο φιλελεύθερη. Το ΠΑΣΟΚ μόνο του λόγω παρελθόντος δυσκολεύεται.
0,@tsapanidou.Πλειοψηφια οι δημοσιοκαφροι που κατεβαινουν για εκλογες.Ο λαος μας λεει οτι οι πρωτοι που φτενε για την κατασταση ειναι αυτοι.
0,"Σαμαράς από Γιάννενα: ""Ο Συριζα είναι το ατύχημα που δεν πρέπει να συμβεί. Κ δε θα συμβεί!"".Άμα έχεις θετικό πολιτικό λόγο ρε παιδάκι μου.."
0,Πάγκαλος: Στις εκλογές θα ψηφίσω Σαμαρά να μην έρθει ο ΣΥΡΙΖΑ  http://t.co/brV8fSODvh Τα τετράγωνα μυαλά δεν έχουν άλλη επιλογή...
0,@CharOfTheSun ε ναι! Οχι σαν την αλλη τη μαλακια που τους εβγαζε ολους πασοκ http://t.co/0Hr1hx53wY
0,Υποψήφιος με την Νέα Δημοκρατία ο καταδικασμένος Ευ. Μπαλάσκας #ekloges2015 http://t.co/iMe2cWbsZ9
0,"ετοιμάζω κείμενο ""γιατί αποφάσισα να ψηφίσω ΣΥΡΙΖΑ και γιατί μου πουλάνε συνεχώς ληγμένα ναρκωτικά"""
0,ΔΕΝ ξέρεις; Μάντεψε ποιος θα πληρώσει τα δάνεια των 140.000.000 του ΠΑΣΟΚ Βενιζέλου και... http://t.co/zZjCIHq0J5
0,Ο βλάκας ο Αρβανίτης μιλάει για το Μητροπουλο του ΣΥΡΙΖΑ το φοροφυγά http://t.co/BOPZNehxXW
0,"Τόλμησες να κρίνεις ή να σατιρίσεις το Ισλάμ; Πως τολμάς ""Άπιστε"";;; Εις θάνατον!!! τι θα κάνει ο ΣΥΡΙΖΑ για την… http://t.co/jf2y45LsMn"
0,Σε ποιο κόμμα είπες @Gerogriniaris ότι είναι φιλικοί προς τη ΧΑ βουλευτές όπως η Ραχήλ Μακρή? @LymperiO @Paratiritirio_ @atsipras
0,«Ο ΣΥΡΙΖΑ αντιγράφει το σύνθημα ″τα λεφτά υπάρχουν″»  http://t.co/H4vvgB3UdY
0,Πολιτική ΝΔ : Αν είσαι 18 δεν μπορείς να ψηφίσεις.Αν πάλι είσαι πάνω από 80 εννοείται ότι πρέπει να πας τρέχοντας.
0,@freedybruna Η ΔΗΜΑΡ ανακάλυψε τη «βρωμιά» της κυβέρνησης! Στα «κάγκελα» για τον Ντινόπουλο http://t.co/WjdJYPhuoK @damalakes
0,"Στη ΝΔ ειναι μια ωραια ατμοσφαιρα στα καμαρινια κ αυτο βγαινει στον κοσμο που διασκεδαζει ..., http://t.co/U2bpwD5wRB"
0,"Διονύσιος Καραλής: ""Η ΝΔ βρίσκεται σε ΠΑΝΙΚΟ"" http://t.co/rwEznwN08M"
0,«Πληρώνουν» καλά Βενιζέλος για Πρωθυποργός και ΑΝΕΛ για τρίτο κόμμα http://t.co/cKGu2VcKBI via @EMAILiT
0,Οι νεοδημοκρατες που προσπαθουν να εισπραξουν απο την κοντρα ΑΕΚ- Συριζα θα παρουν 2 αρχιδια.
0,Υβριστικοί χαρακτηρισμοί του Κώστα Αρβανίτη κατά Σαμαρά εξοργίζουν τη ΝΔ http://t.co/Ypafzt2K5B
0,@stamatismalelis Θυμαμαι όταν ο ΣΥΡΙΖΑ κατεκρινε το μπονους των 50 εδρων και ζηταγε να καταργηθει! Η μεταλλαξη αρχισε! Τι κανει η εξουσια...
0,Τραίνο λένε έρχεται ο ΣΥΡΙΖΑ Μόνο που ο..σταθμαρχης του έδωσε λάθος πορεία! Άλλαξαν οι γραμμες http://t.co/YFENPxaABm http://t.co/HMz2gJUGqE
0,-Κοίτα πανηγυρίζει ο μουρούτης νεκρούς  -Κοίτα είπε στέλεχος του Συριζα τον Σαμαρά μαλάκα  Πολιτικός αντίλογος με επιχειρήματα όχι μαλακίες
0,"Εσείς οι νεολαίοι της ΝΔ που κάνετε προεκλογικές συγκεντρώσεις σε σπίτια, κάνετε και καμιά παρτούζα μετά; Ή σας έχουν τελειώσει τα βιάγκρα;"
0,Είδαν στον ΣΥΡΙΖΑ ότι ανέβηκαν τα ποσοστά του και είπαν να βάλουν τη Ραχήλ στο ψηφοδέλτιο για να αποφύγουν την αυτοδυναμία.
1,Ο ΣΥΡΙΖΑ έχει ανοίξει ενημερωτικούς λογαριασμούς τουίτερ σε πολλές ευρωπαϊκές χώρες στην τοπική γλώσσα. Έξυπνη κίνηση.
0,H μαμά ειπε:Hλίθιοι της ΝΔ Τζάμπα promotion κάνετε στ διαδικτυακη συνέντευξη Τσιπρα με τις περιστερομπούρδες σας!ΠΟΣΟ ΗΛΙΘΙΟΙ??#ekloges2015
0,Τι ατυχία να σε λένε #elenimenegaki και να είσαι υποψήφια με το ΚΚΕ #ekloges2015
0,To ΠΑΣΟΚ σε αυτες τις εκλογες θα παρει  τα ........ ξέρετε  τι. Τι μαλα.... και το ψυφηζα τοσα χρονια.Αυτο το... http://t.co/P6iHkIOY8l
0,"@Olioanna Δεν ακούει ο Νικολάκης, και θα πάει να ψηφίσει κανέναν ΣΥΡΙΖΑ και θα τρέχουμε."
0,Δείτε τι έλεγε η Νέα Δημοκρατία πριν τις εκλογές του 2012 για τις κατασχέσεις μισθών και συντάξεων (βίντεο)   http://t.co/GBhCfcA9fa
0,@avgerinosx Υποψήφιος με την Νέα Δημοκρατία ο καταδικασμένος Ευ. Μπαλάσκας #ekloges2015 http://t.co/u7rN3SV5TX @FREEDYBRUNA
1,Δυναμικά με το ΠΟΤΑΜΙ στην Ημαθία η  Ίλια Ιωσηϕίδου – Αποστόλου:   Ίλια Ιωσηϕίδου – Αποστόλου Γεννήθηκε και με... http://t.co/H9VrSOPqMb
0,@blacktom1961 η Τζακρη ηταν στο ΠΑΣΟΚ αρα αριστερη !
1,Όλα τα αποθεωτικά για τον Τσίπρα και τον ΣΥΡΙΖΑ δημοσιεύματα των ξένων ΜΜΕ http://t.co/yv7sxhmco1
0,Λέει η Λιάνα ότι με την υπόσχεση @syriza_gr για 751€ θα απολυθούν οι 800-900€ για να προσληφθούν με 751€. Δλδ με τα 1400€ του @KKEGreece τι;
0,"""ο ένας κανει το άλογο &amp;ο άλλος τον καβαλάρη"" @FotiosDaglis:απομονώνουν φράσεις τ Λένιν για να υποδείξουν λάθος στρατηγική ΚΚΕ στιςσυμμαχίες"
0,uNews24.gr Σπυράκη: Στόχος του ΣΥΡΙΖΑ η έξοδος της χώρας από το ευρώ - «Και ύστερα κατηγο... http://t.co/TYJWSMwS1N http://t.co/TtUcQo5JEl
0,"η αλήθεια είναι πως μετά τη διαφήμιση σύριζα πως  ""η ελπίδα έρχεται"" περίμενα ο Σαμαράς να απαντήσει με Μπεσυ Αργυρακη"
0,"Λαπαβίτσας: Η ΝΔ ζητάει καταφύγιο στη συκοφαντία, στη διαστρέβλωση και στην επιλεκτική ανάγνωση http://t.co/QPwr7Oxsl5"
0,Θα στεναχωρήσουμε τα τρολ....αλλά η Χρυσή Αυγή μπορεί να είναι προφυλακισμένη αλλά θα είναι τρίτο κόμμα
1,10 λόγοι...για να ψηφίσω ΣΥΡΙΖΑ - triklopodia.gr http://t.co/e4b9L2Utuf
0,Το Επικρατείας της ΝΔ θα ανακοινωθεί μεσάνυχτα και αμέσως θα μεταμορφωθεί σε κολοκύθα;
0,@FotiosDaglis Ειλικρινά προσπαθώ να βγάλω άκρη χωρίς προσπάθεια χλευασμού (προσπαθώ τουλάχιστον) γιατί με πονάει το ΚΚΕ όπως είναι σημερα!
0,Οργή ΔΗΜΑΡ για τις «χυδαιότητες Ντινόπουλου»:   Την οργισμένη αντίδραση της Δημοκρατικής Αριστεράς προκάλεσαν ... http://t.co/fn2ME4R4dh
0,"ΕΛΕΥΘΕΡΙΑ ΡΕΕΕΕ!!!!!: Τσίπρας: Όχι Grexit, αλλά Samaras-exit – Ο ΣΥΡΙΖΑ ... http://t.co/oPlJwWBrQl"
0,@bankwars  ••• δεν γνωρίζω αν ο ΣΥΡΙΖΑ ειναι άτύχημα .... αλλά ηπολιτική σταδιοδρομία του εν λόγω ... ειναι πολιτικό δυστύχημα •••
0,".@Melangene Aναρωτιέται κανείς διαβάζοντάς σας, αν κάνετε οτιδήποτε άλλο στη ζωή σας πέρα από το να χλευάζετε @ToPotami… #topotami"
0,Αυτοί που ψηφίζουν ΠΑΣΟΚ είναι όσοι τους χρωστάει και δεν θέλουν να διαλυθεί μπας και πάρουν κανα φράγκο. Δεν εξηγείται αλλιώς. #ekloges2015
0,Θεέ μου μόλις είδα το σποτάκι των ΑΝ.ΕΛ.  Ο ΧΡΙΣΤΟΣ ΚΑΙ Η ΠΑΝΑΓΙΑ ΚΑΙ ΟΙ ΠΑΙΔΟΦΙΛΟΙ ΜΑΖΙ   #ekloges2015
0,"Πήξαμε στη κάπνα . Στη ΝΔ υποψήφιοι είναι ο γιός του Σταυρου,τα παιδιά του Κώστα,η κορη του Πετρου ... http://t.co/ptUnHxgiuY"
0,"Μα βάλανε τον κακό Αρχητσοπάνη της ΝΔ που είναι αγράμματος άσχετος μπεκρονταής, να πάει κόντρα στο Βαρουφάκη? Κλαίνε όλα μας τα γίδια #skai"
0,Και γαμώ και την Νέα Δημοκρατία γιατί ειμαι πολιτικο ακκάουντ στην τελική όχι κλαψομούνικο!!!!
0,@parodynews @Aph_Kay @syriza_gr @atsipras θα γίνει και στα αγγλικά η συζήτηση??? #klaiw_goera
0,Η απορια της ημερας. Γιατι ο ΣΥΡΙΖΑ δεν ψηφισε την προστασια της 1ης κατοικιας αλλα τωρα θυμηθηκε τον κινδυνο τν ενδεχομενων πλειστηριασμων?
0,Άρον-άρον αποσύρθηκε το προεκλογικό σποτ της ΝΔ για τους στρατιωτικούς... Για ποια αλήθεια και ευθύνη τους μιλάς; http://t.co/tTXdde1wc8
0,Βλάκες είναι από το εξωτερικό για μαςΚορυφαίοι διανοούμενοι υπέρ ΣΥΡΙΖΑ - Η Αυγή Online http://t.co/FC1siSD692 via @sharethis
0,@ savatokyriako Δεν άκουσα από την αρχή.Τι λέει ο κ Παπαδημούλης;Εξακολουθεί να θέλει ο Συριζα αφοπλισμό αστυνομίας; Δεν είναι οικονομία όλα
0,Ντινόπουλος για Κουβέλη: “πληρώθηκε καλά”- ΄Εξαλλοι στη ΔΗΜΑΡ http://t.co/iId2fwE3CE http://t.co/pNxNhFjqlF
0,Απο σημερα έχω αποφασίσει να τηλέφωνω κσθε πρωι σε δυο τρεις φιλους μου που στηρίζουν ΣΥΡΙΖΑ για να βλέπω αν είναι καλα γιατί η μπαλά χαθηκε
0,Citigroup: Υπερβολικός ο φόβος των αγορών για ενδεχόμενη νίκη του ΣΥΡΙΖΑ στις εκλογές http://t.co/eowWX2lLS4
1,Οι γυναίκες του Σταύρου -Δυναμικές και υποψήφιες στο Ποτάμι από άποψη [εικόνες] | iefimerida.gr - http://t.co/9Mkxzk5Sl1
0,Ο Κων. Χολέβας της ΝΔ στέλνει τον Τσίπρα στην Ιερά Εξέταση – Τζιχαντιστικό παραλήρημα! http://t.co/xCyLcJVSvP
0,"@NEMECIS_ @NodarasSpiros καλά ψήφισε εσύ ΣΥΡΙΖΑ ώστε να νομιμοποιήσουν 1,5 εκατομμύριο ""λαθρο"" που θα ψηφίζουνε &gt;&gt;&gt;"
0,@Souidos @Gerogriniaris τὸ παίζει πολιτικὴ δύναμη καὶ ἀναδιαθρώτρια τῆς Ν.Δ. Θα φάει διαγραφὴ καὶ θα γελάνε ὄλοι...
0,"Ενα, δύο, τρία ΠΑΣΟΚ http://t.co/OEronJFjnu Οι αμοιβάδες αναπαράγονται διά της διχοτόμησης, της διαίρεσης.... http://t.co/NAeLXfnfeH"
0,Σαμαράς: Ο ΣΥΡΙΖΑ είναι ένα ατύχημα που δεν πρέπει να συμβεί http://t.co/m1kJki4Jns #Πολιτική @madata
0,Βλεποντας το ψηφοδελριο Επικρατειας της ΝΔ αναρωτιεμαι γιατι τους πηρε τοσο πολυ να το κατασρτισουν..  Κριμα. Αλλη μια χαμενη ευκαιρια....
0,"Η ΝΔ καταδικάζει τον χαρακτηρισμό ""μαλάκας"" για τον Σαμαρά. Αυτό σημαίνει οτι ο πρωθυπουργός δεν αυνανίζεται;"
0,"@gmourout Πέστα ρε Μουρούτη! 5,60 δίνει το στοίχημα, άντε να κερδίσει η ΝΔ να ρεφάρουμε!"
0,"@michelemic1 ναι, για αυτόν που είχε 20 δικογραφίες σε βάρος της ΧΑ και τις ενεργοποίησε μετά τη δολοφονία @Ouinston @px75 @C_Papachaviaris"
0,είναι τόσο στριμωγμένα τα πράγματα από τα ονόματα της ΝΔ στην Β Αθήνας που δεν θα εντυπωσιαστώ αν κάποιοι προσγειώσουν ουφο στο Περιστέρι
0,"Οποιος δε βγήκε ΔΗΜΑΡ στο χελπμιβόουτ, να σηκώσει το χέρι του :)"
0,"Στο site του ΣΥΡΙΖΑ και στον τομέα ""Προγραμματικές Θέσεις"" μήπως έπρεπε να υπάρχει και ένα εκτενές κείμενο με τις θέσεις π.χ. για οικονομία;"
0,Το όνειρο των ορφανών του ΣΥΡΙΖΑ http://t.co/bHyn4izrci
1,«Η Ν.Δ. είναι η μόνη παράταξη που έχει πυξίδα έχει στόχο» http://t.co/9EovMHho5k
1,@karkatim7 @kanekos69 @konel_valar https://t.co/7YH7z98xLX κ το Ποτάμι είναι μια αξιοπρόσεκτη λύση σε επίπεδο προσώπων.
0,"Ακούω τοποθετήσεις στελεχών του ΠΑΣΟΚ και αισθάνομαι ότι τους χρωστάω και το οξυγόνο που αναπνέω, επειδή ανέπτυξαν την ""εθνική στρατηγική""."
0,O ΣΥΡΙΖΑ είναι πατριωτικός με την έννοια ότι είναι με μας και διεθνιστικός με την έννοια ότι δεν υπάρχουν άλλοι. #enikos
0,"Top story: Φορτσάκης: Ο ΣΥΡΙΖΑ θα μας γυρίσει σε μαύρες εποχές | Ysterografa http://t.co/RSKVniVBfe, see more http://t.co/1xOWFJtcT1"
0,"Πάλι καλά, ο Μπόμπολας δίνει στο Ποτάμι κάτω από 6,6% Δείτε όλες τις αποδόσεις που δίνει η στοιχηματική του εταιρεία https://t.co/MxIwsXjHKa"
0,"Στο ΣΥΡΙΖΑ λέει το μονο που κάνουν ειναι να βρίζουν,του απαντώ γιατι το λες αυτο γαμω την μπανα'ι'αμ και παρεξηγήθηκε!  Δεν εχει @twitter"
1,Στις 25 όσο η ΝΔ θα αναζητάει της ευθύνες της ήττας εσύ θα ζεις το κόκκινο όνειρό σου.... http://t.co/d2P74AaXlH
0,"""Γκερέκου:Ή θα πηγαινα στη ΝΔ ή σπιτι μου"".Ντάξει και στο δικο μου σπιτι αν με περιμενε ο Βοσκοπουλος ουτε εγω θα ηθελα να παω..."
1,Όλα τα αποθεωτικά για τον Τσίπρα και τον ΣΥΡΙΖΑ δημοσιεύματα των ξένων ΜΜΕ http://t.co/XKccASqxdr
0,Ο Σαμαράς θα δημιουργήσει 20.000.000 θέσεις εργασίας. Τα χρυσά κουτάλια θα γίνουν πλατινένιε. Η χρυσή αυγή θα φυλάει την Ελλάδα.
1,Μεγάλη νίκη και δυναμική αυτοδυναμίας για ΣΥΡΙΖΑ - Προβάδισμα σε πέντε νέες δημοσκοπήσεις | Το Κο http://t.co/eCdCKPfhg3 via @Kouti_Pandoras
1,«Θα αποκατασταθούν οι συντάξεις των ομογενών»: Ο ΣΥΡΙΖΑ δεσμεύεται να στηρίξει με όλες του τις δυνάμεις τους… http://t.co/c4Yde70rQq
0,ΝΔ: Ο Αλέξης Τσίπρας και ο ΣΥΡΙΖΑ θέλουν να κάνουν την χώρα Βενεζουέλα… http://t.co/1x1kTujurk
0,Ακομα δεν βγήκε ο ΣΥΡΙΖΑ και οι πολίτες σφάζονται ποιος θα παρει πισω πρώτος την 13η σύνταξη
0,Θεοδωράκης: «Ο εφιάλτης του ΣΥΡΙΖΑ είναι η αυτοδυναμία του»: Mε αιχμές απάντησε ο Σταύρος Θεοδωράκης στη δήλωση του… http://t.co/Le84RY1W9Y
0,@rachelmakri -&gt;@syriza_gr  ο ΣΥΡΙΖΑ είναι ο φυσικός χώρος-έστω κ όχι μόνος-κάθε πολιτικού σούργελου.   ο ΑΠΙΘΑΝΟΣ ΤΥΧΟΔΙΩΚΤΗΣ ΑΛΕΞΗΣ ΤΣΙΠΡΑΣ
0,@fani_Clone το Ποτάμι γιατί έπαιζε Φανή πριν τις ευρωεκλογές; Πού είχε πάρει ποσοστά;Εδώ μιλάμε για κόμμα ΓΑΠ που έχει εκλεγμένους βουλευτές
0,Ο Σαμαράς κάνει κόλπα με την μπάλα στο προεκλογικό σποτ της ΝΔ http://t.co/9vMyT4tFae
0,Γιατί η Νέα Δημοκρατία θα χάσει τις εκλογές - http://t.co/2Mkgk3ye3M via @wwwhitandrungr
1,‘’ΤΕΡΑΣΤΙΑ ΠΡΟΣΜΟΝΗ ΤΟΥ ΚΟΣΜΟΥ ΓΙΑ ΝΙΚΗ ΣΥΡΙΖΑ ΣΤΙΣ ΕΚΛΟΓΕΣ’’ ΥΠΟΓΡΑΜΜΙΖΕΙ Ο ΓΙΩΡΓΟΣ ΠΑΝΤΖΑΣ http://t.co/peVc0GGRsY
0,"Έχουμε και λέμε:Κασιδιαρης να βρίζει, Προεδρος να φοβάται,ολη η ΧΑ μαζεμένη κ όλο το παρεάκι κάτω απο την εικόνα του Τζιζους.Ζε σουι έξαλλη"
1,"sitestories.blogpsot 'O ΛΑΟΣ ΕΙΝΑΙ ΤΟ ΑΝΑΧΩΜΑ ΣΤΗΝ ΠΟΛΩΣΗ''...:   Ο ΛΑΟΣ είναι το ανάχωμα στην πόλωση», δήλωσε... http://t.co/O3XM31lrXN"
0,Αυτο θα κάνει τη διάφορα και θα περάσουμε το ΣΥΡΙΖΑ .. Στρατηγική WOW http://t.co/I6fsTJNUmr
0,Ηρέμησα τώρα.... «ο ΣΥΡΙΖΑ εγγυάται τόσο τις καταθέσεις όσο και την ανακούφιση χιλιάδων νοικοκυριών από τα χρέη και τη φτώχεια».
0,"ΟΛΑ ΤΑ ΜΠΟΥΜΠΟΥΚΙΑ ΣΤΗΝ ΠΙΣΤΑ Όποιος πιστεύει ότι η Ελλάδα θα σωθεί απο το ΠΟΤΑΜΙ του Ψαριανού, του Τατσόπουλου... http://t.co/w4c4Molm9D"
0,@AdonisGeorgiadi ...και μετά ήρθαν εξωγήινοι με διαστημόπλοιο που έγραφε ΣΥΡΙΖΑ και εξαφάνισαν όλους τους Έλληνες και μετά....
1,"PrasiaOnline: Μ.Τριανταφύλλου:""Αυτοδύναμος ΣΥΡΙΖΑ - αυτοδύναμος λαός"" http://t.co/JNKJT8mbTe"
0,@tokinima Ο εργασιομανής @GreekPapandreou  δουλευε στο #Harvard το 2012 &amp; επαιρνε λεφτα απο την Ελληνική Βουλή @pasok http://t.co/VYioNei7BF
1,ΕΛΕΥΘΕΡΙΑ ΡΕΕΕΕ!!!!!: IIF: Ο ΣΥΡΙΖΑ θα νικήσει στις εκλογές της 25ης Ιαν... http://t.co/EUKpmR0C1A
0,ΟΣΟΙ ΘΑ ΨΗΦΙΣΕΤΑΙ ΝΕΑ ΔΗΜΟΚΡΑΤΙΑ ΝΑ ΤΟΥΣ ΧΑΙΡΕΣΤΕ. Α ΡΕ ΓΕΡΟ ΚΑΡΑΜΑΝΛΗ ΒΓΕΣ ΑΠΟ ΤΟΝ ΤΑΦΟ ΚΑΙ ΔΙΩΞΤΟΥΣ ΜΕ ΤΙΣ ΚΛΩΤΣΙΕΣ
0,"@avgerinosx Χατζηδάκης: Ο ΣΥΡΙΖΑ είναι μέσα σε ένα ""ροζ ... http://t.co/OznnjWimhJ @FREEDYBRUNA"
0,Κικίλιας: «Με τρομάζουν οι προτάσεις του ΣΥΡΙΖΑ για την Αστυνομία» http://t.co/zMYtinHeZs
1,Ν. Μιχαλολιάκος: Η Χρυσή Αυγή θα είναι το τρίτο κόμμα http://t.co/6SmJjw49NI
0,"@ToPotami Αν είναι έτσι τότε γιατί μοιράσε το Ποτάμι τις 7 έδρες του σε υποψηφίους από το ""παλιό"" ""σάπιο"" σύστημα;"
0,"Πολιτικό επίπεδο Ελλάδα 2015-&gt; Σαμαράς: ""Αφου ο ΣΥΡΙΖΑ σας τάζει εγω θα σας τάξω περισσότερα. Θα το μασήσετε και αυτό πρόβατα"""
0,"Γεια σας, με λένε Νικόλα και ο μπαμπάς μου λέει ότι έχετε ασθενή μνήμη. ΣΠΟΤ ΝΔ - ΕΚΛΟΓΕΣ 6/2012: http://t.co/0AplPLnE6m via @YouTube"
0,"A) NAI Θα τσιμπήσουν :) RT @nikosalepis: Ο Ψυχάρης τζογάρει για την επιβίωση του (θα τσιμπήσουν οι Συριζαίοι;), στη ΝΔ παθαίνουν εγκεφαλικά."
0,Πας να κάνεις την πλάκα σου στο tl κ έρχονται συριζαίοι με τα καλύτερα επιχειρήματα του ΠΑΣΟΚ περί στήριξης της δεξιάς κλπ κ το μετανιώνεις
0,Νέα Δημοκρατία: Το πρόγραμμα του ΣΥΡΙΖΑ είναι στον «αέρα» και το παραδέχονται οι ίδιοι http://t.co/jY05Q8L9E2 http://t.co/zapaNeiwp7
0,@avgerinosx Σαμαράς: Ο ΣΥΡΙΖΑ είναι ένα ατύχημα που δεν πρέπει ... http://t.co/TNS1NR9uRd @FREEDYBRUNA
0,αυτά με τις αντικειμενικές αξίες που διακηρύσσει προεκλογικά ο ΣΥΡΙΖΑ τα διαβάσατε;
0,Είναι τυχαίο οτι στο βίντεο της @neademokratia πρωταγωνιστούν έφηβοι; Μια ηλικία που ο μέσος άνθρωπος τραβάει 18 μαλακίες τη μέρα;
0,Στ. Θεοδωράκης: «Ο εφιάλτης του ΣΥΡΙΖΑ είναι η αυτοδυναμία του» http://t.co/vBDezguojc
1,Μηλιός στην @DeutscheWelle:«O ΣΥΡΙΖΑ είναι το κατεξοχήν κόμμα των μεταρρυθμίσεων» @john_milios @syriza_gr #Grexit http://t.co/JSBN4LU8tZ
0,@ge_bou Στην πλειοψηφία τους όσοι ψηφίσουν @ToPotami είναι στόκοι #ekloges2015
0,Πολύ άσχημα τα πράγματα για Βενιζέλο – Θέλουν να τον διώξουν απο πρόεδρο του ΠΑΣΟΚ http://t.co/0Gn2sijX4j
0,Δηλαδή η Ελλάδα της ανάπτυξης για τη ΝΔ είναι να σπουδάζει η νεολαία και μετά να δουλεύει σε ένα σουβλατζίδικο για 400 ευρώ; Υπέροχοι!
0,Στο σποτ της ΝΔ ο Σαμαράς γράφει στα π@π@ρια του τα άλλα παιδάκια και μιλάει μόνο με τον Νικόλα..Όπως κάνει και στους διορισμούς...
0,Τα ψηφοδέλτια του κκε χωρίς τον πολύ σωστό Νίκο Μπογιόπουλο!Δυστυχώς ο περισσός διώκει τις γνήσιες αριστερές αντικυβερνητικές φωνές! Τυχαίο;
0,"Γιαγιαδες στο αστικό λένε οτι θα ψηφίσουν Πασοκ γιατι μερικές συνήθειες δεν αλλάζουν. Έτσι, θέλουν να τρωνε πουτσα τα κορίτσια καλέ."
0,Με γιαυτό φαίνονται απιαστα το μέλλον η ευθύνη η ανάπτυξη κλπ... Τα κρατάει ψηλά το ΠΑΣΟΚ και δεν τα φτάνουμε χαχα       #spot #ekloges2015
0,Ο Μελάς κατεβαίνει στις εκλογές με νδ και κατά 80% δε θα τον ψηφίσει ούτε η μάνα του
0,τουλαχιστον δεν μου βγαλε κανα ΚΙΔΗΣΟ να με στειλει.. http://t.co/C2toWTbWbD #ekloges2015
0,Να εδω θα βάλουμε τη γιαγιά να κεντήσει τη λέξη ΣΥΡΙΖΑ να την καδράρουμε αντι Καλημερας για να υποδεχτούμε τη νέα τάξη πραγμάτων.
0,Είναι σαν να παίζεται ένα διεθνές πινγκ-πονγκ με δηλώσεις από το ΣΥΡΙΖΑ και αντι-δηλώσεις από τους δανειστές.
0,ΣΕ ΑΥΤΕΣ ΤΙΣ ΕΚΛΟΓΕΣ ΘΑ ΠΡΕΠΕΙ ΝΑ ΕΧΟΥΜΕ ΣΤΟ ΜΥΑΛΟ ΜΑΣ ΟΧΙ ΤΑ ΠΑΧΙΑ &amp; ΨΕΥΤΙΚΑ ΛΟΓΙΑ ΑΛΛΑ ΠΟΙΟΙ ΜΑΣ ΕΦΕΡΑΝ ΣΕ ΑΥΤΗΝ ΤΗ ΚΑΤΑΣΤΡΟΦΗ  ΠΑΣΟΚ &amp; ΝΔ
0,"Οι FT περιγράφουν ακριβώς τι θα γίνει από τις 26 (ότι ο συριζα χαίρεται με κάτι τέτοια, ασχολίαστο) http://t.co/u5ZCnqntQ8 via @sharethis"
0,"Όταν ο ΣΥΡΙΖΑ έκανε κριτική σε ένα σκίτσο, δεν ήταν JE SUIS CHARLIE… http://t.co/RI5p8NO94O #CharlieHebdo #syriza #ekloges"
0,ΤΟ ΓΡΕΚΙ: Ο «ξαφνικός έρωτας» της διαπλοκής με τον ΣΥΡΙΖΑ http://t.co/mHxkRDsZ19
0,@AnthiKaracosta @flawless_1990 Αφιερωμένο εξαιρετικά σε Χρυσή Αυγή αλλά και λοιπούς μαλάκες του ελληνικού κοινοβουλίου...
0,Σκουρλέτης: α. Δεν επιθυμούμε ρήξη με την τρόικα. β. Η τρόικα θέλει ολοκλήρωση της αξιολόγησης. γ. Ο Σύριζα δε τη δέχεται. Είπε ΚΑΙ τα τρία.
0,@KalafatisSt ενω εσείς πουλάτε τη μονη καθαρή αληθεια... @syriza_gr @skaigr
0,"@leftgr Μεγάλη αδυναμία του ΣΥΡΙΖΑ να επεξεργαστεί στοιχεία για τα ποσά τους κατόχους των ομολόγων,και τους αγοραστές των εντόκων.Μονταζιέρα"
0,"Αλήθεια τώρα, η βασική προεκλογική θέση της ΝΔ 12 μέρες πριν τις εκλογές, είναι η ""υπεράσπιση"" της ορθοδοξίας από τος κομμουνιστές;"
0,"Επειδή βλέπω την ακροδεξιά τ ΝΔ να ""κλαίει"" για το CH:Οι δολοφόνοι είναι ακραίοι θρησκευτικοί φονταμενταλιστές.βλαμμένοι με τη θρησκεία δλδ"
0,@_syntrofos_ H νουδου θα στείλει τα κομάντα. Ο συριζα θα τους δώσει ένα νησί ως βάση επιχειρήσεων. #tromos Εσύ ακόμα τα κόμματα περιμένεις;
0,"Κ ά β ο ς: Ψηφοδέλτιο ΣΥΡΙΖΑ Κορινθίας - Πού πας,ΣΥΡΙΖΑ, με δράμι μυαλό... http://t.co/8eIiKYS7CP"
0,ψιλοφασιστάκος λέει εδώ ένας πρώην δικός σας για τον Σταύρο @topotami μπααααααααααααα ιδέα του θα είναι http://t.co/z5zxYZDeig
1,Μιχαλολιάκος: Η Χρυσή Αυγή θα είναι τρίτο κόμμα http://t.co/0DCNURFtNn
0,Θα σας στεναχωρήσω ψηφοφόροι της ΝΔ αλλά αν έχετε έστω και ελάχιστο μυαλουδάκι θα πρέπει να καταλάβετε ότι ο... http://t.co/Obdnk3I9wp
0,H οποια κυβερνουσε μονη της @EvaKaili  22s22 seconds ago #Liberation Τα λάθη που έγιναν από την ΝΔ μετά το καλοκαίρι http://t.co/nYQn8h5uH2
0,@bathitweet Σαμαράς: Ο ΣΥΡΙΖΑ είναι ένα ατύχημα που δεν πρέπει ... http://t.co/4MhRBkMJdb @netakias @kali_nda
0,@ste_pl εγω ανησυχω παρα πολυ με τη σιγουριά οτι η ΧΑ δεν θα ειναι 3ο κομμα κ θα ειναι καποιο απο αυτα που δεν εχουν δοκιμαστεί πουθενα!!
0,"Στο επόμενο σποτ της ΝΔ ""ο Σαμαράς Μπάτμαν"""
0,Συμπέρασμα συνέντευξης Δραγασάκη : είσαι καραγκιόζης ; ψήφισε σύριζα !
0,Φαντάζομαι το σποτ της ΝΔ με Καραμανλή και εκστασιάζομαι.
0,@syriza_gr εναντίον @syriza_gr  είναι ο τίτλος για την πολυγλωσσία της Κουμουνδούρου @skaigr #ekloges2015
0,"στην Α Αθήνας η ΝΔ έβγαζε 8 βουλευτές, τώρα θα βγάζει 4 λογικά, έχει να γίνει της πουτάνας μετά τις εκλογές http://t.co/6SNvSN6JCb"
1,@giopso ο σύριζα θα βγει
0,Newsbeast.gr | ΠΟΛΙΤΙΚΗ : Χάρι Κλυνν: Ο ΣΥΡΙΖΑ δεν τήρησε συμφωνία κυρίων http://t.co/SRnQAUbciI
0,#aek ΔΙΠΡΟΣΩΠΙΑ: Δημοτική αρχή του ΣΥΡΙΖΑ χτίζει κτίριο μέσα στο Άλσος! http://t.co/Ilh2P7LuDZ #aekfc
0,Ο Χατζηνίκος των ίσων αποστάσεων κάθησε λέει και διάβασε το πρόγραμμα του Σύριζα (μαζί με τον Τράγκα για να μην μπω τίποτα άλλο χειρότερο)
0,@neademokratia εφόσον η ΕΣΗΕΑ ειναι το επίσημο ακροαριστερο και φασιστικό όργανο του Συριζα.
0,@EvaKaili  είπε αυτή που έχει μπλοκάρει το μισό τουήτα... @Katselos Ρε πόσο χαμηλά θα πέσει το ΠαΣοΚ μου λές ??
0,"@proletarianrage με ΣΥΡΙΖΑ σε περίπτωση νίκης του, συμβιβασμό ήθελαν να γράψουνε"
0,Στο Ποτάμι και όσοι θέλουν πραξικόπημα http://t.co/qaelmnYY2D
0,"Τώρα δηλαδής που ο πρωθυπουργός έπιασε τα πόστα των συνεπώνυμών του , το επόμενο σποτ της ΝΔ θα είναι σε κομμωτήριο? #ekloges2015 #nd_spot"
0,Εμένα πάντως το σποτάκι της ΝΔ με τον Νικόλα με έπεισε. Οτι έκανα καλά που έφυγα στο εξωτερικό.
1,10 λόγοι...για να ψηφίσω ΣΥΡΙΖΑ http://t.co/rVyTkGCqRP
0,καλα ρε για τα κατοχικα δανεια δεν μιλουσε η Χ.Α?αυτος ο Συριζα απο παντου κλεβει ιδεες! #enikos
0,Τετοια ωρα τετοια λογια..στηριζουμε τα παντα.. @blacktom1961: Μπορεί να μας πει κάποιος αν ο ΣΥΡΙΖΑ στηρίζει το Ελλ. Αν. Πανεπ.;
0,"Νταξ αυτό το να ""αρδεύσει ψήφους"" για Ποτάμι του Τσίπρα ήταν τέρμα βλακεία. Πες φιλελεύθερα ντουγάνια ρε να σε καταλάβει ο κόσμος. #enikos"
0,Σαμαράς: Ο ΣΥΡΙΖΑ είναι ένα ατύχημα που δεν πρέπει να συμβεί http://t.co/IbTDznHN4E
1,sitestories.blogpsot «Η Χρυσή Αυγή θα είναι τρίτο κόμμα παρά τις πολιτικές διώξεις»:   Τη βεβαιότητα ότι η Χρυ... http://t.co/yf4bdbaBHj
0,Εμείς δεν θέλουνε ο διοικητής της τράπεζας της Ελλάδας να είναι ΣΥΡΙΖΑ και ο Μπουχάριν μας κάνει #enikos
0,Και ψεύτης ο Ντινόπουλος...  @dinopoul http://t.co/xsYZZLJ2mv #samaras #lemetinalithia #nd @neademokratia #LOL #ekloges2015
0,Είδα το προεκλογικό σποτ της ΝΔ και εκτίμησα της διαφημίσεις του Τζάμπο.
0,ΑΣΧΗΜΑ ΤΑ ΠΡΑΓΜΑΤΑ ΓΙΑ ΤΟΝ ΒΕΝΙΖΕΛΟ!!!!!!!!!!   Θέλουν να τον διώξουν απο πρόεδρο του ΠΑΣΟΚ http://t.co/J1kI9b7NSf
0,@notiameria @Sakis_K Εγινε η Λουκά εκπρόσωπος τυπου της ΝΔ ; Η κυριούλα πίσω ποιά ειναι ;
0,Επικίνδυνη και τυχοδιωκτική δήλωση @samaras_antonis για επέκταση τρομοκρατίας αν κυβερνήσει ο @syriza_gr #ekloges2015 http://t.co/oRDpkXHt4K
0,@RegimientoQ @FotiosDaglis @sfyrodrepano @pankar29 πως ειναι ο αστυνομος αριστερα και πως τον βλεπει το κκε δεξια http://t.co/jEX8skLeNx
0,Υπάρχει μία δημοσκόπηση που να δείχνει ΔΗΜΑΡ πάνω από 1%; Υπάρχει ένας - πλην Φανούρη - που να πιστεύει πως θα πλησιάσει το 3%;
0,"Δημοσκόπηση τοπικής εφημερίδας της Πατρας (εδρα ΓΑΠ): ΚΙΔΗΣΟ 2,1% ! Και οι πατρινοι, διαπλεκομενοι Γιωργάκη ;"
1,Ν.Γ. Μιχαλολιάκος: Η Χρυσή Αυγή θα είναι τρίτο κόμμα παρά τις πολιτικές διώξεις http://t.co/JbnCVWVSZE
1,Δημοσκόπηση της Public Issue για την Αυγή: 8 μονάδες μπροστά ο ΣΥΡΙΖΑ και αυτοδύναμος! http://t.co/HbbJC3ZDYx
0,"Oποιος  βρει καλύτερο πόστο ,  , ειναι ... αγωνιστής ;;;!!! ΝΔ , σχολη κωλοτουμπας , βλέπε Αδωνι , Βορίδη , Γκερέκου κτλ !!!"
0,"@KOPRITHS @ToPotami """"...να επιβαλει...""""...ακου ρε βραδυατικα...το καθυστερημενο με την τσαντα...να επιβαλει...ρουφα να μη σου σβυσει..."
0,μειωθηκαν οι θέσεις ευθυνης στο δημόσιο.. αυξήθηκαν οι ΓΓ Υπουργείων και οι Υπουργοί όμως.. χα χα χα
0,το @ToPotami χρηματοδοτηση γιατί παίρνει?
0,Σπυράκη: Γκεμπελίσκοι του ΣΥΡΙΖΑ διαστρεβλώνουν την πραγματικότ� http://t.co/2fWEqjt4kA http://t.co/MnS7bBsIdT
0,@serjmagas Πάνε ψήφισε τ κόμμα μ την ακροδεξιά μακρη κ το τυχοδιωκτικο ΠΑΣΟΚ κ νόμισε ότι χτυπάς τ συστημα.Η επιστήμη σηκώνει τα χέρια ψηλά!
0,ΜΑΣ ΠΗΡΕ ΤΟ ΠΟΤΑΜΙ http://t.co/FOnQDlaaU2
0,Κ. Μάρκου: «Ο  ΣΥΡΙΖΑ είναι Αριστερό κόμμα μόνο στα χαρτιά» http://t.co/sQ21xoLvfq http://t.co/ayUdLfetdJ
0,@nkaklamanis Τελικά βλέποντας διάφορες φωτό υποψοφίων από μαζώξεις (3 κι ο κούκος) της ΝΔ διαπίστωσα ότι οι ψοφοφόροι της δεν έχουν μαλλιά!
0,"Προς κάθε Συριζο-ΗΑCKER που με ζαλίζει. ΔΕ ΘΑ ΨΗΦΙΣΩ ΣΥΡΙΖΑ ΠΟΤΕ. Ίσως δν ψηφίσω και καθόλου, αλλά τα ψέματα Σύριζα θα τα πολεμήσω οσο ζω."
0,The Press Project : Σπυρακιάδα: Η Μαρία Σπυράκη υποστήριξε ότι με το πρόγραμμα του ΣΥΡΙΖΑ θα επέλθει... http://t.co/9xEfiqVbYl @netakias
0,Εδώ ο κόσμος καίγεται και το ΠΑΣΟΚ χτενίζεται… http://t.co/ivXu22SlGQ
1,Με το ΣΥΡΙΖΑ έχουμε ήδη βρεθεί σε κοινούς αγώνες σε κοινωνικά και περιβαλλοντικά ζητήματα. Ήμασταν δίπλα σε... http://t.co/f5cMwWfnav
1,Ανοδικές τάσεις στο Χρηματιστήριο ακόμη και με νίκη ΣΥΡΙΖΑ βλέπει η JPMorgan... http://t.co/52dHz8xXpm
0,Υποψήφιος του ΣΥΡΙΖΑ μου πήρε τον αναπτήρα. Φυσικά και δεν τον επέστρεψε ποτέ. Αρχίσαμε
0,"""Νάχαμε κανέναν άλλο για πρωθυπουργό""...Ατάκα γνωστού μου που για λόγους που δεν καταλαβαίνω ειναι ΝΔ μετά τις... http://t.co/KR8dK5Thzj"
0,«Ο ΣΥΡΙΖΑ ή ομολογεί ότι θα συνεργαστεί με τους εταίρους ή δεν λέει την αλήθεια» http://t.co/Q1bEYavmSq #Πολιτική
0,-Τι ομάδα είσαι παιδί μου; - ΝΔ  #Samaras http://t.co/AKtaXGJ6MJ
0,Ακομη δεν εγιναν οι εκλογες  και τα στελεχη του Συριζα εμφανιζονται στο επακρο της αλαζονειας.Αλλο η καλπη και αλλο  οι δημοσκοπησεις.
0,Θεοχάρης στο realfm: Στο Ποτάμι υπάρχει κοινή λογική που μας λείπει τόσο πολύ. Για αυτό είπε τίποτα ; http://t.co/NaE1caOLKO
0,"Η ΧΑ των σαλονιών-&gt; “@Dora_Bakoyannis:Καλώ όσους έφυγαν να πάνε στην ΧΑ,να επιστρέψουν κ να στηρίξουν υγιείς δυνάμεις για το μεταναστευτικο"
0,@pamblo_ αυτο με το 89 το λενε οι πασοκοι πο εξαγνιζονται να γαμανε το λαο 20 χρονια.ναι ωραια ηταν λαθος που το ΚΚΕ εβγαλε απο αδιεξοδο
1,http://t.co/yngHtGXl9B: Γιακουμάτος: «Η νίκη της ΝΔ έρχεται από την Άγρια Δύση…». http://t.co/WgN3olVPg0 #Greece
1,Public Issue: 8 μονάδες μπροστά ο ΣΥΡΙΖΑ και αυτοδύναμος! :: left.gr http://t.co/IiNjKl8hkK
0,@neosklavos Ρε άνθρωπε το αντεπιχείρημα σου είναι το είπε η ΝΔ και όχι ειδικοί τεχνολογίας. Και οι δύο είναι λάθος άνθρωποι. @arkoudos
0,Στη ΝΔ οι ρόλοι στα νέα στελέχη δίνονται αξιοκρατικά και οι πάντα οι άξιοι παίρνουν τις θέσεις. Σαν τον Παπαμιμίκο ας πούμε #not
0,ΔΙΠΡΟΣΩΠΙΑ: Δημοτική αρχή του ΣΥΡΙΖΑ χτίζει κτίριο μέσα στο Άλσος!  http://t.co/rB7e5Z8Hrc
1,“Ο Κώστας Γερονικολός έδωσε αγώνες για το ΠΑΣΟΚ “ http://t.co/JPSMQLfaaT
0,"""Στα όπλα"" οι κυνηγοί! Ο Τσίπρας δεν έκανε καμία αλλαγή στις θέσεις του ΣΥΡΙΖΑ - Αρνήθηκε τα πάντα! http://t.co/Exv26TQzun"
0,Η Ν.Δ. θα μετονομαστεί σε Νόνη Δουνια για να τιμήσει το νέο μέλος.
0,@sptochis @TerensQuick @outsichr @PanosKammenos  α ενταξει γι'αυτο συναιτερίζεστε με το συριζα για να σας πει πότε θα δωσει τη θρακη
0,Στον ΣΥΡΙΖΑ η Ραχηλ Μακρή!!!ΧΑΧΧΑΧΑΧΑΧΑΧΑΧΑΧΑΧΑΧΑΧΑΧΑΕλατε πατριώτες!Ελάτε Χριστιανές!Ελάτε!Μπάτε σκύλοι αλέστε!
0,«Μας έπεισε...  Οποιος διατηρούσε ακόμα αμφιβολία για τη στάση του ΣΥΡΙΖΑ απέναντι στην Ευρωζώνη πρέπει να... http://t.co/FJmn8NcROI
0,Το Ποτάμι για Φορτσάκη: Δύσμοιρο πανεπιστήμιο http://t.co/aTkdkVzIKH
1,"Γιατί η ελλ. οικονομία χρειάζεται νίκη του ΣΥΡΙΖΑ στις εκλογές, λέει το foreignpolicy. ΣΥΡΙΖΑιοι και αυτοί. http://t.co/s2apnu7g9D #ekloges"
0,"Από το "" ... για όσες χώρες βρίσκονται σε πρόγραμμα ..."" τι ΔΕΝ ΚΑΤΑΛΑΒΑΝ οι φίλοι μου του ΣΥΡΙΖΑ ; ; ;   Διότι,... http://t.co/omhp7PPS1p"
0,Κωμικοτραγικά αποτελέσματα έχει το εμπάργκο του λαού στα στελέχη της Ν.Δ. που αναγκάζονται να μαζεύονται στα... http://t.co/5gQmEEkv7B
0,@GKesarios ααα ρε καισάριε κατάντια η νεοφιλελεύθερη πτέρυγα της ΝΔ να γλείφει την ακροδεξιά πτέρυγα για ψηφαλάκια...@AdonisGeorgiadi
0,"Σαμαράς:Ο ΣΥΡΙΖΑ είναι σαν τη μύγα μες στο γάλα στα θέματα μετανάστευσης, ασφάλειας,προστασίας των συνόρων -... http://t.co/PY9ZRFdC12"
0,Τσίπρας: Η ΝΔ κάνει κινήσεις πανικού http://t.co/lwPY2xKFXN
0,"""Αλέξη εγώ ήμουν Πασοκ και σε ψηφίζω"" Έλα ρε! μόνο εσυ! #ekloges15"
0,Το Ποτάμι κατεβάζει υποψήφια που τάσσεται υπέρ στρατιωτικού πραξικοπήματος! http://t.co/mZFw5VUPJU via @Kouti_Pandoras
0,στη νδ κάνουν προεκλογική εκστρατεία δωματίου
0,New York Times: Αν ο ΣΥΡΙΖΑ χάσει χρόνο στη διαπραγμάτευση η χώρα θα ματώσει από την εκροή καταθέσεων  http://t.co/O3vkRsmZ5k
1,ΣΥΝΑΝΤΗΣΗ  ΜΕ  ΤΗΝ ΗΓΕΣΙΑ  ΤΟΥ  ΣΥΡΙΖΑ !!!!!!! http://t.co/ed8Z8BAgkD
0,"Ο ΦΑΣΙΣΤΑΣ ΔΕ ΘΕΛΕΙ ΑΜΕΣΗ ΔΗΜΟΚΡΑΤΙΑ-&gt;“@Katselos:ο ΣΥΡΙΖΑ καλείται να κυβερνήσει, όχι να ρωτάει με δημοψηφίσματα, αν δεν ξέρει σπίτια τους"""
0,"Αυτό! «Όταν ο ΣΥΡΙΖΑ έκανε κριτική σε ένα σκίτσο, δεν ήταν JE SUIS CHARLIE... - eyedoll» http://t.co/I1TTErxYmW"
0,τις διαφημίσεις του ΣΥΡΙΖΑ στο You Tube τις χρεωνόμαστε;
0,@gmourout Θα παμε σε εκλογες χωρις η ΝΔ να κανει debate ; Αυτο θα ειναι το μεγαλυτερο φαουλ ever... #ekloges2015
0,@enikos_gr Αυτές οι απλοποιήσεις της ΝΔ με έχουν ξετρελλάνει. Ο πανικός είναι κακός σύμβουλος κύριοι... Ακούγεστε σαν μαθητές Δημοτικού!
0,Οι Ψευτόμαγκες της ΝΔ εναντίον μικρών παιδιών http://t.co/h1tm2flyES
0,Ο διευθυντής του κομματικού ραδιοφώνου του ΣΥΡΙΖΑ βρίζει τον πρωθυπουργό με σκαιούς χαρακτηρισμούς. Αν δεν τον διώξουν συμφωνούν μαζί του.
0,Ποσο λαϊκό κομμα ο Συριζα ...πορεία μέσα απο λαϊκή έκανε σήμερα!
1,"Φ. Γεννηματά: Το ΠΑΣΟΚ είναι ένα, έχει ιστορία και ρίζες - [Real.gr] http://t.co/HgES1XI9ps http://t.co/WW4b5hZjlu"
0,Οταν το ΠΑΣΟΚ μιλάει για ψηφοδέλτιο επικρατείας πόσα τετραγωνικά μέτρα εννοεί πάνω στον χάρτη .
0,Θυμάμε δε ότι το ΣΥΡΙΖΑ ήταν σε κάποιο σημείο και υπέρμαχος της φυγής από το ευρώ...τώρα κάτι τέτοιο ούτε κατά διάνοια δε το θέλουν...
0,"Χρωματικος+κομματικος αχταρμας ""@syriza_gr: Η ελπίδα έρχεται. Η Ευρώπη αλλάζει. #syriza  #ekloges2015 http://t.co/DqH5AkCpwM"""
0,@EvangAntonaros Δεν σας ψηφίζω.Αλλά πραγματικά η ΝΔ με Σαμαρά όσο πάει μετατοπίζεται προς την άκρα δεξιά και είναι ντροπή για ιστορικό κόμμα
0,"PANAYIOTIS TELEVANTOS: Η ΚΥΡΙΑ ""ΣΥΝΩΣΤΙΣΜΟΥ"" ΘΛΙΒΕΤΑΙ ΕΠΕΙΔΗ ΔΕΝ ΤΑ ΒΡΗΚΕ Ο ΣΥΡΙΖΑ ΜΕ ΤΗ ΔΗΜΑ http://t.co/4Rsj8TShwp"
0,Είδα στην τηλεόραση το προεκλογικό σποτ της ΝΔ και εκτίμησα της διαφημίσεις του Jumbo
0,ΣΥΡΙΖΑ: Παράρτημα της ΝΔ το ΥΠΟΙΚ http://t.co/Z15W95s66w
0,ΕΙΣΑΙ ΟΛΟΚΛΗΡΟΣ ΜΙΑ ΡΗΤΟΡΙΚΗ ΥΠΕΡΒΟΛΗ “@Moggoloss: Δεν περιμένει κανεις από δεξιά αμόρφωτα troll της ΝΔ να γνωρίζουν τη  ρητορική υπερβολή”
1,"Στις 19:00 η ομιλία του @PanosKammenos Στο ξενοδοχείο ""Pharae Palace"" στην Καλαμάτα. @anexartitoi ΑΝΑΓΚΑΙΟ ΚΑΛΟ. http://t.co/clIFPYBdDZ"
0,SPARTACUS NEWS: ΝΤΡΟΠΗ: Στελέχη του ΣΥΡΙΖΑ στην Πρέβεζα πέταξαν στ... http://t.co/3dcyqc08Kq
0,Ο Σαμαράς προσπαθεί να πάρει ψήφους από την Χρυσή Αυγή αλλά ....η προσπάθεια του θα αποτύχει
1,"Είδα ΤΟ ΣΠΟΤ ΤΟΥ ΣΥΡΙΖΑ Η ΕΛΠΙΔΑ ΕΡΧΕΤΑΙ; μπράβο παιδιά ΜΑΚΡΑΝ πιο μετριοπαθές, από το  ""Στους δρόμους της ανατροπής σμιλεύουμε το μέλλον"""
0,Επιχείρηση Βολευτική έδρα!  Βασίλης Οικονόμου:  Από το ΠΑΣΟΚ διαγράφηκε απο το ΓΑΠ επειδη ΔΕΝ ψήφισε το Μνημόνιο... http://t.co/gPgr1Caqxv
0,"Την ψήφο μας διεκδικούν άνθρωποι με ενδιαφέρον βιογραφικό, όπως η βουλευτής των ανελ που παραδέχθηκε ότι είναι κλεπτομανής."
1,ΚΚΕ δυνατό για το λαό! #ekloges2015 #ΚΚΕ #ΚΝΕ https://t.co/MZg9v4gvfL http://t.co/DGIApo3MEY
0,Ντινόπουλος: Ο Κουβέλης πληρώθηκε καλά από τον Τσίπρα: Άμεση ήταν η απάντηση του Αργύρη Ντινόπουλου στη ΔΗΜΑΡ και… http://t.co/zVBU0YjoxO
0,ΠΕΣΕ ΣΤΟ ΠΟΤΑΜΙ http://t.co/d4L7WWP1QR
0,@zappasaspa Σαμαράς: Ο ΣΥΡΙΖΑ είναι ένα ατύχημα που δεν πρέπει ... http://t.co/Com8ASWweO @FREEDYBRUNA
0,ΑΠΙΣΤΕΥΤΟΣ ΘΕΟΥΛΗΣ ΣΥΡΙΖΑΙΟΣ @Stefanossp: Δημοσκόπηση της JP Morgan δείχνει τον Σύριζα 10 μονάδες μπροστά. http://t.co/VfurT0IsQ0
0,Η Αντζελοποίηση της ΝΔ έφερε Φορτσάκη http://t.co/eMPDdhdEfT
0,Τι γίνεται ρε γαμώτο; Η Νέα Δημοκρατία έχει κάνει και τμήμα τσικό;
0,«Με τρομάζουν οι προτάσεις του ΣΥΡΙΖΑ για την Αστυνομία»:   Ο μόνος σίγουρος τρόπος για να πάμε μπροστά είναι ... http://t.co/wJMjsFbiII
0,Το αρχίδι τον Σέβο Δράκο RT @Dora_Bakoyannis Ποιόν θα προτείνει για Πρόεδρο της Δημοκρατίας ο ΣΥΡΙΖΑ μετά τις εκλογές;
0,αν ο @syriza_gr @atsipras @giorgoskyritsis @papadimoulis κανει μιντιακη στροφη οπως λενε κακες γλωσσες να ξερει οτι τελειωσε...
0,"@EGiorgari @ToPotami επίσης,βαριέμαι οικτρά να συνομιλώ με δήθεν υπερασπιστές του νέου,με επιχειρήματα επιπέδου ""σου κάνω καθρεφτάκι"".enough"
0,Πολυ επιτυχημένη πάντως η τακτική κινδυνολογίας της ΝΔ να αφήνει τον Αλέξη να δίνει συνεντεύξεις.. #ekloges2015
0,"επίσης, φήμες ότι το σηματάκι της ΝΔ αλλάζει και θα έχει πλέον ένα φράχτη, κρίνονται βιαστικές..."
0,"Στο ΠΑΣΟΚ κάποτε είχανε λεφτά για ρεκλάμες. Ελικόπτερα, άλογα, κομπάρσοι, της πουτάνας. Τώρα, μόνο σουπεράκια. #metaksy_sas_ta_fagate"
1,Στ. Θεοδωράκης: Το Ποτάμι ως ισχυρή τρίτη δύναμη θα επιβάλει συνεργασίες http://t.co/8xkq95eYL7
0,Βενιζέλος: Άγαρμπος εκφοβισμός από τη ΝΔ - 'Ψήφος ανοχής' στη νέα κυβέρνηση | reporternewsgr http://t.co/bmZSz0zIsj
0,"@papadimoulis Κύριε Παπαδημούλη,  ατυχώς, ο ΣΥ.ΡΙΖ.Α. πάσχει από επικοινωνιακό έλλειμμα.  Το σποτάκι είναι άχρωμο και κοινότοπο."
0,«Ο ΣΥΡΙΖΑ θα μείνει μόνος με τις ιδεοληψίες του»:   Για «γκεμπελίσκους του ΣΥΡΙΖΑ» που διαστρεβλώνουν την πραγ... http://t.co/X0wj4iQo0g
0,Χάρρυ Κλυνν: Η συμφωνία κυρίων με τον ΣΥΡΙΖΑ δεν τηρήθηκε… -  http://t.co/fHhAxbYQr5
0,«Ο ΣΥΡΙΖΑ είναι σε ένα «ροζ συννεφάκι» εκτός ευρωπαϊκής πραγματικότητας» http://t.co/9MjwzBh4S3
0,''ΤΡΟΜΑΖΩ ΜΕ ΤΙΣ ΠΡΟΤΑΣΕΙΣ ΤΟΥ ΣΥΡΙΖΑ ΓΙΑ ΤΗΝ ΑΣΤΥΝΟΜΙΑ''...:   Ο μόνος σίγουρος τρόπος για να πάμε μπροστά εί... http://t.co/cf37mgr6eg
0,@avgerinosx Εδώ ο κόσμος καίγεται και το ΠΑΣΟΚ χτενίζεται… http://t.co/SM5sEZFF9t @FREEDYBRUNA
1,"@rykios @Zack_Rakis Παντως ο ρολος και οι προτάσεις του ΚΚΕ δεν  ειναι της μορφης ""ελατε να σας σωσω¨"" αλλα ""οργανωστε τον  αγωνα¨σας"""
0,Και τα μυαλά στο γήπεδο: Το πρώτο τηλεοπτικό σποτ της ΝΔ :: left.gr http://t.co/fE8w2yeIZI
1,«Το Ποτάμι είναι η τρίτη δύναμη»! http://t.co/bInHXSfX9y #Πολιτική #εκλογές #Ποτάμι
0,Διοτι ο ΣΥΡΙΖΑ αποκλειεται να μπορεσει να κανει ολα αυτα που υποσχεται κ γρηγορα θα ξεγυμνωθει κ θα επιστρεψει στα προ μνημονιου ποσοστα του
0,"Πρόγραμμα της ΝΔ είναι το πρόγραμμα της Τρόικας, που γέμισε τη χώρα ερείπια http://t.co/W1NyCSx0yn"
0,@GKriezotis @neademokratia προχωρουσε υπευθυνα αποφασ στκα  οπως ελεγε το σλογκαν τοτε φατε τα ψεματα σας καρναβαλοι
0,"&gt;&gt;από το 2000 και όσοι δεν δικαιολογούν την αγορά θα τους βάλουμε φόρο 45%...!"" Ψηφίστε Σύριζα επειδή δεν σας αρέσει ο ΕΝΦΙΑ...και μετά..."
0,@ManosNiflis Καλημέρα. Ο σημερινός ψηφοφόρος του ΣΥΡΙΖΑ δεν ενδιαφέρεται για το τι λέει. Η ψήφος του έχει τιμωρητικά χαρακτηριστικά
0,@ainotskarlet Το τρελό είναι ότι οι ίδιοι που διαφήμιζαν την ΧΑ πάνε τώρα να την φορτώσουν σε άλλους. Απίθανοι τύποι.
0,Αν βγει η ΝΔ που υπόσχεται μείωση ΕΝΦΙΑ στις 26/01. Μη λέτε ότι δεν ξέρατε αν ξαναφάτε την παραμύθα. http://t.co/rqEIN20NgM
0,Οι αλητήριοι Γάλλοι αστυνομικοί οπλοφορούν! Να ενημερωθεί πάραυτα ο ΣΥΡΙΖΑ ώστε να κάνει σχετικό διάβημα ή πορεία στη Γαλλική πρεσβεία :-P
0,Και εσείς ζώα του ΣΥΡΙΖΑ προσπάθησε να του απαντήσετε με ευπρέπεια κ να κάνετε σοβαρή συζήτηση μαζί του Τόσο ζώα; Ειναι δυνατόν; Μα τόσο ζώα
0,Όταν το @pasok κανει προεκλογική συγκέντρωση το catering βράζει 2 πακέτα μακαρόνια για να ταϊσει τους ψηφοφόρους...πολυετή κόσμο βλέπω
0,Και τα δυο ΠΑΣΟΚ για φούντο.... http://t.co/vQoEFJ8KS2
