2014-09-30 10:14:44	negative	jenskihl	.@Journalistlag gjer eit stort og viktig arbeid, men dei burde ikkje ha reist til Sicilia, skriv eg hos @journalisten.http://t.co/vVOQ41JIkw
2014-09-30 10:14:43	positive	DaniaMnts	Deilig høstvær og sola skinner! Føler for å gå til jobb i dag med @lisingsbarnet og @sigridbondetusvik på øra! Ly... http://t.co/anFnbbq3Iz
2014-09-30 10:14:43	positive	nicecap	har nå lest gjennom både folkeretten i sin helhet og alt Peter Handke har skrevet 10 ganger. Konklusjon: Handke skriver best!
2014-09-30 09:55:47	negative	SMKjernlie	Du er stygg og ekkel, slutt å plage vennene mine.
2014-09-30 09:55:45	positive	Hjertegodnytt	Skap gode dager, glade dager og gode minner for alle mennesker. Livet er her og nå. #DUErGodNok #StoppMobbing #DetErLovåBrySeg
2014-09-30 09:55:33	neutral	Mr_Sorhoy	@konservativ Du bør forklare velgerne hvorfor mange av våre dyktigste lærere slutter i yrket og hvordan #lærerløftet skal stoppe flukten.
2014-09-30 09:55:16	neutral	CHagevold	@CHagevold Men jeg skal selv om jeg ikke orker. Og jeg skal til og med prøve å lese det som om det ikke kom fra Høyre.
2014-09-30 09:55:14	negative	eemilieeh	@Oddi70 @SiriSukkertopp @silwil Bæsjebleier og spy er heller ikke greit.
2014-09-30 09:55:12	neutral	trutveit	Stille før medlemsmøte i region vest av norsk Arkivråd : digital kommunikasjon, løsninger og utfordringer http://t.co/8ylWCoKGKr
2014-09-30 09:55:11	neutral	lusapagangen	Oljen, en velsignelse og hodepine for @NTNU.@GunnarBovim om oljens plass på @NTNU; http://t.co/C6RoMoqY7S
2014-09-30 09:55:01	neutral	Holten	@dflukey Ikkje om kystbyar. Men det er på sin plass vdr. mjøsbyar og andre plassar oppi dalom slik. BTW http://t.co/et6fcY3o22 @HiGjovik
2014-09-30 09:54:56	neutral	spekkhookeren	@bergensbolla kan ta første buss til byn imorgen og møte deg
2014-09-30 09:54:35	neutral	ykristine	Saken burde bli behandlet på nytt for barna. Hun er vokst opp i norge, og er norsk. http://t.co/QCMhY26TVg  #vg #une #innvandring
2014-09-30 09:54:28	negative	Entrak	Ikke bare fylle, @12Bly.  @postennorge stapper postkassa så full at den buler. Bokstavelig talt. Gøy når det regner og lokket ikke lukkes.
2014-09-30 09:54:25	neutral	HelseVest	Beslutningsforum for nye metodar seier ja til to nye legemiddel og ei ny retningslinje. http://t.co/9wzJIafTh5 og http://t.co/lDLxtTVXdH
2014-09-30 09:54:25	neutral	dekvaerhellen	@franklidahl   Antar det blir hvit skjorte og slips til dressen! #gratulerer
2014-09-30 09:54:20	neutral	EBlixB	@UiTromso og bedriftene #ARENA #lønnsommevinteropplevelser diskuterer muligheter @borreberglund @forskningsradet @InnovasjonNorge @siva_sf
2014-09-30 09:54:00	positive	frujacobsenno	Kommende interiør arkitekt? Det beste som finnes å leke med er mammas lys og telysholdere 😍😘… http://t.co/baiQ83mGk8
2014-09-30 09:53:46	neutral	TronsmoBok	Og forresten, vi er en av de få, om ikke eneste, som fortsatt har førsteopplaget av denne!... http://t.co/qHp7ca2xQ3
2014-09-30 09:53:40	negative	jcelden	@ubnah @voxpopulinor @sponsorconsult Ta en meningsmåling eller to så er det nok avgjort. Legg ned Storting og Bystyre.
2014-09-30 09:53:27	neutral	fenilsen	@dflukey På fylla og på jordet og sånn? @Holten @HiGjovik
2014-09-30 09:53:16	neutral	1001ptsNO	Ulvejakt i aust og vest (fvn.no) http://t.co/MnQSNHusls
2014-09-30 09:53:12	neutral	obdperformance	En av dagens første biler, var en Citroen C5 2,0hdi fra 2001, med originalt 107hk og 250nm. Nå har den åpen... http://t.co/BqDmHGZGsa
2014-09-30 09:52:52	neutral	larsidar	Noen med erfaring med bilder og ProLine uncoated-papir hos Blurb? Liker vanligvis uncoated godt....
2014-09-30 09:52:48	neutral	rubenperu	@majabien @ABHoeyer @journalisten De som lager disse listene lever vel i stor grad av at andre deler listene og lenker til dem?
2014-09-30 09:52:46	neutral	christinatsg	Når du legg ut en snap på mystory som du skulle sende til en person, og ikkje oppdaga det før lenge etterpå.
2014-09-30 09:52:39	positive	dsvensson25	bøff'ed den og nu porchetta #godstart
2014-09-30 09:52:31	neutral	Moller_Madsen	GYMNORDIC PRODUKTER !!!!  Vær med og viiiiiiind !!  https://t.co/jWJpCjkAT0 http://t.co/ycjuIOsNW0
2014-09-30 09:52:16	negative	forkortet	@jullatulla1 du blir for dum, og den tweeten blir for dum
2014-09-30 09:52:05	neutral	OyvindRein	@IrmaRustad ...min og broderens! Eid siden 2008, aldri vært der...
2014-09-30 09:52:00	neutral	moltus	@konservativ Er strategien tenkt i retning styrking av disiplinar/fagfordjuping? Eller meir overgripande metodikk og grlf? @Kunnskapsdep
2014-09-30 09:51:54	positive	hennif	@moltus Ah, du har helt rett! Det overså jeg. SUNT og lignende prosjekter er eks. på det. Har vært lite vanlig i Norge. Spennende!
2014-09-30 09:51:49	positive	rommy_barrios	Solen varmer fremdeles og vi elsker å gå med bare legger.☀️ @utzoncopenhagen #michaelkors #cashmere #simonettatra... http://t.co/OzMn7zBtEK
2014-09-30 09:51:35	neutral	1D_Norge	En fan lette etter 5SOS på hotellet i går, og mens hun gjorde det var det noen som hørte på "FOUR" veeeldig høyt så hun filmet noen vines
2014-09-30 09:51:35	neutral	fylkesbibliotek	Bibliotekloven befester biblioteket som debattarena. Nå har du en gylden mulighet til grundig opplæring i... http://t.co/pUUDPgcFrr
2014-09-30 09:51:29	neutral	Jeanettewa2wo	Da er nomineringen til Vixen Blog Awards 2014 i gang og jeg håper dere vil nominere meg og bloggen i år også!:D... http://t.co/Wc6PkxzT7L
2014-09-30 09:51:16	neutral	FotballJon	Forstår ikke at noen vil skjerme Martin Ødegaard fra A-landslaget. Hvis han selv, hans trenere og hans far sier han er klar - så er han det.
2014-09-30 09:51:12	neutral	AndersHillestad	@mulmbot Haha.. true story I guess. Men snakket om økosystemet spillverden og forholdet utvikler/journalist. De ga uttrykk for forståelse.
2014-09-30 09:51:11	positive	KristianBergh	@ForzaKF Spiller for fugla, holder med United og takker nei til Liverpool! DET er dama si!!
2014-09-30 09:51:11	neutral	monaneixe	Av og til kan jo kverulantneixe føle seg litt kranglete. For å få det i perspektiv tittet jeg på veggen til... http://t.co/sFpGjZ8E29
2014-09-30 09:50:59	negative	roarulvestad	@konservativ @Alltid_uansett Stort ansvar på lærarutdanningane, som er dårleg lønna og mangler folk med lang UVerfaring.
2014-09-30 09:50:54	neutral	Martin_1917	@jordbakke SS tar avstand fra handlingen og sier at om noen blir tatt så får de straff ;)
2014-09-30 09:50:48	positive	HavardJohansen	@SpareBank1_no Takk for det. Med respons på twitter - veldig bra og overraskende. Takk.
2014-09-30 09:50:45	neutral	pasunnmore	Mørenytt:  Har Ulstein group, Havyard og Coca Cola som kundar http://t.co/gKpZk2rMQ7 #Nyheiter
2014-09-30 09:50:39	neutral	VGNettBrenne99	Kanskje Høgmo skal legge spissjakten på is og heller finne en falsk nier? Spania vant EM med 4-6-0. Men hadde jo bittelitt bedre utvalg.
2014-09-30 09:50:38	neutral	mariamtash	rettslæretimen: plutselig kommer en iphoneringetone på og jeg sjekker sekken kjapt for å slå den av #Iaintgotnoiphone #lifetrynafudgemeup
2014-09-30 09:50:33	neutral	IshavsmuseetAar	Ishavsmuseet utvidar sesongen og held ope kvar dag kl. 12.00 - 16.00 t.o.m 19. oktober. Velkomne til Brandal.
2014-09-30 09:50:32	neutral	TonsbergHoyre	I dag legger Erna Solberg og Torbjørn Røe Isaksen fram Lærerløftet!... http://t.co/EzwK3opJbB
2014-09-30 09:50:29	neutral	JulieRaaheimBoe	Når du sitter på bussen og er halvveis til skolen men kommer på at du har glemt en del ting du buurde hatt med😤
2014-09-30 09:50:25	negative	_ragnhild	#lærerløftet @konservativ Hvordan skal tvang til videreutd. og"trusler" om avskilting endre på lærermangelen?
2014-09-30 09:50:22	neutral	WWFNorge	Statusrapport for jorda: Verdens bestander av pattedyr, fugler, fisk, reptiler og amfibier halvert på 40 år. http://t.co/hZBB2n7S7j #LPR2014
2014-09-30 09:50:21	neutral	vannkoker	@SiriSukkertopp @silwil Og fester.l
2014-09-30 09:47:42	neutral	dyrevern	Hannhunder i toårsalderen omplasseres ofte pga «allergi». Lær mye om hund og tenk deg nøye om før du får deg #hund! http://t.co/6ejp9f33kb
2014-09-30 09:47:26	neutral	dinmat	Litt småsulten på kvelden og har lyst på noe som skikkelig smaker? Vi har funnet frem seks oppskrifter på... http://t.co/peiK8UQh1Z
2014-09-30 09:47:24	neutral	TibeVRiiseRamsy	@SverreTveit @konservativ @erna_solberg Trenger ikke mer faglig tyngde, trenger tid og ressurser.
2014-09-30 09:47:08	neutral	forkledama	Jeg skriver i @vaartland i dag om fosterdiagnostikk og selektive aborter. Fri meg fra valget! http://t.co/0cRNyfzUCY
2014-09-30 09:47:00	neutral	bibliotek	&gt;&gt; Forfattere raser mot Amazon - NRK - Kultur og underholdning http://t.co/POHJomtbzD #ebok
2014-09-30 09:46:53	positive	MaximalAjax	– Gleder meg til å mene noe igjen: BRUSSEL (NRK.no): – Jeg er veldig klar, og jeg gleder meg til å begynne å m... http://t.co/VyY0bsyq4Z
2014-09-30 10:17:41	neutral	Hoyre	@PPUstudenten En femårig masterutdanning er et av flere tiltak i #lærerløftet. Les mer her: http://t.co/AqbEr1apzZ
2014-09-30 10:17:40	neutral	TFKSnorre	@ellenminerva hara blitt dyr? Det vara ikke i gamle darr, FÅRÅSIRESÅNN!
2014-09-30 10:17:40	neutral	btno	Kjæresten: - Crazy speed: Han var passasjer i ulykken der kjæresten Anna Cieślak døde. http://t.co/HMh79r5nIc
2014-09-30 10:17:28	positive	Olihus	@PerOlavHopso @Hoyre @Lindacath Lovnad var 7 års byggetid. Forøvrig flott at AP nå er enig i at APs plan om 2032 (ikke2023) er for tregt.
2014-09-30 10:17:25	neutral	Kjerstigo	@oyvindlh Nå har jo @vgnett fått bevist makten de har. På tide at de tar ansvaret også. De snur folkemeningen i løpet av et døgn om d vil
2014-09-30 10:17:08	neutral	Anneehd	skal i dag, for første gang på en stund, se en film uten å ha lest boka. er det rart at jeg er nervøs fordi jeg ikke vet hva som venter meg?
2014-09-30 10:16:52	neutral	espengj	Inspirasjon å hente i #Db før dagens OL-debatt i #P4 om #ol2022 #lillehammer http://t.co/UXq1dQV5OU
2014-09-30 10:16:49	positive	Chris_Hovde	@mollerop Mer enn hjertelig velkommen i #gjester seksjonen på min blogg også! Interessant tematikk. @YvonneFosser @LindaLaiProf @QuestBack
2014-09-30 10:16:46	neutral	kreinas	@martinfinne @rabiatius @sjetilv Finnes det egne ocd-land? Er Norge i såfall med der?
2014-09-30 10:16:43	positive	Anderslindstro	Nordhaug burde få en meget fremtredende rolle i Ardennene. Blir gøy å se hva han klarer uten Bauke Mollema rundt seg.
2014-09-30 10:16:40	neutral	olepeder80	Livet uten skjegg, dag fem: gjenoppdager at jeg kan spise brødskive med makrell i tomat.
2014-09-30 10:16:30	positive	oddegutt	Gjesteforeleser i BI s BBA. Topp klasse! http://t.co/L1dpfWPqNE
2014-09-30 10:16:29	neutral	FrBlad	Stjernen møter Kongsvinger i Stjernehallen i kveld. Les om Lasse Fjeldstad - Stjernens "usynlige" sliter. http://t.co/t06u2p5UHb
2014-09-30 10:16:29	neutral	kylefinnesand	@Kjerstigo nei, men det er et gyldig vedtak i motsetning til hva Høyres representanter har å forholde seg til. @cvdreyer
2014-09-30 10:16:10	neutral	OPSGudbrandsdal	1154: Rådyrpåkjørsel i Sør-Trettenvegen på Tretten, Gudbrandsdalen. Viltnemnda avliver dyret.
2014-09-30 10:16:07	negative	trondkasin	Siste RT: ille nok med drager på draktene utelukkende for å tjene masse spenn i Asia, men nå begynner det jo bare å bli flaut.
2014-09-30 10:15:42	negative	klactoweed	@IrmaRustad Ja-sidens argumenter når stadig nye høyder. Pietisme i vår oljerikdom nærmer seg Heiberg-nivå @adnefor
2014-09-30 10:15:40	neutral	Forskerforum	Ryktet om et "kunstuniversitet" i Oslo kan være betydelig overdrevet: http://t.co/YviZfkKEh3
2014-09-30 10:15:29	neutral	vekstigrenland	Vekst i Grenland er med Fylkesutvalget på reise til Midtvesten, USA.  Telemark har fått sitt Trade Office i... http://t.co/aAKAJ1PRqO
2014-09-30 10:15:16	neutral	MarioANTorres	@Tjaernas @MBakenga Da er det bare å ta han med i A-lagstroppen. Vi har jo ingen spisser, utenom King.
2014-09-30 10:15:15	neutral	SteenRunar	Kan hende mye forurensning kommer fra England. De kan kjøpe torsken fra Norge og vi kan kjøpe fisk som er hentet fra vest i England, GB.
2014-09-30 10:15:15	neutral	lostartistic	@schish76 Hvem er folket? Har ikke lest denne endringen de siste ukene i det hele tatt. #olkupp
2014-09-30 10:15:04	neutral	VegardMandal	@VGSvea Så du mener at Henriksen ikke får spille nok i Nederland? Hva mer enn fast plass kreves for å komme gjennom nåløyet, egentlig?
2014-09-30 10:14:50	neutral	MaximalAjax	Nordhaug gjør Sky-comeback: Det har lenge vært spekulert i at Lars Petter Nordhaug vil gjøre comeback i Team S... http://t.co/GntLQpAPvN
2014-09-30 10:14:18	negative	gurousterud	"(...) den mest groteske matvaren vi har i Norge - Grandiosa-pizzaen." Sitat fra avisinnlegg  @brannfjell
2014-09-30 10:14:01	neutral	AHBryhn	@kjegla Håpløst å ikke ha med en av få utenlandsproffer i den alderen
2014-09-30 10:13:41	neutral	audunmolde	Var "Kulturdepartementets helikopterfaglige forum" i #Kveldsnytt en ny vits fra teksterne i #NRK @nrknyheter ?  @Kulturdep
2014-09-30 10:13:39	negative	fridaasy	Ikke en jævla kjæreste æ har hatt har du latt vær i fred...
2014-09-30 10:13:38	neutral	QBentM	Slik er det å gå i motbakke http://t.co/0O4CrAOXPE
2014-09-30 10:13:37	neutral	firecrotchs	pepperkaker er i salg allerede i SEPTEMBER?
2014-09-30 10:13:18	neutral	rlgrpch	Ryska deltagare i astronautkongressen i Kanada har inte fått visum - http://t.co/p97tavC712
2014-09-30 10:13:16	negative	RonnyOsnes	@Jotjar @NFF_info Føyer seg inn i rekken av "Hødd-tabber"...
2014-09-30 10:13:14	neutral	RMelum	Ketil Solvik-Olsen holder et tydelig foredrag om samferdselsutfordringene i Trøndelag http://t.co/HhybTWcrpc
2014-09-30 10:13:09	neutral	IKAKongsberg	Riksarkivaren seier nei skyarkivering i utlandet - Arkivverket http://t.co/SDvKHaJOEy
2014-09-30 10:13:03	neutral	virrvarr	@olafmoriarty @Kvalshaug @romvesen @stianj Jeg så nesten ikke Jenter som kommer i fysisk bokhandel fordi den var om sex. Minus @TronsmoBok
2014-09-30 10:13:02	neutral	Audiophileno	Audiofilt skråblikk fra Peter Djordjevik i Audiofreaks http://t.co/9XkgxMG2hh http://t.co/RRmRhla9t7
2014-09-30 10:13:01	neutral	TommyFunebo	Kristna flyr muslimska områden i Danmark, hotas med stening om de stannar. http://t.co/gJSuYuydq8 #svpol #eupol #islam
2014-09-30 10:12:56	neutral	Rusten7	Åge #Hareide uttalte til greske medier at #Malmø er et bedre lag enn #Olympiakos. Vi skal vel finne ut det i morgen, Åge...
2014-09-30 10:12:54	negative	lostartistic	"skulle selvsagt ønsket at flere støttet arbeidet med å få lekene til Norge" Men gir faen i at dette ikke er saken. http://t.co/KsdmnjS9Gk
2014-09-30 10:12:45	negative	Krodome	@Alltid_uansett Bra med komp.krav, men hvorfor ikke flere fag? Trist å bli satt til å undervise fag man ikke har kompetanse i. For dyrt?
2014-09-30 10:12:35	neutral	LarsNerdrum	I går regnet det 290 mm over tre timer i Montpellier. Fascinerende hva det gjør med bybildet. Snart må alle ha kano i heimen.
2014-09-30 10:12:34	neutral	TeknaYFOslo	Det er fortsatt ledige plasser for tango i morgen kl 1800 :... http://t.co/qeD52ir058
2014-09-30 10:12:30	neutral	mmoniia	Klarte nettopp level 666 i Candy Crush,  burde kanskje vurdere å få meg et liv snart
2014-09-30 10:12:25	neutral	cvdreyer	Joda, men det forandrer ikke det faktum at det er svært mange i Frp som er for OL. @kylefinnesand @Kjerstigo
2014-09-30 10:12:19	negative	helvetesengel	Ingenting er umulig... untatt at jeg får 6 i matte... noen gang!!!
2014-09-30 10:12:07	neutral	pasunnmore	Vikebladet: Nedrykksthriller i lokalfotballen http://t.co/6w8PLkGqhs #Sport
2014-09-30 10:12:05	neutral	tonjevem	Våkna akkurat fra en drøm der æ va me i Hungar Games. Enn at æ hadd såå god kondis!
2014-09-30 10:12:04	neutral	konservativ	LItt pussig overskrift i Aftenposten. 1500 flere lærere fikk videreutd. i år, men enda flere søkte! http://t.co/MCJT73tP0z
2014-09-30 10:12:03	positive	maeiris	Bygdefestene berget Villa videre i Skal vi danse http://t.co/uwKk0wMZfl godt  oss #stemme på deg heia #bygdefester som lærte ungdom å #danse
2014-09-30 10:12:00	neutral	olethomasbl	når du ser nokken som skylde dej penga kjøpe mat i kantina http://t.co/EAxYiN8aJF
2014-09-30 10:11:50	neutral	Artsdatabanken	Det kom en # i veien for lenka! Prøv denne: http://t.co/BKWlWCnn24 @GardenLivingno
2014-09-30 10:11:49	neutral	susanneahlenius	driftignus foto http://t.co/yea43ttn6q #vinnandewebb #driftig @driftignu
2014-09-30 10:11:42	negative	SteenRunar	Leste at det er mere kvikksølv i torsken i indre Oslofjord nå enn tidligere. Hvem i granskauen er det som forurenser matfatet?
2014-09-30 10:11:33	neutral	Folkver	@pternlsn @mpbdavidsen @nielsenerik Var han ikke caretaker i en periode?
2014-09-30 10:11:30	positive	infosharepriya	I like this sutvik.STIFORP
2014-09-30 10:11:20	neutral	12Bly	@Chris_Hovde spørsmålet ditt er i kategorien "uvett" ;) @hpnhansen @SteinarBl @gauteweb @EspenAntonsen @krohntraaseth @BakkeKristina
2014-09-30 10:11:19	negative	konservativ	I flere år har lærerorg. etterlyst kompetansekrav&amp;videreutdanning. Manglende politisk vilje har vært problemet,ikke at lærerne ikke har lyst
2014-09-30 10:11:16	positive	waaqe	@saetre_hanssen Utrolig innovativt av avisen å bruke penger på å lage reklamefilmer for GoPro i USA! @AftenpostenTV
2014-09-30 10:11:11	neutral	Benjaminzxxxc	@minnhui i love her sister more. Krystalll 🙆❤
2014-09-30 10:11:03	neutral	bergenfilmfest	Bruker du BIFF-kort fra i fjor? HUSK å bruk opp beløpet på kortet! Neste år kan kun nye kort brukes! Tips: TURIST kl. 18:00 i KP1!
2014-09-30 10:11:00	negative	JoHeinum	"Robertisering av norsk arbeidsliv". Trur dette uttrykket uunngåeleg vil etablere seg i språket slik regjeringa turar fram. #arbeidsliv
2014-09-30 10:10:57	neutral	WorldNetTimes	Typisk Bergen å få lite ut av mye: DODDO-BLOGG: Det er ikke Brann det er noe i veien… http://t.co/xjz1hppwmm #Bergen
2014-09-30 10:10:55	neutral	Portalbmk	Argjend Beqiri kryetar i LFK Gostivar http://t.co/4E2V5JMwK4
2014-09-30 10:10:49	neutral	VegardMandal	@AlexanderOsdal Beklager, mente 2005. Nesten en sjanse mer i snitt enn nummer to, Brann (6,92 vs 6,15). Lå på kvalikk fem runder før slutt.
2014-09-30 10:10:46	neutral	markzachary98	Typisk Bergen å få lite ut av mye: DODDO-BLOGG: Det er ikke Brann det er noe i veien med, det er den b... http://t.co/XWFKbIY2bG #Bergen
2014-09-30 10:10:44	neutral	Br00kieV	krisjenner's photo http://t.co/ul8Nq7zWA7😍😍😍😍
2014-09-30 10:10:23	neutral	LogiskTenkning	@phambre @Folkehelseinst Man blir jo testet da (bare man har en overlege i familien som pådriver for testing)  http://t.co/X9wb5p6xx5
2014-09-30 10:10:19	negative	TheaMarg	"Ok men da tar vi alle ansvaret da?" Alle i kor: JA. tre uker etterpå: nei, jeg får vel fortsette å ta ansvaret alene da.....
2014-09-30 10:10:19	negative	Sawisean	@dreamikidrauhl HAR IKKE DEKNING I DETTE LANDET HER FAEN
2014-09-30 10:10:16	neutral	TradefloorNorge	barsom77 på toppen av Tradefeeden i øyeblikket med + 26.73 % logget siste 4 mnd. - Stabilt ! #osebx #aksjer
2014-09-30 10:10:15	neutral	Blopp	Svinekam med rotgrønnsaker i eplecider http://t.co/iTxW1TBbwk
2014-09-30 10:10:15	neutral	BenetGames	En breu a @RadioManresa els @BenetGames 95.8 FM i 1539 OM. @AjSantFruitos @MonStBenet
2014-09-30 10:10:12	positive	hellestener	Tenk at Herman har holdt ut med meg i 3år
2014-09-30 10:10:09	positive	2masDrm	Nytt serveringssted åpner i morgen. Anbefales :) http://t.co/AKMfsnO4SG
2014-09-30 10:09:59	neutral	Rawpower67	Siste natt med gjengen, holde på til 08:00 i morgen - takk @netcom_ks for 2 siffret antall år. #Chess #billig #best
2014-09-30 10:09:58	neutral	blogstreetnews	[http://t.co/iC9cV2GM41] &gt; I Simpson 26×01: la gag del divano firmata da Don Hertzfeldt http://t.co/6nNhnwS4U0
2014-09-30 10:09:58	neutral	leapaulinee	de burde ver en slutteapp for mat i kantina😩
2014-09-30 10:09:56	neutral	news24hnor	På plass i Brussel: NATO: Jens Stoltenberg er på plass i Brussel, der han onsdag formelt tiltrer som NATOs nye... http://t.co/xxldsV5Ucn
2014-09-30 10:09:55	neutral	susanneahlenius	driftignus foto http://t.co/yea43ttn6q
2014-09-30 10:09:49	neutral	WorldNetTimes	Pass deg for dødelig sopp i skogen.: Soppkontrollør Per Blikra anbefaler folk å… http://t.co/2nyPcAY5rL #Stavanger
2014-09-30 10:09:45	neutral	XCEriksson	@jasnoen kjent med det. Så hvorfor fremmes ønske kun nå? Andre store saker mangler potensielt også flertall i medlemsmassen.
2014-09-30 10:09:43	neutral	NorNFL	Kansas City-fansens lydnivå i fokus etter at laget høvlet over Patriots i natt - http://t.co/SbCAcrm6fA
2014-09-30 10:09:37	negative	Kjerstigo	@voxpopulinor bl.a vet ikke folk at OL-anleggene ikke får noen konsekvenser for anleggsbygging i andre kommuner @vgnett
2014-09-30 10:09:33	neutral	Entrak	#MediaFail - Benyttes når samfunnets vaktbikkjer, media, feiler i sin samfunnsoppgave.
2014-09-30 10:09:14	neutral	moiseslofroth	eva på handelsbanken i bureå &lt;3
2014-09-30 10:09:07	neutral	GeirVoll	@mariusgjerset  KU prosessen er bygd på LCA prinsipper men hopper av midt vei i fra vugge til grav.   @EinarWilly @kjellingolf
2014-09-30 10:09:03	neutral	hpnhansen	@Chris_Hovde I grenseland ... Kommer en liten omtale snart :)
2014-09-30 10:08:54	neutral	runefo	Noen har laget en PC-versjon av Destiny allerede! Eller, DELER av Destiny, i alle fall... http://t.co/lDNbpDzcr8
2014-09-30 10:08:43	positive	NorthSeaSalt	Takker for flott artikkel i  #Romsdalsbudstikke #lokalmat #bærekraftig http://t.co/wbCtKhUXlL
2014-09-30 10:08:29	positive	Krodome	@asecamilla Hmm. God matte i mye kunst. Fortsatt rart med naturfag. @ElinJoval @konservativ @erna_solberg
2014-09-30 10:08:13	neutral	IvoNinive	En perpetuum mobile basert på retweet-aktiviteten i fjortis-segmentet
2014-09-30 10:08:13	positive	mortenprom	Kult hvis Cecilia Brækhus ga MMA stjerne Ronda Rousey juling i bokseringen! Ennå kulere å se Cecilia i MMA... http://t.co/BjfKyVUzjZ
2014-09-30 10:08:06	neutral	EspenAntonsen	@SkiNorge er dere #gladfor korrupsjon i udemokratiske organisasjoner også?
2014-09-30 10:07:59	neutral	olafmoriarty	@Kvalshaug Mi eiga debutbok var å finne i nøyaktig ein fysisk bokhandel. Medverkande årsak til at eg ikkje skriver fleire. @romvesen @stianj
2014-09-30 10:07:53	neutral	andreasveie	Ha gjerne bursdag, hold gjerne en narsissistisk takketale på facebook, men gjør det i hvertfall samme dagen.
2014-09-30 10:07:45	negative	helgespresso	Det er vel bare å innrømme: gratisavisa Byavisa Tromsø, som går inn i morgen, kommer til å bli like mye savnet som Fugledansen. #media
2014-09-30 10:07:42	neutral	HTjeltveit	185 millioner i finsk støtte til Skangass -  http://t.co/4oZpvvd6Cb
2014-09-30 10:07:39	neutral	OddOlaf	Symantec på Atea Community i Trondheim. http://t.co/pryEx2xSre
2014-09-30 10:07:38	neutral	journalisten	NJs reise til Palermo tilsvarer halvparten av kontingentkronene våre, skriver klubbleder i Klassekampen. http://t.co/QxBzYkE7kU
2014-09-30 10:07:31	negative	EmilieGurvin	Elsker å stå i kø i matbutikker fordi de som jobber der ikke vet hva de driver med☺️
2014-09-30 10:07:24	neutral	NorskBiolog	Vi har 37 arter av gullveps i Norge. Les om dem her. http://t.co/CT4PP0nc4c
2014-09-30 10:07:01	neutral	olavtorvund	@A_Wyller Jeg uttalte det i alle fall ikke Mynk, det har jeg aldri gjort
2014-09-30 10:07:00	negative	GjelstenElin	Hjertet blør... Neda tapte i tingretten http://t.co/mYGCRyZS5s
2014-09-30 10:07:00	neutral	Sinamargrethe	Skulle ønske jeg bodde i hybel
2014-09-30 10:06:42	neutral	Mikalen	Møt Brandon i #Dagsrevyen i kveld. Eks-dronepiloten som angrer. http://t.co/V8VngydH6J
2014-09-30 10:06:39	neutral	asecamilla	@Krodome @ElinJoval @konservativ @erna_solberg høyere status. I "kunnskapsskolen" er realfag viktigst. Kunst kan du drive på med i fritida
2014-09-30 10:06:39	negative	Hernholm	Jeg har ikke nødvendigvis noe i mot at Ødegaard tas ut på landslaget, men da burde Ghayas Zahid tas ut også. Inkonsekvent av Høgmo.
2014-09-30 10:06:32	positive	JanLindeberg	Det er alltid gledelig når det er Thorvald-nyheter i media. Dagen får en boost. Thorvald har nå en 9 år yngre kvinne ved sin side...
2014-09-30 10:06:31	neutral	simenspurkland	@konservativ la meg da smette inn at bestillingsbrev18-14 går i feil tidstyvretning… @_ragnhild
2014-09-30 10:06:23	neutral	ABHoeyer	@skaugm Kan det ha noe med at det er barn på vei, slik @HgliTom twitret i går?
2014-09-30 10:06:22	negative	annjlunde	Jenta mi holder på oppe på rommet sitt. Den dårlige samvittigheten for at jeg ikke klarer gjøre noe sammen med henne i høstferien, gnager.
2014-09-30 10:06:04	neutral	miljodir	Alle brukte #batterier, uansett type, skal leveres i butikk eller til miljøstasjoner: http://t.co/R3Oj62DJGA #miljø
2014-09-30 10:05:56	negative	AlexanderOsdal	@VegardMandal Hvis RBK var i nedrykksstriden 2007,  må "nedrykksstrid" være et meget vidt begrep.
2014-09-30 10:05:55	neutral	oivind_	Øivind Georg Johansen — #ilovenorway #i_love_norway #ig_today #ig_unique_... http://t.co/ZiCFtrdt86
2014-09-30 10:05:54	neutral	katrinebberge	Omg! Fant nettopp ut at han ene på jobb lager maten for hele uka på SØNDAGEN!!! Jeg klarer kun at maten står 1 dag i kjøleskapet.. 🙈
2014-09-30 10:05:50	neutral	Kjerstigo	@EmmaHansen1963 jeg tror også det. Endringene vil i hovedsak kunne gjøres etter at Norge er valgt. Derfor viktig å få det.
2014-09-30 10:05:41	neutral	kpnystad	@TrulsGulowsen @abjartnes @ketilso Jepp. Ironisk nok er det bilene som må redde oss i rushet http://t.co/Ht6zUpIL9B
2014-09-30 10:02:55	neutral	stjordalensblad	Verdens beste finner formen i Meråker http://t.co/f8RUh6IXgg
2014-09-30 10:02:35	neutral	kjegla	Hvorfor er ikke Morten Thorsby tatt ut i U21-troppen?
2014-09-30 10:02:13	positive	Metteflc	@NFLfantasyNorge Denne uka spiller jeg årets viktigste kamp (les: mot gubben), så håper du har noen godbiter på lur! Venter i spenning :-)
2014-09-30 10:01:53	positive	Hjertviksten	Fantastisk at folk gis ny sjanse til å rydde opp i livet sitt. #Nystart #Utavrusen http://t.co/PkJuxo1RYZ
2014-09-30 10:01:53	neutral	Oddi70	@kenspo skal ned i morgen @PrimaMette @Puzelus
2014-09-30 10:01:50	positive	Oijans	@Kjerstigo Det høres ut som musikk i mine ører :)
2014-09-30 10:01:48	neutral	Urke6196	I dag har vi besøk av Nordlys http://t.co/1AIMt7obVS
2014-09-30 10:01:47	neutral	Haugesundkomm	I morgen slår vi et slag for brannsikkerheten hos de eldre! http://t.co/8ZGigFiSTU
2014-09-30 10:01:41	neutral	pasunnmore	MetroAlarm:  i dag: Ikke nødvendig med spesiell oppmerksomhet. I morgen: Ikke nødvendig med spesiell oppmerksomhet.
2014-09-30 10:01:37	neutral	emilsvendsen1	@Trav_Hedda Hvor mange hester kommer til start i Refslands regi i kveld?Du som var så dyktig med folkehestene,har vel kontroll på det
2014-09-30 10:01:36	neutral	BenteSparby	.@konservativ Hva innebærer det "økte ansvaret" i #lærerløftet @Alltid_uansett #dax18
2014-09-30 10:01:28	neutral	P4Sormland	Sexpartisamarbete kan bli aktuellt i landstinget http://t.co/OEuMc6RrA5
2014-09-30 10:01:26	neutral	SolheimFjellgr	Temp 11,8ºC opplevd 9,9ºC (+2,0/17,2). Svak vind 2,0 m/s NNE. Barometer 1018,3 hPa. Regn 0,0 mm/t, i dag 0,0 mm. Luftfuktighet 77%
2014-09-30 10:01:26	neutral	SigmundVefring	@Henrikasheim @HallvardSurlien @Hoyre nettopp. I dag kan eg beordrast til å underv i K&amp;H, det hadde vore katastrofe.
2014-09-30 10:01:25	neutral	kenspo	@jonne7 Holder foredrag andre helga i Oktober. Vært fint om noen gadd å komme :P hehe
2014-09-30 10:01:08	negative	Frietanker	@fabianstang Oslo, en hjerteløs by. Lars Gilberg i dagens Vårt Land. Ikke hyggelig lesning. Kan Høyre stå for disse prioriteringene?
2014-09-30 10:01:05	neutral	diskre	@tv2norge Ingen rådgiv i huset? Hvordan tillate unge middelmådige artist-wannabees opptre i tights når de har fasong som en parfyme flakong?
2014-09-30 10:01:04	negative	OnkelErvin	Note to self: Ikke les kommentarfeltet under #VG s artikkel om at Staten ble frifunnet i Neda-saken. Da mister jeg all tro på menneskeheten
2014-09-30 10:01:04	neutral	gleerups	Sista chans att nominera kommuner i framkant m #digital #skolutveckling t #Guldtrappan 1/10. http://t.co/JMZIigb8Mr  #itiskolan #skolledare
2014-09-30 10:00:48	neutral	DOKUMl	@i_6x9  Fjg9g7hf8g8f9g9ggg9g8f78f7h7g8
2014-09-30 10:00:47	negative	martebjart	Det er ingen vits i å prøve å være hyggelig en gang. Faen så mye bedriten oppførsel det er overalt.
2014-09-30 09:59:01	negative	fagermo	20 min forsinket, sier de på PA, men sanntid sier i rute. Hvem har rett, @nsb_no?
2014-09-30 09:58:53	neutral	FrkSosa74	Synes julemarsipanen er litt sent ute i år...
2014-09-30 09:58:49	positive	MforMaarten	Jeg er faktisk enig i @GunnarStavrum. Få andre enn politikere inn i Nobelkomiteen http://t.co/Z2HxaQ97kC #nobel
2014-09-30 09:58:37	positive	oleroll	@OyvindRein Ja hadde nok det! mange flotte utsiktstomte i næleiken :)
2014-09-30 09:58:17	neutral	SigmundVefring	@Henrikasheim @HallvardSurlien @Hoyre meiningslaust at lærar i eks K&amp;H MÅ ha 4 i matte fra vgs dersom den består lærerutd i sitt fag.
2014-09-30 09:58:14	neutral	thomas_a	@Bjorn_Are Fikk du tak i?
2014-09-30 09:58:08	neutral	mulmbot	@AndersHillestad jeg mener..holy shit. om man skal ta tak i utvikler/journalist-forholdene er det LITT andre ting man kan se på først
2014-09-30 09:58:05	neutral	ErikaKetner	@sesseliten Magen er "din andre hjerne", nerveimpulser settes i gang der akkurat som i hodet. Så det er ikke så rart at det merkes i magen:)
2014-09-30 09:58:04	positive	AdamGabrielsen7	Deilig med en kopp kakao når man er litt frossen i kroppen! #freia
2014-09-30 09:58:00	neutral	Videodager	… videoverstingen Motorsagmassakeren (1974) i dag fikk 15-års grense av @Medietilsynet
2014-09-30 09:57:59	negative	villemomarie	Problemet med lange togturen er at når du føler du har sitti på i en evighet så er det faen i meg 5 timer igjen
2014-09-30 09:57:54	neutral	ToveKje	@Henrikasheim Jaja, du skal i alle fall ha kred for å svare selv om svarene går utenom. 👍😷 @sortulv
2014-09-30 09:57:51	neutral	NorskGolf	Hvordan er ståa i norsk juniorgolf? Norsk Golf gir deg den komplette oversikten over juniorantallet i alle klubber:  http://t.co/6gZhqnVhSL
2014-09-30 09:57:50	neutral	tommynovik	Hjemmekontor i dag. Alkoholfri pils til kaffen.
2014-09-30 09:57:14	neutral	HendrixBT	@JackMolly3 @ThomasATerrier @BunnersAndHarvs @SassVH @WhatWeCallTilly @borderonwheels @TobeTheBT I HAZ MA suspishuns er smell ov strangeness
2014-09-30 09:57:08	neutral	asecamilla	velger å forstå #laererloeftet at regj har gitt noen _løfter_ om å prioritere skolen. Full inflasjon i kunnskaps-, eldre-, lærer, imam-løft
2014-09-30 09:57:08	positive	SigmundVefring	@Henrikasheim @HallvardSurlien @Hoyre Enig, men ein bør i staden krevje fagspesialisering for å få undervise.
2014-09-30 09:57:05	negative	Muthuldu	"Tenk på det i pausen" Nei. Det går ikke. Beklager.
2014-09-30 09:57:01	neutral	OleRyborg	.@EU_tropolis @SchaldemoseMEP Vi prioriterer primært @vestager, Canete, Moscovici, Hill, Avramopoulos, Navracsics i denne uge.
2014-09-30 09:56:53	neutral	OyvindRein	@oleroll ...takker Ole! Hadde vært noe ute i havgapet hos deg, men vil bli litt dyrt å flytte det dit kanskje...
2014-09-30 09:56:52	neutral	terjeleifson	@OyvindRein har en kompis med leilighet i Tyrkia, er jo populært, men lang reisevei, tenker jeg :-)
2014-09-30 09:56:49	neutral	prinsesseannikn	@fotoboksen noe midt i mellom
2014-09-30 09:56:45	neutral	odd_roger	Spennende dag på #AteaCommunity i Trondheim. #it #Atea #konferanse http://t.co/IVVHekatUY
2014-09-30 09:56:44	neutral	PupuLaVida	Hello I'am Oger http://t.co/OwUiPGxAai
2014-09-30 09:56:43	neutral	EmmaHansen1963	@Kjerstigo @Arbeiderpartiet PÅ Aktuelt i går: OL-lobbyen har ikke sendt dokumenter som grunnlag for samtaler i partiene i morgen:-))
2014-09-30 09:56:43	neutral	jantranpelikan	@Henrikasheim @PederWEgseth @Hoyre * i lærerutdanningen
2014-09-30 09:56:37	neutral	AbelMortensen	Det er så sjelden man får bruke det flotte ordet køpenickiade, derfor skriver jeg det to ganger: Køpenickiade! http://t.co/oY319jrLRw
2014-09-30 09:56:35	neutral	AndreasFlasnes	Så kan man spekulere i potensialet til Bakenga vs King; har King blitt det spor bedre siden han debuterte på landslaget? Bakenga tar steg
2014-09-30 09:56:25	negative	news24hnor	Buss for tog: Det skjer stadig oftere. For fortsatt å kunne kjøre tog – stenges togstrekninger i perioder for ... http://t.co/sXPCBkD65s
2014-09-30 09:56:18	positive	news24hnor	Stoltenberg på plass i Brussel: BRUSSEL (Aftenposten): Jens Stoltenberg gleder seg til endelig å kunne svare p... http://t.co/fcA7hbQCVb
2014-09-30 09:56:14	positive	degarden	I dag trodde jeg et øyeblikk at jeg hørte om en «venn-venn-situasjon» på radioen. Det var ganske fint.
2014-09-30 09:56:13	neutral	bjorskog	@ingesol @sigvei Noe gir mening (moving average aka. glatting), mye er vås. I den grad det er prediktivt er det fordi folk tror på det.
2014-09-30 09:56:12	neutral	miljopsykologen	Forstemmende av tingretten. Jeg velger å tro på Arild Humlen.Neda tapte i tingretten http://t.co/t4W9kc821C
2014-09-30 09:56:11	neutral	aylainer	Er det bare meg, eller er det ekstra sterk tyngdekraft i dag?
2014-09-30 09:56:02	neutral	PolitiNoRoOps	Fannefjordtunellen, fv. 64 stenges, bil med problemer i sørgående felt opp mot Skålasiden. Politi på tur til stedet.
2014-09-30 09:55:54	neutral	Utbo	@GreiderDD @lenais Arbete i jordbruk? Låter som kulturrevolution eller Pol Pot! #svpol
2014-09-30 09:55:48	neutral	gurousterud	@manoweird Vi som vil ha Bugg i jerrykanner.
2014-09-30 09:55:45	neutral	KILROYnorway	Opplev det spennende dyrelivet når du studerer i Australia http://t.co/VforuckNQR
2014-09-30 09:55:44	positive	GladWold	Genialt. Svenske forskere konkurrere om å få inn flest Bob Dylan-referanser i vitenskapelige artikler. http://t.co/1OOcxjVWZg via @guardian
2014-09-30 09:55:40	neutral	NRKRogaland	Neda (13) får ikke komme tilbake til Norge http://t.co/4xNfAXxkde #nrknyheter
2014-09-30 09:55:32	neutral	BusinesSafari	#Arbeidsledigheten er fortsatt stor i utviklede land, men det er tegn til bedring i situasjonen http://t.co/HnjBsWpw6P #UtvikledeLand
2014-09-30 09:55:29	neutral	Doremus42	@agteien @AraldoB @gjenset SLIK sjekker du om DIN sønn kan være i ferd med å bli PSYKOTISK! #bø http://t.co/5IUNn7fOoi
2014-10-03 09:28:55	positive	brak_musikk	Me gler oss! RT: Spelar høg groovy metal med @Slegest i «sykkelbyen» Førde i kveld. https://t.co/3vwYUfW2wF … Ve dar vel!
2014-10-03 09:28:51	neutral	buzzedbrands	#NOR Ubaydullah Hussain er frifunnet: Oslo tingrett frifant i dag islamisten Ubaydullah Hussain (29) http://t.co/a1B8T3DH0g
2014-10-03 09:28:47	neutral	SteamKaffebar	Kakaocrush   Vi har nå blitt nødt til å gi oss selv en grense for hvor mange kopper kakao vi kan drikke i løpet... http://t.co/6BnDv7JhzA
2014-10-03 09:28:43	neutral	EldarHaarfagre	@Rockefanen hvilke da? Har fått med meg "the devil in I", "the negative" og "xix".
2014-10-03 09:28:41	neutral	rstraumann	På mandag utfordrer @virke_no @nikolaiastrup @mariannemar og @arvekambe på politikk for #samfunnsansvar i #arbeidsliv http://t.co/E5lpQ5uzgr
2014-10-03 09:28:41	neutral	KroghL	@chr_wulffhansen I samme slengen tar du lett med en ny sofa ;). Min snørrgrønne er klar for utskifting:).
2014-10-03 09:16:51	neutral	eiendomsmegling	- Etter en periode med stort press i leielmarkedet er trenden i leieprisene nå en moderat nedgang, sier Johan Fredrik Høvås fra @FINN_no
2014-10-03 09:16:46	neutral	NewsonHK	SE: Dyrt med protester i Hongkong - Svenska Dagbladet http://t.co/rd5wrBanh7
2014-10-03 09:16:45	neutral	torskrede	Just completed a 9.05 km run - Tour de Langestølen i småkjølig og lettskyet (tåkeskyer) vær.  http://t.co/sIj4Mr3uvS #RunKeeper
2014-10-03 09:16:39	neutral	Devoldfabrikken	Alle som handler hos 4HIM mens fashion i morgen er med i trekningen av denne! :) http://t.co/SCuucSL3Bc
2014-10-03 09:16:34	negative	KimRolund	Når OL i 2022 enten blir i Beijing (Kina) eller Almaty (Kasakhstan). Nei, da er det på tide å revurdere! Håpløst. #OL2022
2014-10-03 09:16:19	neutral	HoddFotball	Hødd Fotballskule i haustferien  http://t.co/S5NmIYCh3g
2014-10-03 09:16:19	neutral	KhalisSafiq	@taufiqtopeq i guna Uber je.
2014-10-03 09:16:07	neutral	1001ptsSE	Kuyt slutar i landslaget (metro.se) http://t.co/ilpo8Gwsjg
2014-10-03 09:16:05	neutral	larswinsvold	Ikke uventet frifinnelse i U. Hussain-saken. Selv om det er sterke og støtende meldinger, skal ytringsfriheten gi vern.
2014-10-03 09:15:49	neutral	PetroMediaNews	Åpner kontor i Hammerfest: OMV skal bore tre nye brønner på Wisting i 2015 og 2016, og åpner nå deltidskontor ... http://t.co/lH0TjFQwVG
2014-10-03 09:15:49	neutral	deathcrushbaby	I kveld, Trondhjem! Dom Mysteriis Faaack Oslo på Blæst etter vi sjøl og Shining har spælt. http://t.co/RWOHOyu0tl
2014-10-03 09:15:39	negative	torsvenis	Jeg skal kaste meg inn i debatten. Hverken Oslo eller resten av verden fortjener en OL. Nok er nok!
2014-10-03 09:15:38	positive	Vikebladet	Sindre Eid: – Vi er ekstremt motiverte: Hødd har etter alt å døme allereie mange nok til å sikre ny kontrakt i... http://t.co/Ix687AmQYA
2014-10-03 09:15:36	neutral	ketilmagnus	@anineki Har du registrert tilsvarende  oppsiktsvekkende EMD-utspill i andre land?
2014-10-03 09:15:30	neutral	Kunstlabben	Det er fredag og vi er på vei inn i 2014-sesongens siste helg. Det er altså tid for finissage og vi arrangerer... http://t.co/hJ1bgKUj9W
2014-10-03 09:15:30	positive	TottenhamNorway	Tottenhams Venner er på plass i London. Om få timer ankommer en flott gjeng til årets første fellestur! Fullpakket helg venter! #coysnor
2014-10-03 09:15:29	neutral	Twode	Photo: Halloisen @raffdesignuke! Snart blir det intens doodling til foredrag her i Bergen! #raffdesignuke... http://t.co/9QdxgSIUNn
2014-10-03 09:15:28	neutral	PelhamMcMahon	Svenska trupper delade liknande erfarenheter i Afghanistan  http://t.co/87kqkgEneH
2014-10-03 09:15:27	positive	KnutMagneMomrak	@sigridbt Nei ble absolutt ikke skuffa. Fantastisk stand-up i starten, gode sketsjer, og kul avslutning. Vel blåst! #motibrøsta #facelife
2014-10-03 09:15:27	neutral	Twode	Halloisen raffdesignuke! Snart blir det intens doodling til foredrag her i Bergen! #raffdesignuke… http://t.co/COfBc025Vx
2014-10-03 09:15:27	neutral	StaleHalsne	Kjell Skartveit om rettssikkerheten i økokrimsaker #rettssikkerhet #økokrim http://t.co/JE9Yhrdx59
2014-10-03 09:15:27	neutral	Madsbass	Senere i dag skal jeg fortelle om mitt nære møte med Alan Alda da han var i Oslo i forbindelse med Kavlipris-utdelingen. Se @madsbass_pluss
2014-10-03 09:15:26	positive	BjaBror	Intr problemst i en god kronikk. Bra Arnstein :-) "@A_Mykletun: Økt kjønnsforskj i sykefr utfordr likest - Aftenp http://t.co/nMV9Vg2Lxq"
2014-10-03 09:15:21	positive	_SBSPresse	@Kanal5sbs fik seerrekord i september! http://t.co/diFZMeHgZw
2014-10-03 09:15:08	positive	Poesiinterior	Endelig! Nye Mulberry kolleksjonen er endelig i hus! 󾌰 http://t.co/rX2tgY7wKC
2014-10-03 09:14:59	neutral	eiendomsmegling	Det måneden lanserer vi en nyhet i #boligprisstatistikken - leieprisindeks i  basert på tall fra @FINN_no med Johan Fredrk Høvås.
2014-10-03 09:14:53	positive	byskog	@kamaslak I prinsippet er jeg enig med deg, men jeg ble positivt overrasket. Hadde ventet meg en park, men det var også mye "villskog".
2014-10-03 09:14:51	neutral	VegardLoke	@forkledama @meretethomassen @IdunSefland er det greit liksom? Flaks at jeg ikke var stygg, i tilfelle jeg hadde gjort en dårlig jobb
2014-10-03 09:14:49	neutral	StrynNordfjord	Strynemesse-helg i #Stryn! #høstferie #nordfjord #ferie #tivoli #visitnorway http://t.co/sqO2gtMuew
2014-10-03 09:14:45	neutral	dsorum	@KateCWilliams13 1500 kr i timen? Det hørtes voldsomt ut.
2014-10-03 09:14:44	neutral	WorldNetTimes	I denne franske landsbyen er det få avholdsmenn: «Vin er den mest siviliserte ting i… http://t.co/fstTlSP04H #Bergen
2014-10-03 09:14:35	positive	OleSundheim	@gandreassen tjah.. det er vel nok spam i feeden min fra før så #uffnor tror du har nok intelligens til å skjønne hva u står for.. god helg
2014-10-03 09:14:30	neutral	JRSSportsMgmt	Henrik Ingebrigtsen sparer beina ved å løpe i vann - Aftenbladet.no http://t.co/1NAGB89RPo @HenrikInge
2014-10-03 09:14:30	neutral	markzachary98	I denne franske landsbyen er det få avholdsmenn: «Vin er den mest siviliserte ting i verden», skrev He... http://t.co/ab3EFvzATC #Bergen
2014-10-03 09:14:29	neutral	MarianneBrekken	Mange kvinnelige prester og teologistudenter har nok samme erfaring som @IdunSefland om hersketeknikker i @kirken! http://t.co/DKK3uNHxiU
2014-10-03 09:14:26	negative	ramw98	Jaggu får æ mæ et slag i trynet i dag også, som alle andre daga.. E så lei av at psyken min har tatt over hele mæ no. Blir ekstra følsom!
2014-10-03 09:14:24	neutral	NINAforskning	Villreinens hverdagsliv i bilder og film, GPS-halsbånd, hjelmkamera og så Villy Villrein sjøl da http://t.co/Zkc4nXvbGi
2014-10-03 09:14:20	neutral	VastraNyland	Robin Sid med i nytt landslag http://t.co/LAGCb3V9lL
2014-10-03 09:14:19	positive	SLF_Oslo	Mye bra #Oslo-stoff i siste nummer av #Syklistene fra @Syklistenes! Av og med #Ring2 @gurimelby @bbrembo @piabodahl http://t.co/W6FycN6xj8
2014-10-03 09:14:14	neutral	HandelsbankenNO	Moderat oppgang i arbeidsledigheten, raten uendret: http://t.co/wPAYLTj1g1
2014-10-03 09:14:11	neutral	TV2Magnus	@reporterlars Maradona, van Basten, Pele er født i oktober. Så det går an...
2014-10-03 09:14:11	positive	TheaRenate	Er så koselig å ha Bestevenninner som rydder i klær, da får man alltid med seg en pose eller to hjem ☺️
2014-10-03 09:14:08	neutral	aWencheals	Har løst å laga mitt eget fag i skoorn, "åssen står'e tell"-faget, der elleva får snakka ut om ting. Viktiere en algebra å sterke verb alså.
2014-10-03 09:13:57	neutral	MforMaarten	Flott at @borgebrende tar opp menneskerettssituasjonen i #Aceh http://t.co/kwnhloXriN Via @DubesNorwegia
2014-10-03 09:13:57	neutral	SarpsborgFK	4. divisjon: A-laget reiser til Rakkestad for å slåss om den viktige 4. plassen i 4. divisjon. Denne plasseringen... http://t.co/dD50Ys6Mmn
2014-10-03 09:13:48	neutral	djuice_norge	@HeavyMetalJesus Nei, men om du ønsker å bytte kampanje så kan vi la deg gjøre det i det minste :)
2014-10-03 09:13:42	positive	JarlePetterson	@mhjensen Haha, se der, ja! Men det passer jo utmerket, her i det vestenfjelske!
2014-10-03 09:13:35	neutral	oscarsnutte	@annieloof for President! Den enda med balls i oppositionen. #svpol
2014-10-03 09:13:35	neutral	bmyklebust	Nesten alle bilprodusenter kommer med ladbar hybrid i løpet av de neste årene, rapporterer @BilNytt fra Paris. http://t.co/WbQQg2sL0k
2014-10-03 09:13:35	neutral	politikontroll	Ukjent/Sande: politiet står å observerer i svingen etter hakkebakkeskogen http://t.co/Tu5Z1Cszw8
2014-10-03 09:13:26	positive	ElineFeiring	Veldig godt skrevet i @vaartland om sukkerhysteriet som herjer her i landet. På tide å roe litt ned nå.  http://t.co/iyjkSI1oeL
2014-10-03 09:13:16	positive	CSRlerka	@Tingnett @krohntraaseth @NorgesBondelag @NorskeFelleskjp @astridsolberg2 @emyki @SolbergInger hyggelig å bli inkludert i flott gjeng :-)
2014-10-03 09:13:09	neutral	JulijaLande	En utenkelig handling i Norge... http://t.co/AOqUbKd6cA
2014-10-03 09:13:08	neutral	1001ptsNO	Prøvde å stjele bil i Mysen (smaalenene.no) http://t.co/40k3ca6ecC
2014-10-03 09:13:06	neutral	PorsgrunnVGS	Studentene som gjennomfører Venn1 arrangerer i år et foreldremøte 21. oktober. Se invitasjon! http://t.co/dRvV24YrIz
2014-10-03 09:13:05	neutral	frikyrkja	Møt TV Pastor Egil Svartdahl i Herøy Frikyrkje  Denne helga er endeleg TV pastor Egil Svartdahl tilbake i Herøy.... http://t.co/hFcnTrtL0U
2014-10-03 09:13:04	neutral	Landstil	Nå nærmer det seg helg og det pakkes ut varer for fullt! :)  I helgen er butikken på Moi åpen fra 12-16 lørdag og... http://t.co/QHyJqrfWRO
2014-10-03 09:13:04	neutral	neialdri	Håpe virkelig ikkje ho litt lenger borte på forelesning ikkje he rømme i rømmebegeret ho et fra. Ser nemlig slik ut 🙊
2014-10-03 09:13:02	neutral	Gatejuristen	Påfallende at byrådet kutter i tilskudd til frivillig innsats som skal sikre de mest utsatte et minimum av rettshjelp http://t.co/ERL6iYfx4h
2014-10-03 09:12:59	neutral	vgnett	Ubaydullah Hussein er frifunnet for indirekte oppfordring til #terror i @Oslotingrett http://t.co/6PQQhcwGLW #VG
2014-10-03 09:12:56	neutral	delveien	Setter også spm.tegn ved reell alvorlighetsgrad i aksjonen. Påfallende at nyheten bare er nevnt som et slags rykte i @Bfiksdal's blogg.
2014-10-03 09:12:52	negative	AslakBerge1	Even Søfteland mener en rekke ordførere er blitt brukt i en svertekampanje mot havbruksnæringen: – Nyttige idioter http://t.co/IOXFpa9bep
2014-10-03 09:12:50	neutral	Presserom	Åpnet 2 km ny gang- og sykkelveg: I går var det uformell åpning av den nye gang- og sykkelvegen i Harran. Se f... http://t.co/N55P7wXevH
2014-10-03 09:12:50	neutral	7ouchidaqvpz	En snusboks til den som slår meg i Feevo på Face
2014-10-03 09:12:38	negative	IrmaRustad	Dere skal altså oppdra IOC. Lykke til, kanskje det går. Dette OL-styret er ikke godt nytt for norsk vinteridrett, i alle fall.
2014-10-03 09:11:07	neutral	DBAfeed	Boss Digital Delay DD-3, Boss DD-3, Fantastisk delay pe, kr 600,- i Aalborg 9000 - http://t.co/VARgJFRUFC http://t.co/X15SO2EQAv
2014-10-03 09:10:59	negative	jonarnesen	@IrmaRustad Vi kan vel bare boikotte IOC? Eller møte dem uten smil og kreve påspandert bankett i pampefila demses? @JanBae82
2014-10-03 09:10:58	positive	Ragnasokk	I dag er den internasjonale smile-dagen! SMIL!
2014-10-03 09:10:57	neutral	FinansToppen	Ny aksjestrategi foreslått i finanstimen: Bytte navn til Øystein Spray Spetalen og flagge 5 % i Funcom #Aksjer
2014-10-03 09:10:47	negative	LioLucky	@nsb_no Hei, er der fremdeles buss for tog mellom Hønefoss og Nesbyen i dag? Og hvorfor tar strekningen 1t ekstra bare til Flå?#forsinkelse
2014-10-03 09:10:46	neutral	saftflaske	I verdens mest politiske korrekte land selges "Jødekaker" som altså er "bakt" etter en "gammel" såkalt "tradisjon". http://t.co/AJanh26Aud
2014-10-03 09:10:43	neutral	kamaslak	@byskog Ja, interessant at dette området, i 1889 kjøpt av Oslo for å gi folk "Adspredelse i en smuk Natur" nå er blitt en fornøyelsespark
2014-10-03 09:10:42	neutral	PurplePerv	Jeg blir hu milfen som kommer i tettsittende kjoler til foreldremøter.
2014-10-03 09:10:23	neutral	forkledama	@VegardLoke @meretethomassen @IdunSefland 2.i en typisk mannerolle.Men her er erfaringene ulike.
2014-10-03 09:10:23	positive	mangfold	Oslo Innovation Week (OIW) er den største innovasjon konvensjonen i Europa og en betydelig møteplass for å... http://t.co/rPPYvDWtuF
2014-10-03 09:10:22	neutral	PuroYogaOslo	Baby i magen – Yoga!  Vi satt opp to nye kurs i gravidyoga f.o.m uke 44 Mandager kl.19.30 og Tirsdager 16.30 –... http://t.co/JgsqnpX1jL
2014-10-03 09:10:21	neutral	Litteraturhuset	Hvordan ser sosialdemokratiet som ideologi ut i dag? @oivinbr fortsetter vår serie om politiske ideologier lør kl.15: http://t.co/2Chzgl867E
2014-10-03 09:10:19	neutral	FruViol	En norsk oljekrise? 100 mrd. borte i oljeservice - 5.000 har mistet jobben - nyheter - Dagbladet.no http://t.co/p8DtBG9UPj
2014-10-03 09:10:18	negative	Ragdingen	Kenny er skeptisk til spisshandelen til BR i sommar. Husk han sjølv kjøpte jo Suarez. Men  har òg vært uheldig..... http://t.co/H4TW8TQ5NR
2014-10-03 09:10:16	negative	0verlegen	Wow det strømmer inn varsler i alle fag.. gir opp livet
2014-10-03 09:10:16	neutral	jon_gul	#ffnor til @maratonglede som satte meg i kontakt med alle disse flotte twitterløperene!
2014-10-03 09:10:16	neutral	JarlePetterson	Deler denne, og holder meg innendørs i noen dager. » Oslofolk betaler regningen http://t.co/L0iOSM0Exs
2014-10-03 09:10:15	negative	KarenGolmen	Flere ministre med minoritetsbakgrunn i Sveriges nye regjering - her har jammen Norge litt å strekke seg etter. http://t.co/MrckqDVzcF
2014-10-03 09:10:15	neutral	v36ar	@Janodden Ja. Masse om tilgivelse i NT. Og masse om å være en lydig slave i GT. Folk vektlegger forskjellig her.
2014-10-03 09:10:11	neutral	JobbPortalen	#stillingledig #jobb SENIOR REKRUTTERER - Forretningsenheten Tekniske tjenester leverer tjenester i forbindelse m... http://t.co/28zcF02VJ5
2014-10-03 09:10:11	neutral	TjanstePortalen	#ledigajobb #jobb SENIOR REKRUTTERER - Forretningsenheten Tekniske tjenester leverer tjenester i forbindelse med ... http://t.co/chxByOI5ZD
2014-10-03 09:10:11	neutral	JobbPortalen	#stillingledig #jobb SENIOR TEKNISKE FORFATTERE - Avdelingen for Driftsstøtte leverer tjenester i forbindelse ... http://t.co/CcxV3awBwC
2014-10-03 09:10:10	neutral	Solsjo	Hunden tog ut sig alldeles i statsrådstippandet. http://t.co/rVfJJ2CBHH
2014-10-03 09:10:09	neutral	scanpersonnel	#job #jobbopenings SENIOR REKRUTTERER - Forretningsenheten Tekniske tjenester leverer tjenester i forbindelse med... http://t.co/7FKFe06tMu
2014-10-03 09:10:07	neutral	take_it__away	I felt separate.
2014-10-03 09:10:04	negative	BlockVagle	@JarlePetterson NRK får neppe mer reklame enn i dag. Isteden må de nok drive mer effektivt eller ha et mindre tilbud.
2014-10-03 09:09:57	neutral	eiendomsmegling	- Aldri blitt solgt så mange boliger i en september-måned som i år, sier @cvdreyer #boligprisstatistikken
2014-10-03 09:09:52	neutral	kmnlarsen	Minner om #Dyrenes Dag lørdag 4 oktober. Møt opp ved Stortinget kl.1600. Demonstrasjon for #dyrepoliti i Norge. @dyrevern @dyrebeskyttelse
2014-10-03 09:09:45	neutral	nrknyheter	Slåsskamper i Hong Kong. Ukjent hvor mange som er skadd http://t.co/xWjOUMvsTS
2014-10-03 09:09:34	negative	magnusbuer	@lanekassen Hvorfor har jeg ikke fått noe info om dette? Det burde jo gå an å i alle fall sende en mail til folk?
2014-10-03 09:09:31	neutral	katrho	@frettled tar meg selv i det også, er litt fort gjort egentlig, dessverre :)
2014-10-03 09:09:15	positive	10naH1	Aah den gode følelsen av å buste noen i en løgn. 😆😅
2014-10-03 09:09:14	neutral	StigLykkenNygrd	@superlykken vært syk de siste dagene. Tilbake på jobb i dag.
2014-10-03 09:09:11	positive	jon_gul	Ikke noe er som en løpetur i fjellheimen i høstmorgensola i +5. Mye i'er i den setningen...
2014-10-03 09:09:01	neutral	MisaSoderort	ADHD &amp; mobbning i skolan – heldagskonferens med Friends 12 november http://t.co/V0bwYFZcqP
2014-10-03 09:08:59	negative	v36ar	@Janodden Og i USA en haug kristne på Rapture. Ikke så ulikt. http://t.co/Byhwyd8OdO Farlig for en supermakt med atomvåpen.
2014-10-03 09:08:57	positive	norchris	@grainbeer Herlig! Dette var en liten betraktning i etterkant av Gahr Støres beklagelse! Og, gratulerer med dagen!
2014-10-03 09:08:45	negative	Ajnajohansen	Det svir i lommeboka hver gang jeg drar på subway.
2014-10-03 09:07:33	neutral	fdahlstroem	Med en OL søknad så hadde ikke dette vært et problem..!! http://t.co/dkMbdk0BpC
2014-10-03 09:07:29	neutral	NRKlunsj	Denne gjengen er ikke i beit! http://t.co/XkG3i3kkWe
2014-10-03 09:07:11	positive	LektorEven	Var vel aldri noen tvil om at Arsenal gjorde et godt kjøp i Danny?
2014-10-03 09:07:07	positive	Livelandmark	Frihet er å ikke bry seg om hva andre tenker. http://t.co/8XmwCvmOt4
2014-10-03 09:06:50	neutral	OBredalThorsen	Grunderuka Østfold arrGeres i uke 47. Det er aktiviteter for ny- og versiskapere i hele fylket + Follo. Sett av dagene fra 17 - 21 november
2014-10-03 09:06:49	negative	thorbjarnebore	"Siv Jensen og Frp har vunnet OL-kampen. Høyre sitter med Svarteper. Ingen bra posisjon i politikken" @arnestrand http://t.co/WA0uPxS47Y
2014-10-03 09:32:02	neutral	TekstOversette	Blaire Reinhard - All Good Now tekst og oversettelse av sang http://t.co/HiovM5IiEb
2014-10-03 09:32:01	neutral	nelseb	Er biblioteket best som pianobar? -andalsnes-avis.no - nyheter, sport og kultur fra rauma http://t.co/omR4EFOXUg
2014-10-03 09:32:01	neutral	OPSGudbrandsdal	Øyer E6 fører stanset av UP - for kort avstand til forankjørende. Anmeldelse og førerkortbeslag.
2014-10-03 09:31:57	neutral	jhausvik	@Steinklev @Lekkerjente hva er forskjellen på lynforbannet og forbannet?
2014-10-03 09:31:37	negative	vivileaks	@schish76 Ble rett og slett så lei at jeg sletta tweeten. Men alltid greit å vite at man ikke er alene om det.
2014-10-03 09:31:36	positive	hodelusa	tok veska på venstre skulder i dag og føler meg virkelig som et nytt menneske.
2014-10-03 09:31:29	positive	EspenFornes	Fredag! Heia fotball podcast og helg!! Regner med at dere er godt i gang, jeg gleder meeeg! @P3HeiaFotball
2014-10-03 09:31:26	neutral	HCFigenschau	Norsk pleiehjem ca 2060: En pleier ser på klokka og skrur på Nitimen. "WHAT WE'RE DEALING WITH HERE IS A TOTAL LACK OF RESPECT FOR THE LAW!"
2014-10-03 09:31:21	neutral	Viaplay_NO	@stiankh Hvilken plattform gjelder det(Pc,mobil,nettbrett)? og hvilken Internet-hastighet har du?
2014-10-03 09:31:11	positive	Morph_76	@NessErik @AneKristin Jeg er en mester på bowling! Klarer å runde 100 poeng hver runde :D Sikt sånn ca midt på ( bare ca ) og kast ivei.
2014-10-03 09:31:03	neutral	Rikkemus94	@Miiissaaar 2,5 time :) og starter kl.20
2014-10-03 09:30:59	positive	FashionByEmma	Mia i den super fine og enkle Anastaysia kjole fra Ganni og skindleggings fra MM6 Maison Martin Margiela &lt;3... http://t.co/2DwfXc3b9m
2014-10-03 09:30:58	neutral	news24hnor	Hold på hatten i helga: Ny stormfull helg, men Rogaland og Jæren slepp unna det verste. http://t.co/6zMNofMjlg
2014-10-03 09:30:57	neutral	siljestavrum	Ser frem til å lede samtale om d selvbiografiske  m @JensMJohansson - Selma L. Aarø og Linda Klakken i #Odda neste lørdag! #symposiet
2014-10-03 09:30:53	neutral	Nastynilssen	@v36ar Men jeg vil gjerne få fem i alle fag, og da kan ikke religion bli mer avansert!
2014-10-03 09:30:52	negative	GryGrysan	Blir fly forbanna av og se hva den 24gossip brukern skriver ! Man kan vel klare og spore opp den personen ! Trakassering på høyt plan !
2014-10-03 09:30:41	neutral	martin_helbo	Det er fredag, og der tjekkes digital post #NemId http://t.co/IcXhyIQ6vH
2014-10-03 09:30:18	neutral	NRKTrafikk	På Vestfoldbanen er det strømproblemer mellom Larvik og Sandefjord løst, og togtrafikken kan gå som normalt igjen.
2014-10-03 09:30:02	neutral	TekstOversette	Demon - You Are My High tekst og oversettelse av sang http://t.co/Vk1F1mIWdL
2014-10-03 09:30:02	positive	gislevonen	@elskii Noe av det beste med å være på tur er nettopp å bare se på folk, og dra inn atmosfære. Nyt det frue :)
2014-10-03 09:29:48	neutral	forkledama	@VegardLoke @meretethomassen @IdunSefland 2.Men det kan jo være greit å si fra senere og,for å hindre at det også skjer m andre.
2014-10-03 09:29:18	positive	audodegard	Tusen takk og #ffnor til alltid hyggelige deg @nurk56 God helg! @KjerstiFlogstad @janeeike @ikthelge @1igel @Cruella63 @Ingegro @Kjerstigo
2014-10-03 09:29:14	neutral	MarkusEngeseth	Ah, justis og rettferdighet folkens!
2014-10-03 09:29:03	negative	segrov	@HildeBoberg Har lett gjennom tweets til og fra deg  - ser ingen som kaller deg Nazi. Er du uærlig?
2014-10-03 09:29:00	neutral	margitdaams	Abelia og Innovasjon Norge ber om 650 millioner ekstra til grundere - snart kommer svaret!... http://t.co/S4pguoMPi5
2014-10-03 09:29:00	negative	dictesteinbakk	"Om du tatoverer et kors og snur det opp ned så blir det satan hahaha lol" nei, da vet du ikke det bibelske symbolet på opp ned kors.
2014-10-03 09:28:46	neutral	thorbjarnebore	God avgjørelse: Ubaydullah Hussains ytringer og støtteerklæringer etter terrorangrep innenfor ytringsfrihetens grense http://t.co/AnCxALrSrE
2014-10-03 09:28:34	neutral	Zzzlol94	@runefo Jeg brukte Mote of Light og kjøpte et Exotic Engram sist uke, siden det ikke er så mye annet man bruker Mote of Light til.
2014-10-03 09:28:33	negative	v36ar	@MarianneM10 Sekkepipe er jo en blanding av våpensystem, torturinstrument og musikkinstrument. Jeg forbinder det med Royal Marines.
2014-10-03 09:28:24	positive	Helenpenahi	Du er den siste jeg tenker på før jeg legger meg, og den første jeg tenker på når jeg står opp
2014-10-03 09:17:09	negative	Carolinehauglan	ja ! la oss frikjenne en mann som er tiltalt for oppfordring til drap og terror !
2014-10-03 09:17:05	neutral	EllenKopstad	Ikke kutt melk og brød uten grunn http://t.co/BqbaNWy94z 35 % av Osloforeldre tror at barna ikke tåler visse matvarer (?)
2014-10-03 09:17:01	positive	Studentidrett	Kjempestemning på årets friluftstreff - Oppdrag Troms! Takk til arrangørene fra TSI Fjellgruppa , og alle... http://t.co/GfUj0W75MT
2014-10-03 09:16:52	neutral	PT_Thunem	Du har kanskje sett det har vore aktivitet nede ved Sandvolleyballbana på Aure den siste tida, og ein feiande... http://t.co/1SEUJpQhgA
2014-10-03 09:16:43	positive	margitdaams	Hadet Vadsø og #surstoff2014. Takk for lærerike dager! http://t.co/uxNs8Hye6K
2014-10-03 09:16:39	positive	metteschmidtras	.@DavidMandelP3 spiller "Nanna" og fylder min radio og min fredag med #godgandhi.Tak! #bedstebørnefjernsynever
2014-10-03 09:16:14	positive	Lindisfalch	@RoaldEngzelius ❤️lig takk og god helg alle sammen 😊 @IGausemel @mammathessy @Vibisla @Tnorve @kikiRO4 @GBrten @HegeLaMic @husfru
2014-10-03 09:16:09	negative	1001ptsNO	Ujevnt og uforløst (fvn.no) http://t.co/FGzTNLHtkN
2014-10-03 09:16:04	negative	lys_linda	Det ser svart ut for ukes oppdraget. Sånt går det når vi tror at me sitte med heila vette. Men hva gjør ikke tv for og få blest rundt farmen
2014-10-03 09:16:02	neutral	TekstOversette	Dim Mak - Knives Of Ice tekst og oversettelse av sang http://t.co/NWZ1Nj7kfJ
2014-10-03 09:15:59	neutral	EmmaHansen1963	"Norge, Norge, skibakke-løpets land, oljemilliardenes havn og fiskeleie, OL-prosjekters veie, politikeres IOC-ljom og jøkelbrann" (Bjørnson)
2014-10-03 09:12:34	neutral	erlemarie	@saftflaske Syns du Norge er et av verdens mest PK-land? Konkurransen er kanskje ikke så stor, men Sverige og TYskland hvertfall før!
2014-10-03 09:12:13	positive	LapaNyman	@astridjacobsen Leste nettopp din blogg for første gang og ble så glad av å se at vi deler syn på litteratur og bøkenes fantastiske verden.
2014-10-03 09:11:30	positive	harstad	Melder t-skjortevær - om du er litt tøff da: Helgen preges av sol og tosifra temperaturer. http://t.co/JBee8t5yjh
2014-10-03 09:07:22	positive	PerDagfinrud	Riktig god helg til deg @RoaldEngzelius og dere andre her. KOS dere. @TuridK @CecilieBartnes @IngridRHetland @Stinagb @TuridAune
2014-10-03 09:07:18	neutral	Kampanje	Elkjøp lover mindre «skrik og skrål» med ny reklamefilm http://t.co/AfnlTqH20s
2014-10-03 09:07:18	positive	Chezville	Min flotte vennine er på jakt etter leilighet! Hun lager fantastisk mat og er nok litt mer ryddeglad enn det som... http://t.co/I6Ol4OeylR
2014-10-03 09:07:13	neutral	Ingelinor	@mrjorgen Og da er de strengt tatt verken søkende eller trengende. Noe jeg tar til etterretning. Man kaffe - det får alle som vil ha!
2014-10-03 09:07:07	negative	Ida_speeda	Dagens anbefaling til flinke piker: Skift kjønn og klasse, og du vil ha like lite sykefravær som Nicolai Astrup.http://t.co/DS9RBF9iAQ …
2014-10-03 09:07:02	positive	SaysPhilippe	En drivende dyktig og artig kar å følge er @moenduran! #ffnor
2014-10-03 09:06:57	neutral	frettled	@katrho trenger ikke det, det kan være helt normal oss-og-de-andre-tanken. Har brukt mye mentale krefter på å venne meg av mange varianter.
2014-10-03 09:06:44	neutral	ToveKje	Vi kan ik drive en viktig del av kulturarven på dugnad. Viktig for oss og for reiselivet @ThorhildWidvey Ta tak! http://t.co/FnvuOb81Wn
2014-10-03 09:06:43	neutral	MHUngdom	Rådet for psykisk helse og Mental Helse Ungdom inviterer viktige stemmer til å snakke om det de mener er viktig... http://t.co/5C9ASzvon2
2014-10-03 09:06:40	neutral	ANeTol	Neste søndag begynner messehøsten på Tilstede Mat og Mer i Kristiansand 10-16. Kom kom!... http://t.co/IrKPumw0t3
2014-10-03 09:06:37	neutral	teknologiradet	Vil du lære mer om #digitaleferdigheter og #digitaldømmekraft? Gå på konferanse 25. november i regi av @iktsenteret http://t.co/pWMKxKJSix
2014-10-03 09:06:37	neutral	lillyholte	Ny bloggheader og endret litt på siden about på min personlige blogg http://t.co/jU6lDsL1nu #psykisk #nofilter http://t.co/6OSyCb07id
2014-10-03 09:06:35	neutral	frusirland	@CiViX Sendte for en ukes tid siden og venter ennå ;) Men jeg kan sende mail på nytt. Kanskje den endte i spamfilteret av uviss grunn.
2014-10-03 08:59:46	neutral	tomhyst	I Molde for å besøke møbeldesigner og sjefen i fjordfiestafurnitures bilde http://t.co/Vfqd61wSy1
2014-10-03 08:59:36	positive	LindbergSvein	Tror jammen jeg skal ta meg en tur og se på hva Telemark får til. Vi i Buskerud skal lære 󾌰 http://t.co/O0QJuOanB8
2014-10-03 08:59:26	neutral	tomsrss	Kjente navn i Löfvens regjering: Stefan Löfvens nye regjering består av en rekke kjente navn – og noen helt ukjente. http://t.co/jlAeXTnzCZ
2014-10-03 08:59:21	positive	trijaks	@MickeK69 tusen takk og like så.
2014-10-03 08:59:06	positive	Kjerstigo	@12Bly det er ingen påstand, synes å være bred enighet om at toppidrett og breddeidrett er avhengig av hverandre @BjoornRa @gislevonen
2014-10-03 08:58:59	positive	glimtextra	Stor dag for utviklingsavdelinga, når tre gutter er tatt ut på G15-landslaget. Grattis Adrian, Martin og Jens Petter! http://t.co/ppEeE7GNgo
2014-10-03 08:58:59	positive	NAFMCTrondheim	SAUER er ålreite dyr, billig og godt er det også når de serveres i kål! Bli med på SØNDAGSTUR 5. oktober for å... http://t.co/YhYiccK7MA
2014-10-03 08:58:52	neutral	NRKTrafikk	E10 i Nordland: Stengt til 11.15 mellom Akkarvika og Solbjørnneset pga veiarbeid.
2014-10-03 08:58:45	neutral	BenteHeiseldal	Hva sa vi nei til? http://t.co/zuNjnAstuQ  Klokt og sant av @Kalnesen
2014-10-03 08:58:44	positive	StavangerRK	Stavanger Røde Kors gratulerer John Sjursø, Tor Vestlie, Svein Petter Svendsen og Egil Torpe med valget!
2014-10-03 08:58:37	neutral	MariusMelua	Vi er ekstra skravlete i denne ukas #NIRcast. Flatindeks, Sindres tidsmaskin og mye annet snacks. https://t.co/HzGFZZXqNJ
2014-10-03 08:58:35	negative	fenilsen	@PerDagfinrud Du starter med deg selv før du anklager og krever noe av andre, ok? @JarlWaage @publisert
2014-10-03 08:58:21	neutral	stensatt	@kagjerde Gi oss Tromsø-OL, om nokre år, det mest spectakulære nokon gong. Med meir moderate IOC-pampar og utan milliardsløsing.
2014-10-03 08:58:02	neutral	TekstOversette	Lazyfish - Falling tekst og oversettelse av sang http://t.co/EhcsiDCaQq
2014-10-03 08:58:01	positive	bjornar_tommel	@Draeggers Gode arbeidsforhold for journalister. Lyst og fint, skjermer overalt, god lyd, gode stoler og god ventilasjon.
2014-10-03 08:57:52	positive	magneme	Prioriterte (fornuftig nok, viste det seg) konsert fremfor Spurs-kamp i går. Noen som kan oppsummere kamp og standout-spillere på 140 tegn?
2014-10-03 08:57:48	negative	NancyH_	Vita Exclusive og Bunnpris Gourmet.  Jeg sliter med disse begrepene. Hva blir det neste - NAV Ekstraservice? #contradictioninterms
2014-10-03 08:57:40	positive	SpaniaiNorge	Kjære Spania-venner, hva med tapas og klassikeren tortilla de patata til helgekosen? :-) Kan du fullføre... http://t.co/2uiyWVCpsU
2014-10-03 08:57:33	negative	MCFCSCSB	Paul Scholes og Rio Ferninand til angrep på City-fansen. "Bare sprøyt" sier Ole Fuglestad for supporterklubben. http://t.co/nDQizBzq1w
2014-10-03 08:57:29	negative	Djeesus	Har du noen gang lurt på hvordan det er å bo i Oslo? Sett deg ned i en stol med en tallerken i fanget og skrap på den med en gaffel.
2014-10-03 08:57:27	neutral	kamaslak	Og når gikk @byskog tur der? :-)
2014-10-03 08:57:25	positive	DrammenBlade	@KimKristensen Joda, fyren har vært god, men en spiss som han bedømmes utifra mål. Og jeg tror det kommer mange når han først begynner
2014-10-03 08:57:20	neutral	superklovn	Når du våkner opp og skjønner at du har blitt et år eldre..den følelsen!!!! #bursdag
2014-10-03 08:57:10	neutral	PerDagfinrud	@fenilsen og da slutter du med "naiv" og "da er det ikke håp for deg" dine uttalelser OK @JarlWaage @publisert
2014-10-03 08:57:02	neutral	Lotherington	Har @Borspodden noen formening om dagens lansering på Oslo børs, XXL, og den aksjens fremtid?
2014-10-03 08:56:54	neutral	CecilieBedsvaag	Per Aslak takker #barnevernet http://t.co/OEFtxwsbDo Flertallet er arbeidsledige, har dårlig skolegang, lav inntekt og behov for sosialhjelp
2014-10-03 08:56:37	positive	frokendiana	Det ble en God Morgen Norge-sending full av vintage og Frøken Dianas-antrekk i dag! Utrolig stas å få kle opp så flotte damer!
2014-10-03 08:56:33	neutral	Abelone_Collec	#Kan du hjelpe oss ? Har du forsøkt å bestille i nettbutikken siste uken og ikke fått det til?  Vi trenger din... http://t.co/ucVyDWgVvi
2014-10-03 08:56:32	negative	KristinAalen	Lasse Hallström er fullstendig fanget av det glatte og utvendige i kokkefilmen laget etter Hollywoods oppskrift. http://t.co/jcHZI7o8eR
2014-10-03 08:56:26	positive	Covin_no	Mmmmmm kom akkurat til himmelen 😍😋 @perlesukker og @nettbakeren har virkelig gjort sitt for at vi… http://t.co/3KDqIHXI1e
2014-10-03 08:56:25	neutral	H4sle	hei ledere i Høyre det er fortsatt lov å sende sms til hverandre m god helg og sånt når man r gode kolleger og venner http://t.co/LkFPiODgBz
2014-10-03 08:56:04	positive	svendanders	Gleder meg til å se FFK Akademiet slå ut i full blomst både i aktivitet på kort sikt for flere hundre barn og... http://t.co/yINVUcg31z
2014-10-03 08:56:01	neutral	Beduac	http://t.co/dYDBaqtiZf #news Solhjell vil ha omkamp om SVs NATO-kritikk - E24 http://t.co/Eizx2EHp11
2014-10-03 08:55:57	negative	somalieren	Og jeg som naivt trodde at folk spredte Guds ord pro bono: http://t.co/5F141GBpCR
2014-10-09 12:56:35	neutral	amollau	Dennis Rommedahl stopper på #landsholdet!!! Hvor er der ingen medier, der er gået i BREAKING!?
2014-10-09 12:56:27	neutral	L8Hilmer	I huvudet på L8: Bakermat - One Day (Vandaag): http://t.co/U1bgmpOrk0
2014-10-09 12:56:25	neutral	mbrannvall	Nu klart att riksdagsledamoten Per Olsson blir statssekreterare i kulturdepartementet! http://t.co/LfLrDlsNyX
2014-10-09 12:56:25	neutral	odaoterhals	livet med antipermanent var deilig, helt til det begynte å komme krøller i etterveksten.
2014-10-09 12:56:23	neutral	RolfAa	- Tall som lett kan latterliggjøres i norsk offentlighet http://t.co/spSOrnD3kX Regjeringen burde heller hevet innslagspunktet for formuesk.
2014-10-09 12:56:19	neutral	AshEverywhere	@Fachrioo I favd
2014-10-09 12:56:15	neutral	Barneombudet	Fredag skal vi på @PlanNorge sin jentekonferanse. Skal du? Og på lørdag er det FNs internasjonale jentedag!  http://t.co/Puwr6ptlLC
2014-10-09 12:56:13	neutral	lunden81	@Royus30 SJANSEN DIN TIL AT DU KOMMER TIL OG TA OG FÅ SE MEG IGJEN I LØPET AV HELGEN FØR JEG REISER TIL SØRLANDET IGJEN DA
2014-10-09 12:56:09	neutral	hilde55	Jeg har nettopp løst nivåpakken Frosk i WordBrain - som nummer 409 noensinne! http://t.co/6Lgctala3s http://t.co/zxZ4Tb9922
2014-10-09 12:56:07	positive	ToroFromNorway	I liked a @YouTube video from @baibaihuginn http://t.co/uPhxcvPDLK MER BYGGING! (og snakk om lesbehøner) - Minecraft Survival #7
2014-10-09 12:56:05	neutral	Innovanor	Drivstoff-streik kan gi flykaos i morgen: Frist til midnatt med å bli enige. http://t.co/sAWAduqdpU
2014-10-09 12:55:53	negative	jornmyreng	Midt i alt statsbudsjett-pjattet tror jeg det hadde vært like greit om vi hadde hatt en rablende gal diktator
2014-10-09 12:55:50	neutral	riisholm	@TufteJo da har du en rå åpning til showet i Oppdal da!
2014-10-09 12:55:40	neutral	lunden81	@Royus30 1730 PÅ TRIBUNEN ELLER 1800 I HALLEN ELLER TIL HERRENE SIN KLOKKEN 1930 TAR OG ER SISTE
2014-10-09 12:55:29	neutral	Takeoffernorge	Ifølge Pacific Business News så er Norwegian i samtale med turistmyndighetene på Hawaii om en rute mellom Oslo og... http://t.co/ZEF5LfcP8B
2014-10-09 12:55:25	neutral	bjornva	Tipper de måtte grave litt i magasinene for å få til denne, men biblioteket i Ålesund leverer kjapt. http://t.co/fxM8I1HY5r
2014-10-09 12:55:19	neutral	politietoslo	Vi etterlyser eier(e) til fem iMac datamaskiner. De ble funnet i en bil, som vi ville stoppe. Men fører stakk av. https://t.co/ePNO5ybPqS
2014-10-09 12:55:09	neutral	michaelravndal	Det blåser stikker og strå, men det er vindstille inne på Tribute. I dag er det Studentkveld.
2014-10-09 12:54:01	neutral	Aktuelthaugalan	TRAFIKKONTROLL I ØLEN: Politiet har utført trafikk-kontroll i Ølen i dag. 20 kontrollerte kjøretøy, to gebyr... http://t.co/DOncD3NJh4
2014-10-09 12:54:00	neutral	RadioHaugaland	TRAFIKKONTROLL I ØLEN: http://t.co/yHOjFj4UTx http://t.co/Sv7hklR2wx
2014-10-09 12:53:59	neutral	MacJacob	@FrkFestlig Og til å sjekke at det ser bra ut inne i prøverommet også.
2014-10-09 12:53:58	positive	NBBLno	@AreSauren @ThorEek Det har du jo rett i, tenkte ikke på det i farten. Takk for påminnelse :-)
2014-10-09 12:53:58	neutral	tegn_3	Neste arena_3 finner sted neste fredag, 17. Oktober, kl 15. Tema er Bokvalitet i tett by.  https://t.co/8RLJmPkOGK http://t.co/vnW4n8OkXa
2014-10-09 12:53:56	neutral	lunden81	@espentreime ETTERMIDDAGEN VIDERE IGJEN DA MISTER REIME FREM TIL AT VI TO SNAKKES I KVELD ENTEN KLOKKEN 1730 ELLER 1800 IGJEN DA
2014-10-09 12:53:44	neutral	charlottegjert1	Sovnet på biblioteket med hodet i pensumboka. #førstegang #badas
2014-10-09 12:53:37	neutral	Reynolds420	Du skal være bra rus-tilbakestående for å hevde at alle hadde sluttet å spise mat hvis man kunne få all næring i pilleform
2014-10-09 12:53:35	neutral	jldelaunay	R.I.P. Jorge Reis http://t.co/bsy9hmPspz http://t.co/eUE6kdpXSL
2014-10-09 12:53:28	neutral	lunden81	@espentreime DA MISTER REIME IALFALL ETTERPÅ I KVELD IGJEN DA MISTER REIME HILSEN GOL DA. PS SÅ FOR DU TA OG HA GODE
2014-10-09 12:53:26	neutral	EvansK32_	I.G EvansK32_
2014-10-09 12:53:26	neutral	PierceMeTheSix	Siala i miss mahjong alr
2014-10-09 12:53:23	neutral	trond_giske	@Hassi72 Hvis det er riktig, er det et enda bedre argument for å bruke oljemilliardene på skole i stedet for skattekutt. @Arbeiderpartiet
2014-10-09 12:53:23	neutral	DISASTER_music	OSLO: Spiller på åpningsfesten til Film fra Sør i kveld kl. 22.00 på Seeds! http://t.co/8NfT9y40je http://t.co/ZWfnihYxsT
2014-10-09 12:53:22	neutral	Tumeplais	Byggingen av verdens høyeste trehus til bruk som boliger er i gang i Bergen. Man kan følge løpende med på webcam.
2014-10-09 12:53:21	positive	FrkFestlig	@kuksuger takk søta! Litt rusa ennå, men det er bare morro. Svir litt i det normale kan man si.... 🙈
2014-10-09 12:53:20	neutral	SpikyKo	Når lille bror må fjerne piercing i tungen.fordi søster angrer. Er godt verktøy viktig http://t.co/bE87gtsIqX
2014-10-09 12:53:18	neutral	WorldNetTimes	Kjell surret seg inn i 100 meter gaffateip: Så skulle teipen av... http://t.co/RwIKTYZyHo #Bergen
2014-10-09 12:53:14	positive	nerinna	Jeg ble inspirert av @krikkert sitt innlegg i aftenposten og måtte blogge litt om det selv. Les og del hvis du vil http://t.co/pzzngJ4VcF
2014-10-09 12:53:13	positive	WaKrist	@moenduran Takk, du tildeles Nobelprisen i grei!
2014-10-09 12:53:12	neutral	BoyumDenmark	Ny og forbedret funktionalitet i SAP Business One ver. 9.1 http://t.co/OXSm0C9gV8
2014-10-09 12:53:09	neutral	finnstillinger	Klar for en pause? Liste med kvalitetslenker i emnet nettspill http://t.co/XXv53ODe4i
2014-10-09 12:53:07	neutral	markzachary98	Kjell surret seg inn i 100 meter gaffateip:  Så skulle teipen av...  http://t.co/a7YtdlvuPe #Bergen
2014-10-09 12:52:56	neutral	Miljoemin	Husk de revnede bukser og den ødelagte elkedel - Repair Café fikser det til #kulturnatten14 i @Miljoemin #dkgreen http://t.co/BuIPj0LTfA
2014-10-09 12:52:51	positive	Morph_76	@KimKristensen Ikke alt som er i samme gate der nei :) Men, alle er album som har gitt meg gåsehud og står tidens tann
2014-10-09 12:52:49	positive	Herangtunet	Tusen takk til alle som var innom Leirvassbu i sommar. Vi gler oss til vinteren! http://t.co/kYjtXXEuDm
2014-10-09 12:52:45	negative	BroomTV2	Beboerne var mektig lei av råkjøringen i nabolaget - men følte at kommunnen ikke ville/kunne hjelpe dem. Da var... http://t.co/P5HEn1E1Fa
2014-10-09 12:52:42	positive	CatoHC	@Jorgenbf Enig i det. Mye i de siste sesongene er litt for enkelt. Men det var likevel i stand til å røre meg som lite annet.
2014-10-09 12:52:37	positive	irwinsxxgiggle	@NRJNorge håper så sykt at jeg kan være heldig nok til og få møte gutta i 5sos i LA! 😁❤️
2014-10-09 12:52:37	neutral	MeredithBlake	(I blame Matt Lauer.)
2014-10-09 12:52:36	positive	Bernt_S	Miljøvernministeren er sikkert veldig stolt nå http://t.co/ewNCxrqKkC
2014-10-09 12:52:17	positive	hfuglesang	På besøk på pelsdyrgård i Hemsedal. En levedyktig næring, og dyr som har det godt. http://t.co/nTprd5TVJZ
2014-10-09 12:52:06	positive	SHammersborg	@AasLars Tusen takk Aasern! Selvom det kun var et lunsjløp, så er det en meget glad mann som sitter i bilen på vei til Tangen nå!
2014-10-09 12:51:54	positive	filiprygg	Er på #klimalab2030 med ZERO, spennende og oppløftende. Hadde dette vært en regjeringskonf så ville vi vært et nullutslippssamfunn i 2030.
2014-10-09 12:51:24	neutral	Jorgenbf	@CatoHC Apropos: jeg ser ses6 nå. Er ikke den Almost Famous/Spinal Tap-greia litt for enkel? Var mer fart i Lee Ashby.
2014-10-09 12:51:18	neutral	sbrovig	Frivillig trening for Start-spillerne i dag. 2 stk møter opp. Rolf og Mathias. http://t.co/NY9bN8YfFn
2014-10-09 12:51:17	neutral	thereseronten	Kjenner meg igjen i dette! http://t.co/CX31tGk2Gw
2014-10-09 12:47:07	neutral	nhyllienmark	@niklasorrenius Venstre liberalt? I varje fall inte sedan Løkke tog över.
2014-10-09 12:47:06	neutral	Endrexoxoxo	@elisefintland du har tydeligvis aldri vært i Torpa
2014-10-09 12:47:04	positive	SanderNyland22	Truls Dæhli - Norges dyktigaste i sitt yrke. #vgsporten #vgdirekte  http://t.co/AIlnN1Nqx8
2014-10-09 12:47:02	neutral	WorldNetTimes	Takket nei til å døpe rigg: Trude Drevland kan ikke forlate bergenspolitikken i… http://t.co/Lc1bCIXtb3 #Bergen
2014-10-09 12:47:02	neutral	SMarthinussen	@JKhan1201 Har veldig tynn tropp Everton. Greit å sikre avansementet tidlig i en tøff gruppe. Beste lagene i EL ikke med før etter jul (CL)
2014-10-09 12:46:57	neutral	tigerjinta	- Kjære Erna: Mener du at jeg i rullestol skal flytte ut i telt med min 2 år gamle sønn? http://t.co/yJo4CQGoO3
2014-10-09 12:46:57	positive	markzachary98	Comeback med et brak: Ralph Myerz &amp; The Jack Herren Band gjør 2. juledag sin første konsert i Bergen s... http://t.co/kXftiFYMoI #Bergen
2014-10-09 12:46:56	neutral	markzachary98	Takket nei til å døpe rigg: Trude Drevland kan ikke forlate bergenspolitikken i unntakstilstand. http://t.co/3VI9KIEBMt #Bergen
2014-10-09 12:46:55	neutral	delveien	@mrlinja Du lever altså i den villfarelse at en vanlig vei er "bilistenes arena".
2014-10-09 12:46:52	neutral	tvittertaus	@Hardangermannen Alt mulig dill folk heng seg opp i.
2014-10-09 12:46:49	neutral	brdsyrstad	Castros angrep på Stoltenbergs aggressive stil overfor Russland omtales i medier verden over. Kanskje fordi gamlingen har et poeng?
2014-10-09 12:46:45	neutral	naering140	Fikke nettopp et varsel av Outlook om at jeg skal i et avbrutt møte om 15. minutter.
2014-10-09 12:46:45	neutral	abjartnes	@KnutESunde Her gjelder det å følge med både på den fossile og fornybare siden. For mye silotenkning, både i departementer og ellers.
2014-10-09 12:46:44	neutral	dcarlbom	@snajvid med lupp kanske du ser den blå linjen i botten :) (cc @dreadnallen) http://t.co/9tjxVb476H
2014-10-09 12:46:44	positive	garagebergen	Tips til kveldsunderholdning: Ta med en venn og tre og sjekk ut Robert Pehrsson's Humbucker på Garage i kveld.... http://t.co/6CSaAaGT5Z
2014-10-09 12:46:41	negative	MariaAmeli	"Et slag i trynet til næringsmiljøet i Trøndelag som snakker om åbli best på kommersialisering" @TrondheimTech http://t.co/m1pT0ZnMRB #stb15
2014-10-09 12:46:34	neutral	svtnyhetstecken	Fransmannen Patrick Modiano tilldelas 2014 årets Nobelpris i litteratur.  #svtnyhetstecken #tspnyheter http://t.co/lG8XdDTaNB
2014-10-09 12:46:31	neutral	RagnarWestad	Dagens nyheter: Northug ankom retssalen i hvite Converse, blå og hvit stripete skjorte og jeans og forlot den iført en parkas med pelskrage
2014-10-09 12:46:24	positive	JoachimJahren	I dag hadde vi endelig innebandy i gymmen, det var gøy
2014-10-09 12:46:21	negative	Ullebullee	I dag er dagen jeg er syk, i dag er dagen jeg angrer på å ikke kledd meg ordentlig en regnværsdag
2014-10-09 12:44:12	neutral	sesseliten	Vært og hørt på forskjellige foredrag i dag i forbindelse med Verdensuka/dagen for #PsykiskHelse :) Vondt og fint på samme tid :)
2014-10-09 12:44:10	neutral	EnRoligAften	Mann etterlyst for overfallsvoldtekt i Follo: Politiet etterlyser en voldtektssiktet mann i begynnelsen av 30-årene… http://t.co/llaMY5mPCP
2014-10-09 12:44:07	neutral	EnRoligAften	Seks personer tiltalt for ulovlig ulvejakt: Seks personer er tiltalt for å forsøke å felle ulv i Elverum kommune i… http://t.co/QgUtCsSNJt
2014-10-09 12:44:03	positive	elisefintland	Har aldri sett så mange kjekke gutter i hele mitt liv som jeg har gjort disse fem dagene i London
2014-10-09 12:43:51	negative	Jularne	Idiotisk: Regjeringen vil nå kreve at MOR tjener 90.000 i tillegg til studier for at FAR kan ta ut fedrekvoten.  #statsbudsjettet
2014-10-09 12:43:44	neutral	Jaa9hmpf	@Sleipnes rått! Nei jeg hoppa ikke inn før 3. Ligarunde, så i'm moving on up! Hvor finner man podcast? Jeg trenger åpenbart råd og tips haha
2014-10-09 12:43:40	neutral	galfisk	@roar4 Det er nok ikke en offentlig fridag, men det er en torsdag, så billigere øl ute. Det duger i første omgang.
2014-10-09 12:43:37	positive	stellamagasinet	Gratulerer til @FlinkPikefilmen med glitrende anmeldelser! Her er et utdrag fra intervjuet vi gjorde i vår: http://t.co/h1jeeM1bHG
2014-10-09 12:43:35	positive	storebrand_no	@matsringstad Hei og takk for at du gir oss beskjed! Du har krysset av for samtykke, men går i ring? Vi skal få rettet opp feilen.
2014-10-09 12:43:31	positive	StianCKvandal	Habs spiller mer som et lag i år! Gode nyheter for meg, men hvor langt kan det nå med et så http://t.co/ispiJ2dZbl
2014-10-09 12:43:09	negative	jonarerN	@tonyvangen Nøkkelen:Jeg sykler som Ghandi. Likevel er JEG i livsfare når bilister ikke tar hensyn Det er frustrerende @oslosykkel @delveien
2014-10-09 12:42:56	positive	vivileaks	Verden er ganske fin i svart/hvitt og. http://t.co/3ERlKzEHuE
2014-10-09 12:42:54	neutral	veronikanilsen	@HarryFeseth Hvorfor mener du det er i overkant?
2014-10-09 12:42:53	neutral	itromsosporten	Vi har snakket med samtlige BLNO-trenere før sesongstarten i morgen. Sjekk status og tabelltips her: http://t.co/pcsz5jf0tL @NorskBasket
2014-10-28 11:05:18	neutral	Camla89	@insidemariaa da er vi to! Og her er jeg... På bussen...
2014-10-28 11:05:16	neutral	UiB	Barnefamilie i Bergen? Eller bare glad i skrekk og gru? Feir #Halloween på @UiB_museet fredag http://t.co/cUlFgKNWMz http://t.co/b1b14J6U6p
2014-10-28 11:05:16	neutral	HanneNabintuHer	@annasvalaj @haraldEia reaktualiseres: Født sånn, blitt sånn eller... valgt å bli sånn etter sosialt og ideologisk konformitetspress?
2014-10-28 11:05:10	positive	skibis	@halelaus Vi har nok både og, men ja det finnes absolutt mange gode ledere i offentlig sektor.
2014-10-28 11:05:08	positive	Klemmetvold	Veldig bra at @TorgeirM løfter denne saken! Nå er vi som er berørt spent på hva helseministeren gjør. #ms #hsct http://t.co/jXtAxPU7FO
2014-10-28 11:04:54	neutral	knooten	@fuchsiablix Aner ikkje kva det er, men RTar for å vere #raus og #støttande. #flinkpike
2014-10-28 11:04:37	neutral	Heimflyttar	Det finns dagar eg ikkje tenkjer på korleis det kunne blitt med Melissa Åkrane og meg. Dagar? Vel. Timar i strekk, i alle fall.
2014-10-28 11:04:14	negative	bolla_p	Sjekk refleksen deres. Noen funker ikke i det hele tatt + at vester ol. går ut på dato, og bør skiftes ofte.....Billig livsforsikring!!!!!
2014-10-28 11:04:13	positive	duc_monique	Slik ser det ut når Odd Arne og kollegene jobber i orkan http://t.co/i7xqA7mdGn Du snakker om helter. Jeg skal aldri mer klage på været!
2014-10-28 11:04:10	neutral	mariusholm	Framtiden er elektrisk, og fornybar billigere enn fossil, sier Auke Lont. @tordlien neste taler. Deler han analysen? #høstkonf2014
2014-10-28 11:04:05	neutral	havaas16	Der finns folk som ikkje eig identitet og sug til sej 100% av BI-livet, be aware.
2014-10-28 11:04:05	neutral	NRKMogR	Politiet er i området og overvåker situasjonen nøye. Når raset går, blir e136 stengt, men blir truleg opna igjen etter kort tid. #mannen
2014-10-28 11:04:01	neutral	TekstOversette	Julieta Venegas - Debajo De Mi Lengua tekst og oversettelse av sang http://t.co/6l6japw4Zo
2014-10-28 11:03:56	neutral	Samfunnsviterne	Vi stiller med stand og gratis kaffe på @NTNU Dragvoll i dag, og med karriereforedrag i auditorium D4 fra klokken 14. Stikk innom da vel!
2014-10-28 11:03:56	positive	ElleOslo	@Ho_derre søte når de later som de ik er våknet å bare for å vente på en myk hånd på kinne og et mykt -god morgen...
2014-10-28 11:03:12	positive	BryggaKultursal	Hei! En bauta, et band og en haug med folkekjære låter. Bli med på en finfin kveld i høstmørket. http://t.co/Z4GrF06h64
2014-10-28 11:03:07	neutral	HanneNabintuHer	Maskuliniseringen av kvinnen og femininiseringen av mannen er iferd med å forrykke selve dynamikken mellom kjønnene. http://t.co/A27fkJg66G
2014-10-28 11:00:02	positive	KimAndreLie	@14Grosso skulle nesten trodd det, gjengen til Immers og Joyce, reiser med stil!
2014-10-28 11:00:02	neutral	TekstOversette	Beto Cuevas - Are You Sorry? tekst og oversettelse av sang http://t.co/T8QqoSSZEa
2014-10-28 10:57:13	positive	MyrvangVeronika	Av og til er det beste man kan gjøre, er et oppriktig smil og en ydmyk hilsen.
2014-10-28 10:57:09	positive	CosmopoliteOslo	@osloworld begynner idag og det blir en flott uke med mange bra artister. Hos oss opplever du Souad Massi, Ebo Taylor og @MarinahOfficial
2014-10-28 10:57:03	neutral	Statnett	Det er behov for et jevnere investeringsnivå, sier Lont på #høstkonf2014. For bratt kapasitetsøkning øker risiko mtp kostnader og gj.føring.
2014-10-28 10:56:57	positive	klactoweed	@sigurdimsen Flott at de tar med seg tante rød og. Da blir det vel bare onkel grønn igjen @byskog
2014-10-28 10:56:48	negative	Ivaraal	@aneetteee Det står vel strengt tatt null og niks at det tas for å komme igjennom hverken arbeid eller dagen generelt her da.
2014-10-28 10:56:30	neutral	fomlefisk	@IngvildSmor hehehehe :) kan legge opp og strikke litt...til jeg finner ut at det enten er for stort el for smått. Rekker opp og kaster
2014-10-28 10:56:27	positive	JonDanielsen	Hyggelig (og sikkert utrolig sært for deg) å treffe på deg igår, @Fr0gn3R
2014-10-28 10:56:15	neutral	Helskog	@BjoornRa en gruppe fra norden som ikke vil kutte i overføringer og heller satse på jobb, er kanskje ikke helt overraskende @Orjas
2014-10-28 10:56:15	negative	egofri	@skybakmoen Uenig med dagens anmeldelse i Adressa i hvertfall. Liker at det er så rått og enerverende.
2014-10-28 10:56:12	neutral	MyrvangVeronika	Du alene må kommunisere og gjøre deg forstått.
2014-10-28 10:56:06	neutral	Vemodium	Klokken har to visergutter som haster rundt i tid og rom. Om litt er det hele over, skal du se.
2014-10-28 10:56:01	neutral	TekstOversette	Atlantean Kodex - The Golden Bough tekst og oversettelse av sang http://t.co/cbmb24Wat2
2014-10-28 10:56:00	neutral	saetre_hanssen	@saftflaske Transkriberte en gang et barneavhør i et rom med 30 grader og et panfløyteorkester (med PA) utenfor vinduet.
2014-10-28 10:55:53	neutral	slotten	Meg og Jarand er konferiansiér på trippelkonserten til @SriB i kveld på Chagall klokken 21!  https://t.co/FUXy4ILmgE http://t.co/xMUsD5Yl02
2014-10-28 10:55:27	neutral	khaoma0	For første gang på lang tid har norsk venstreside en mulighet til å kuppe velgernes gunst og de sitter bare der og tvinner tommeltotter.
2014-10-28 10:55:19	neutral	SuperAislaa	Til og med jenter vil bli voldtatt... Er jeg så deilig? 😂 http://t.co/wGvtw6vttf
2014-10-28 10:55:07	neutral	MyrvangVeronika	Verden er i deg og du er i verden.
2014-10-28 10:54:58	neutral	eksempelkommune	Sosiale medier i offentlig sektor: Er dere profesjonelle og trygge? Eller? &gt;&gt; http://t.co/ZKl7aackIv / #OffKom (egenannonse)
2014-10-28 10:54:55	neutral	Mare_Argent	@IngvildSmor  @fomlefisk kommer vel ann på hva slags pinner du skal bruke og garn. Garnstudio.no kan hjelpe på veien. :)
2014-10-28 10:54:54	positive	Amenguaual	og norsk taco er 10 ganger bedre enn meksikansk :)))
2014-10-28 10:54:48	neutral	OG_Advisors	Kleven scores Aker Wayfarer deal http://t.co/EZBhoNstmE
2014-10-28 10:54:45	positive	MyrvangVeronika	Sett deg ned og lytt til din egen pust. Kjenn din kropp og finn din harmoni.
2014-10-28 10:54:38	neutral	Anmabp	"håper du detter ned et komlokk og blir spist av et nebbdyr" -bygg elev på bussen
2014-10-28 10:54:29	neutral	Statnett	Konsesjonene til to nye utenlandskabler bidrar til å øke verdien av vannkraften og trygge forsyningssikkerheten, sier Lont. #høstkonf2014
2014-10-28 10:54:22	neutral	Oysteib	#idag 1412: Dronning Margrete av S, N og DK, nordisk mellomalders mektigaste kvinne, døyr brått på eit skip i hamna i Flensburg, 59 år gamal
2014-10-28 10:54:19	negative	streng1	og der forsvant siste grunn til å lese papirutgaven av Aftenposten http://t.co/UW68lq0gB9
2014-10-28 10:54:08	neutral	seanj0hn23	OG KUSH &amp; PURPPRUPP
2014-10-28 10:54:02	negative	MyrvangVeronika	Problemet er at mennesket har glemt å lytte. Vi er blitt hysteriske og paranoide til vår tilhørighet.
2014-10-28 10:50:37	neutral	SRasch	Kutt i formueskatt har positiv effekt på økonomisk vekst, via økt sparing og investering. Forskning fra Sverige: http://t.co/KAyGISmvL3
2014-10-28 10:50:35	neutral	Vintagegitar	Kjøp en Fender Jazzmaster og få med en kjeltringlue på kjøpet. Tilbudet gjelder ut movember. http://t.co/OdSVhu7Riv
2014-10-28 10:50:35	neutral	marthegn	@superkjegle RT: "@fredrikstadfk: FFK-Sandefjord spilles klokken 12.00 og ikke klokken 13.00: http://t.co/KLRb3H5s2g #ffk1903 #2fx"
2014-10-28 10:50:20	positive	Grynetsdager	Det nærmer seg kaldere tider og jul. En tid ikke alle er like glad i. @bymisjon starter orange-skjerf-aksjon. Gi ved å sende GLEDE til 2490!
2014-10-28 10:50:13	positive	Aasfriid	Blå himmel, sol og widerøe i rute😊 http://t.co/Um08H6ynwY
2014-10-28 10:50:07	positive	MyrvangVeronika	Elsker du fred og dine medmennesker vil ingen landegrenser stå i veien for global kjærlighet.
2014-10-28 10:50:02	positive	Ho_derre	@Jensbg måtte kikke to ganger... Er jo bare fint dette. Virker utrolig praktisk og så lett å balansere... :)
2014-10-28 10:50:02	neutral	TekstOversette	Death SS - Time To Kill tekst og oversettelse av sang http://t.co/yVgU6UK4Hn
2014-10-28 10:49:48	neutral	SodorSteamworks	@SFFILM_no Vær så snill og få norske Thomas apper. http://t.co/lDoTE9TGzI
2014-10-28 10:47:19	neutral	sigurdimsen	@byskog "Onkel Brun, tante Rød og tante Toalett", som de heter her hos oss.
2014-10-28 10:47:10	neutral	SMPTorgrimBakke	Gud bedre. Så nettopp Blatters kommentarer om VM i Russland 2018. Han kunne like gjerne stått på et podium og vist fingeren i fem min.
2014-10-28 10:47:07	neutral	HjemmePC	Terningkast 6 til Sonys nye og kompakte nettbrett. http://t.co/RGujVsLt4i
2014-10-28 10:46:28	neutral	siriha	"Når råolje koster like mye som strøm fra solen, blir verden aldri den samme" Auke Lont #høstkonf2014 @Statnett (og på scenen på #zero14 )
2014-10-28 10:46:25	positive	Egilanso	@Aftenposten Godt initiativ med slow-tv fra Mannen. Trenger noen reportere, barnekor og litt retroklipp så går dere snart @NRK i næringa.
2014-10-28 10:46:16	neutral	MartinAnfinsen	Johndoe – Sosialt Liv //  Rastløs og ufokusert rock’n’roll •3/6• http://t.co/f8ihyTE722
2014-10-28 10:46:07	negative	NKRF	#Kommunereform sies å være sentraliserende og distriktsfiendtlig Men de største utfordringene har vi rundt byene. @paulchaffey på #offrev14
2014-10-28 10:45:59	negative	mr0ls1	Majones har jo ingenting i en ost- og skinkebaguett å gjøre!!
2014-10-28 10:45:56	neutral	kjerstiw67	Grunnleggende prinsipper for å utvikle mennesker: praktiser verdsettende kommunikasjon, ærlig og oppriktig ros, stimuler indre motivasjon
2014-10-28 10:45:47	neutral	PlayStationNOR	Det er for tiden nedetid på nettverket vårt, dette påvirker tilkoblingen på PSN og PS Store. Vi jobber med saken og beklager dette!
2014-10-28 10:45:15	neutral	NAVfarve	Veien fra å stå utenfor arbeidslivet til å få jobb kan være lang,frivillig innsats bidrar til aktivitet og deltakelse @stinilein #farve2014
2014-10-28 10:45:08	negative	hildechristina	Du har en kronisk sykdom som forverres av  alkohol. Du drikker alkohol ofte før du sitter på Twitter og syter. Dum kan du bli egentlig?
2014-10-28 10:45:01	negative	KrHoaas	Pål W. Lorentzen presenterer seg selv: "Kombinasjonen av en advokat og en aktivist kan bli en ganske ufordragelig fyr. Det er dere får nå."
2014-10-28 10:44:45	positive	hegerag	Garasjesalg på nett for #regnskog og andre gode saker http://t.co/MEJ4DY7Jrk via @Bistandsaktuelt @regnskogfondet @noradno
2014-10-28 10:44:45	neutral	linnkors	@MissMerema De hadde ingenting helserelatert, og jeg har hørt med flere barnehager, de har ikke råd til vikar. Har jo søkt masse 1/2
2014-10-28 10:44:45	neutral	KrStokdahl	En mann - Mannen - veldig mange "men"  - og nå har vi vel snart hørt alle men-ene.
2014-10-28 10:44:37	neutral	Helskog	Somaliere klarer seg klart bedre i USA enn i Norge @Orjas Les tall, dra og se selv. Men USA har slitt økonomisk et par år nå @BjoornRa