0,"Soguk su isteyince, soguk yok, butun sulari disari cikardik diyen garson, siparisten tam 2 saat sonra gelen yemekler, yemegin yaninda soylenen roka ve pureden eser olmamasi, istedigimiz 2 mezenin de kalmamis olmasi."
1,"Yemekler iyi hos, lezzetler iyi ama heyecan verici bi taraflari yok, iyi bir baligi iyi bir sekilde izgara yapmak artik atla deve bi olay degil."
0,bu servise bu fiyatlar ise cok faZla.
0,Lacivert beni kalitesinin dusukluguyle cok sasirtti
0,Buraya bu kadar iyi yorum yapanlar her halde daha Ã¶nce hiÃ§ balik yemediler.
0,Kalamardan ve koladan Ã¶nce balik geldi ve apar topar Ã¶nÃ¼mÃ¼ze atildi.
0,ayrica gelen kalamar soguk ve sÃ¼nger gibiydi.
0,uzun lafin kisasi kesinlikle ve asla bir daha gitmem ve tavsiyede etmem.
0,Daha Ã¶nce de sÃ¶yledigim gibi bÃ¼yÃ¼dÃ¼kÃ§e kalitesi dÃ¼sen yerlerden
0,Kesinlikle ev yemegi degil - Bu kadar basarisiz ev yemekleri olmasina ragmen Ã¶gle saatlerinde ki yogunlugu Ã§Ã¶zebilmis degilim.
0,Ya insanlar gerÃ§ekten ev yemeginin nasil oldugunu bilmiyorlar.
0,Ya da herkes benim gibi 1 kere deniyor ve bir daha gitmiyor.
0,1 kere denedigim fiyatlarinin yÃ¼ksek yemeklerinin lezzetsiz oldugu bir mekan Ã¶nermiyorum.
0,"mekanÄ±n giriÅŸinde kasap reyonu Ä±ÅŸÄ±ltÄ±lÄ±,sÄ±cak bir ortam yaratÄ±lmaya Ã§alÄ±ÅŸÄ±lmÄ±ÅŸ manzara olmadÄ±ÄŸÄ± iÃ§in bulunduÄŸu konumda pek samimi bulmadÄ±m."
0,garsonumuz ilgisizdi biz sÃ¶yledikce yaptÄ± buda benim restauranttan beklentimi zayÄ±flatÄ±yor.
0,2 sene Ã¶nce hÄ±zlÄ± bir kahvaltÄ± yapmak iÃ§in geldiÄŸimiz mekana dair hatÄ±rÄ±mda kalan 6 tl lik Ã§ayÄ± oldu:
1,ÅatobiryanÄ± Ã¶neririm.
1,Sosu tereyagli ve yumusak .
1,Sert et sevmeyenler icin cok lezzetliydi.
1,Guvecte yogurt ve salatayla iyi bir uclu oldu.
1,Servisi hizli valesi var.
1,Acik mekanda ise gardenya bolumu guzel.
1,Kalabalik icin ideal.
1,Vanilya tadi gerÃ§ekten baya hissediliyodu ama ben beyaz caylarini daha cok begenmistim.
1,"Ortam gÃ¼zel,Ã¶zellikle rahat oturma kÃ¶ÅŸeleriğŸ‘Œ Esas kahve sever biri oldugum icin cok tercih ettigim mekan deÄŸil ama yine de arada degisiklik icin guzel olabilir."
0,YoÄŸun olduÄŸu gÃ¼nlerde(cumartes-pazar) gitmenizi tavsiye etmem.
1,Åubelerden en iyisi Pendik merkez ana ÅŸubesi iyidir.
1,BugÃ¼ne kadar dÄ±ÅŸarÄ±da yediÄŸim en lezzetli kurufasÃ¼lyeci.
1,"Fasulyesi aÄŸÄ±zda daÄŸÄ±lÄ±yor adeta, lokum gibi."
1,"YanÄ±nda turÅŸu, cacÄ±k veya yoÄŸurtla harika oluyor."
1,"PilavÄ± da Ã§ok lezzetli, mis gibi tereyaÄŸ kokuyor."
1,Finali sÃ¼tlaÃ§la yapmanÄ±zÄ± tavsiye ediyorum.
1,SÃ¼tlacÄ± da enfes.
1,AtÄ±ÅŸtÄ±rmalÄ±k Jumbo Combo pek yummy!
1,Deniz Ã¼rÃ¼nleri Ã§ok baÅŸarÄ±lÄ±.
1,ManzarasÄ± zaten mÃ¼kemmel.
1,"BÃ¼tÃ¼n istanbul'un gÃ¼zelliÄŸini, yoÄŸunluÄŸunu hissediyorsun."
1,"RahatÃ§a sohbet edebilmek istiyorsanÄ±z, orta mÃ¼kemmel."
1,"Ã‡alan mÃ¼zik tam kÄ±vamÄ±nda, rahatsÄ±z etmiyor."
1,"Yemekleri Ã§ok lezzetli, manzara mÃ¼kemmel."
0,"ancak hesap biraz abartÄ±lÄ± geliyor, balÄ±k yemeden kiÅŸi baÅŸÄ± 100 liradan fazla Ã¶dedik, itiraz etmek gerekir."
0,Kalabalik zamanlarda servis fazlasiyla aksiyor.
0,"Bosken soylemis oldugum makarna ne kadar hizli geldiyse, mekanin dolmasiyla arkadasimin soylemis oldugu siparis unutuldu, defalarca hatirlatma yapmamiz gerekti."
0,Ayrica masalarin fazla ic ice olmasi zaman zaman rahatsiz olmaniza neden olabiliyor
1,"KÄ±ÅŸ aylarÄ±nda iÃ§erideki sÄ±cak ve loÅŸ Ä±ÅŸÄ±klÄ± ortamÄ±nda gÃ¼zel yemekler yiyebilir, yazÄ±n da dÄ±ÅŸarÄ±da o harika Ã§ilekli magnoliasÄ±ndan tadabilirsiniz."
1,Ä°Ã§inizi serinletecek enfes bir tat.
0,Garsonlar suratsiz.
0,Bu kadar methedilmeyi hakketmiyor.
0,Kasarli kÃ¶ftenin iÃ§inde kasar olmayan ve kÃ¶fte ustasi geÃ§inen bir yer!
0,Isletme sahibi kaba.
0,Bizim kasarli kÃ¶fte tanimimiz bÃ¶yle diyor sadece!
0,MÃ¼steri memnuniyeti sifir!
1,"YÄ±llarÄ±n Sampi'si, canÄ±m pide istediÄŸimde eve sipariÅŸ iÃ§in tercih ettiÄŸim yerlerdendir."
0,O zaman keÅŸke baÅŸlangÄ±Ã§larda menÃ¼de yer almasa!
1,BeÅŸiktaÅŸ'ta tam otobÃ¼s duraklarÄ±nÄ±n arkasÄ±nda olmasÄ±ndan dolayÄ± ulaÅŸÄ±mÄ± Ã§ok kolay ve fiyatlarÄ± elbette Ã§ok makul.
1,"Ben Ã§Ä±tÄ±r pide sevenlerdenim, dolayÄ±sÄ±yla sipariÅŸi verirken Ã¶zellikle rica ettim ve gerÃ§ekten de Ã§itir Ã§itir pide geldi."
0,Ancak maalesef birlikte gittiÄŸim arkadaÅŸlarÄ±m hiÃ§ sevmezmiÅŸ Ã§Ä±tÄ±r pideyi ve tabii ki onlarÄ±n ki de Ã§Ä±tÄ±r geldi.
1,Neyse tadÄ± paket servisten elbette Ã§ok daha iyidi neticede beklemeden yeme imkanÄ±nÄ±z var.
1,"Malzemesi bol, porsiyonu tam kÄ±vamÄ±ndaydÄ±."
1,BeÅŸiktaÅŸ'Ä±n gÃ¶beÄŸinde.
0,Ve deneyim maalesef Ã§ok da olumlu olmadÄ±.
0,"BaÅŸlangÄ±Ã§ iÃ§in menÃ¼de baÅŸlangÄ±Ã§larda yer alan lahmacunun, ana yiyecek pideden daha geÃ§ gelecek olmasÄ± ise ayrÄ± bi durumdu tabii."
0,"4 sicak iceceklerde servis agir, kahvalti icin tercih edilwbilir olsa da lezzete gore fiyat yuksek kaliyor."
1,Mutlaka bir hafta Ã¶nceden rezarvasyon yaptÄ±rÄ±n iyi bir rum meyhanesi yemekleri baÅŸarÄ±lÄ± olduÄŸu gibi ÅŸahane bir manzarasÄ± var bu mekanÄ±n en bÃ¼yÃ¼k olayÄ± sÃ¼rekli ikram yapmalarÄ±dÄ±r pahalÄ± olmasÄ±na raÄŸmen hak ediyor.
1,Mutlaka Ä±zgara mantar ve istakoz kavurma deneyin gittiÄŸim ve hiÃ§bir zaman piÅŸman olmadÄ±ÄŸÄ±m ender yerlerden biridir
1,Baliklarin yanina Rum ve ermeni mutfagindan mezelerde pek bir yakisiyor.
1,"kuskonmaz somon sarma,kagitta balik pastirma kesinlikle denenmeli."
1,Burada caylar harika!
1,Vanilla ve portakal aromasina doyamayacaginiz harika bir lezzet olmus.
1,Tam tamina 60 farkli cesit cay bulabileceginiz bu mekani ziyaret etmelisiniz!
1,"HoÅŸ bi mekan, severek giderim ve ayrÄ±lÄ±rken de memnuniyetle ayrÄ±lÄ±rÄ±m her zaman."
1,"Ã–zellikle akÅŸamlarÄ± gidilmesini tavsiye ederim, kÃ¶prÃ¼nÃ¼n ve hisarÄ±n Ä±ÅŸÄ±klarÄ± yandÄ±ÄŸÄ±nda ayrÄ± bi zevki var."
1,Hemde canlÄ± mÃ¼zikle :
0,Daha iyisi var.
0,Buranin doneri dedikleri kadar efsane degil.
0,"Eti yagli , kokuyor, ince dilinmis ve en kotusu aradan 3 saat gecmesine ragmen migdem bulaniyor."
0,Ortami da begenmedim kalabalik 3. Sinif bir yer.
0,Bir daha gitmem
1,"Eti lezzetli, mekan gÃ¶steriÅŸli."
0,Ama sunum resmen sÄ±fÄ±r.
0,30 tl aldÄ±ÄŸÄ±nÄ±z hamburger iÃ§in dÃ¼z beyaz tabaÄŸa koymaktan Ã¶teye gidebilirsiniz bence?
0,HavuÃ§ dilimi ise aÅŸÄ±rÄ± yaÄŸlÄ± ve ÅŸerbetli.
0,Pek yaratÄ±cÄ± Ã¶zel bir yanÄ± yok.
0,Pazar gÃ¼nÃ¼ 14.30'a kadar kahvaltÄ± dÄ±ÅŸÄ± servis yapmayan Big Chefs!
0,"KahvaltÄ± sonrasÄ± kahve iÃ§meye gittik, kapÄ±dan dÃ¶ndÃ¼k ve saat 13.30'du, ÅŸaka sandÄ±m bir an..."
0,"OlmadÄ± Big Chefs, zincirsin sen..."
0,Menude yazilmis olmasina ragmen tavuk WRAPimiz patates ile gelmedi nedenini sordugumuz da patatesi kaldirdiklarini menulerini henuz degistirmediklerini soylediler.
0,Gelen tavuk Wrapten 5 dakika sonra biz kofte durum istememize ragmen tavuk sis dÃ¼rÃ¼mu geldi durumu soyledik ve degistirdiler.
0,Ikisininde yanindaki yesillikler sus icin konulmus olup yemeye kalktigimizda aci bi tatla karsilastik.
0,"Fiyatlar normal, servis cok yavaÅŸ, tuvaletler ise pis."
0,"gÃ¼zel olan tek sey manzaraydi, evet Ã§ocuk oyun alani var bakimsiz servis elemanlari suratsiz, hele omlet yapan bir bayan var ki benim oturdugum masa dibindeydi gelen herkese bir surat bir tavir ben bÃ¶yle birsey gÃ¶rmedim ."
1,Hos mekan - Mekan yaklasik 3-4 aydir var Tuzla'da.
1,Gidilebilecek iyi yerlerden birisi.
0,Ilk aÃ§ildigi ay gittigimizde Ã§ok memnun kalmistik ama daha sonraki gidislerimizde servisin Ã§ok fazla aksadigina ve garsonlarin yogunluk nedeni ile herkes ile ilgilenememesini gÃ¶zlemledik.
0,Ã‡ok az sayida garson Ã§alisiyor ve bazen mekan dolu olunca yetemiyorlar.
0,"Internetten arastirip gittigim bir yerdi, ancak maalesef beklentilerimi Ã§ok karsilamadi."
0,Garsonlar istediginiz seyi en az iki kere istemeden maalesef getirmiyorlar.
0,Internetteki resimlerinden gÃ¶rÃ¼ndÃ¼gÃ¼ kadar gÃ¼zel degildi.
1,Su bÃ¶regi oldukÃ§a lezzetli idi.
1,"Hayir, Ã§ok taze ve lezzetliydi."
1,Beklentimin Ã¼stÃ¼ndeydi.
1,Her yÃ¶nÃ¼yle ideal - Bizim okula Ã§ok yakin oldugu iÃ§in Ã§ok sik gittigimiz bir yerdir ve muhtesemdir zaten manzarasi.
1,Yazin daha zevkli oluyor manzaraya karsi oturmasi.
1,Marmara Ã¶grencilerine de indirimli fiyat uygulamasi var.
1,O yÃ¼zden de bizim iÃ§in avantajli oluyor.
1,"GÃ¶zleme yapan teyzeler de var bu yil, kumpir servisine de basladilar."
1,KuafÃ¶rÃ¼ de Ã§ok ucuz ve iyi ayrica.
1,Daha ne olsun =)
0,Bu kadar Ã¼nlÃ¼ olmasÄ±nÄ± reklama baÄŸlÄ±yorum Ã§Ã¼nkÃ¼ Ã§ok daha iyi deniz Ã¼rÃ¼nlerini daha uygun fiyatlarla yiyebileceÄŸiniz bir sÃ¼rÃ¼ yer var Ä°stanbul'da.
1,"Sicak bir ortam - Yeri iyi olmasa da, zevkli dÃ¶senmis, yemekleri sunum ve tat aÃ§isindan tatmin edici, renkli bir mekan."
0,Sira bekleme olayi ise Ã§ok kÃ¶tÃ¼...
1,Her hafta gelmeye Ã§alÄ±ÅŸÄ±yoruz.
1,"BÃ¼tÃ¼n balÄ±klarÄ± deÄŸiÅŸik soslarla piÅŸirip getiriyorlar, siz dur diyene kadar da mezeler gelmeye devam ediyor."
0,YavaÅŸ yavaÅŸ balÄ±k keyfi yapmak isterseniz Ã¶nermem.
1,Servisi Ã§ok hÄ±zlÄ±.
1,MÄ±sÄ±r ekmeÄŸi de sÄ±cacÄ±k bayÄ±lÄ±yorum.
1,"60 Ã§eÅŸit Ã§ay, ruh dinlendirici mÃ¼zikler, keyifli ortam, hayal kÄ±rÄ±klÄ±ÄŸÄ± yaratan Mizuno Pudding ve farklÄ± da olsa alt tarafÄ± Ã§ay iÃ§miÅŸtim, bu hesap da ne ÅŸimdi dedirten bir hesap :"
0,"Hem Ã§ok keyif almÄ±ÅŸtÄ±m, hem de yok yok bir Ã§ay iÃ§in bu kadar paraya deÄŸmez demiÅŸtim ve Ã¶ve Ã¶ve bitirilmeyen Mizuno Pudding'i beÄŸenmemiÅŸtim."
1,Neden ÅŸimdiye kadar gelmemiÅŸim dedim.
1,Servisten de oldukÃ§a memnun kaldÄ±k.
1,Biz erken saatte gittik ama akÅŸamlarÄ± romantik bir yemek iÃ§in oldukÃ§a ideal bir mekan...
0,Hangi gÃ¼n hangi saat gidilse kalabalÄ±ktan kurtulmak mÃ¼mkÃ¼n deÄŸil.
0,Ã‡oluÄŸu Ã§ocuÄŸu toplayan ev hanÄ±mlarÄ± gruplarÄ± mekana olan ilgiyi azaltÄ±yor.
1,Garsonlar iyi.
0,"Ansiklopedi kalinliginda menuyu getirip siparisinizi vermek istediginizde o yok, bu uok,su kalmadi seklinde ifadelerle birturlu istediginiz tatliyi yiyemediginiz mekan isletmecisine konuyu ilettiginizde yapacak birseyleri olmadigini buyuk rahatlikla dile getiren , garsonlarinin sattiklari urunden haberdar olmayip isteklerinizi yerine gec veya yanlis getirmeleride cabasi."
0,Kesinlikle tavsiye etmiyorum.
0,DiÄŸer ÅŸubesinin efsaneleÅŸen hikayelerinin ardÄ±ndan defalarca hep belirli sebeplerle geldiÄŸimiz Eleos bence cidden abartÄ±lÄ±yor.
0,YeÅŸilkÃ¶y ÅŸubesini bilemem ama burasÄ± standart Ã¼zerinde yine de o fiyatlar bence Ã§ok saÃ§ma.
0,AyrÄ±ca fix menÃ¼ zorlamasÄ± gibi en sinir bozucu uygulamayÄ± burada normalleÅŸtirmiÅŸ durumdalar.
0,Balkon/teras bÃ¶lÃ¼mÃ¼ de cidden Ã§ok kÃ¼Ã§Ã¼k.
0,Her zaman gittigim ve servisi her zaman igrenc olan bu mekan artiik iyice rezalet sinirlarini zorlamis.
0,Mekanin isletmecisi beyin tavri tarzi konusmasi uslubu ve terbiyesi yerlerde.
0,Mekanin populerligi yuzunden rahatlar sanirim ama bu rahatlikla populerligi kisa surede kaybederler.
0,Zaten bu saatten sonra sultan sofrasida kursa o isletmeciyle bu mekana bir daha adimimi atmam.
1,"Bir tabaga 5 farkli cesit isteyebilirsiniz, ozellikle bugday salatasi ve havuc salatasi muhtesem mutlaka deneyin"
1,Istanbulda baklavanÄ±n adresi.
1,"KarakÃ¶yden, EminÃ¶nÃ¼nden geÃ§erken uÄŸramalÄ±sÄ±nÄ±z."
1,Sadece baklava deÄŸil karÄ±ÅŸÄ±k tabak yaptÄ±rÄ±n.
1,Ã‡ikolatalÄ± baklavayÄ±da Ã¶zellikle bayanlara tavsiye ederim
1,"yurtdisindan gelen misafirlerimi memnun etmesiyle,manzarasiyla ve tabii ki meze ve yemekleriyle begenimi kazanmis oldu gelinir tadilir calan muzikler guzel ayari sohbetle hos bir fon oluyor."
1,Burayi seviyorum gerÃ§ekten.
1,Hersey lezzetli statÃ¼sÃ¼ne Ã§ok yakin.
1,Keyifli vakit geÃ§irirsiniz emin olun.
0,"Bira dÄ±ÅŸÄ±nda baÅŸka bir ÅŸey iÃ§menizi istemeyen mekan, bira 7,8 lira iken votka 25, ÅŸarap 17.5..."
0,"Onun dÄ±ÅŸÄ±nda, belirli bir saatten sonra mÃ¼zik saÄŸÄ±r edici seviyeye ulaÅŸmakta."
1,BalÄ±klarÄ±ndan daha Ã§ok kendine has mezeleriyle Ã¶n plana Ã§Ä±kmÄ±ÅŸ AlkolsÃ¼z bir BalÄ±kÃ§Ä± .
1,mezeleri gerÃ§ekten standartlarÄ±n Ã¼zerinde mekan neredeyse her gÃ¼n akÅŸam saatlerinde yoÄŸun oluyor .
1,bunun haricinde Ã§alÄ±ÅŸanlarÄ±n ilgiside gayet iyi
0,Tam bir hayal kÄ±rÄ±klÄ±ÄŸÄ±.
0,Combo tabaÄŸÄ± hayalleriyle gittik ve ÅŸaka gibi iÃ§inde iki Ã¼Ã§ parÃ§a olan Ã§ok lezzetsiz bir tabak geldi.
0,Ã‡ok Ã§ok kÃ¶tÃ¼
0,SÃ¼tiÅŸtir dedik kahvaltÄ± yapalÄ±m dedik piÅŸman olduk valla.
0,PorsiyonlarÄ± Ã§ok kÃ¼Ã§Ã¼k fiyatlar Ã§ok PahalÄ±.
0,Garsonlar ilgisiz Ã§aylarÄ± kÃ¶tÃ¼.
1,Arada bir belki tatlÄ± yemeye gidilebilir.
1,O da manzarasÄ± iÃ§in.
1,Egzotik Ã§aylarÄ± seviyorsanÄ±z mutlaka uÄŸramanÄ±z gereken bir mekan.
1,Bourbon vanilla ve Irish Malt tavsiye ettiÄŸim Ã§aylar arasÄ±nda.
1,"Servis kaliteli, Ã§alÄ±ÅŸanlarÄ± ise inanÄ±lmaz ilgili."
1,SevdiÄŸiniz Ã§aylarÄ±n bazÄ±larÄ±nÄ± paket olarak satÄ±n alabiliyorsunuz da.
1,Mekandaki mÃ¼zik seÃ§imleri de harika.
0,Bazen inanÄ±lmaz kalabalÄ±k olabiliyor haliyle Ã¶yle gÃ¼nlerde serviste aksaklÄ±klar yaÅŸanabiliyor.
1,Mekan gÃ¼zel ferah.
1,Servis Ã§ok hÄ±zlÄ±.
1,Ã‡ok fazla Ã§eÅŸit var.
0,BazÄ± Ã§eÅŸitler kebapla Ã§ok alakasÄ±z olabiliyor.
1,FiyatlarÄ± makul.
1,Yemekler lezzetli
1,"Manzara gÃ¼zel,yemekler gÃ¼zel ama servis berbat."
0,Bir defa demlik Ã§ay iÃ§mek istedik musluk suyu ile yapmÄ±ÅŸlar kÃ¼f kokuyordu.
0,KÄ±sacasÄ± berbat.
1,"Mekani Ã§ok gÃ¼zel, Ã§esitler inanilmaz derecede bol ve lezzetli."
1,servisi gayet iyi.
0,Neyle kÄ±yaslanarak Ã§ok beÄŸenildiÄŸini merak ediyorum aÃ§Ä±kÃ§asÄ±.
1,Mekan gÃ¼zel.
0,Bu et bu parayÄ± asla hak etmiyor.
1,Kuru fasulye iÃ§in gidilir.
1,GÃ¼zel yapÄ±yorlar.
1,"Pilav, ayran eÅŸliÄŸinde iyi bir menÃ¼."
0,"Ama servis konusunda personelinden memnun deÄŸilim, bu konuda kendilerini inÅŸ."
0,Mart ayinin son gunu bugun berbatti burasi.
0,"Kahvaltiliklar geldi cay yok gelen menemen bozuk domatesten,kokusu tadi yenecek gibi degil, yan masada surekli onu istemistik biz gelmedi diyip durdu bizim gibi."
0,Normalde sevdigim bir kahvalticiydi bgn ne yedigimi anladim ne bisi!
1,Nereye gitsek kararsÄ±zlÄ±ÄŸÄ±na dÃ¼ÅŸmek Ã¼zereyken kurtarÄ±cÄ± olan mekandÄ±r KÃ¼tÃ¼k Ev.
1,"Ä°Ã§eriden ve dÄ±ÅŸarÄ±dan tamamen bir daÄŸ evini andÄ±rmasÄ±yla egzotik bir havaya sahip olan mekanda servis nispeten hÄ±zlÄ±, fiyatlar pahalÄ± deÄŸil, bahÃ§esi gÃ¼zel."
1,KÄ±ÅŸÄ±n daha Ã§ok tercih edilebilecek bir yer ama yazÄ±n da gidilir gidilmesine.
1,Sunduklari lezzetleri ve gÃ¶sterdikleri ilgi ile KÃ¼Ã§Ã¼k Ev sayesinde gÃ¼zel bir aksam geÃ§irdik.
1,Ardindan en Ã§ok begendigim ise dÃ¶ner oldu.
1,Gayet lezzetliydi.
1,Bence buraya yolunuz dÃ¼serse dÃ¶nerini ve kavurmali pidesini kesinlik denemenizi Ã¶neririm.
1,Diger yediklerimizide begendim hepsi gÃ¼zellerdi.
1,Kendi Ã¼retimleri manda yogurtlarinida denemenizde fayda var.
1,Tatlilardan ise en Ã§ok kazandibini ve kaymakli ayva tatlisini begendim.
1,"Fiyatlar ise sunulan hizmet, kalite ve merkezi konumundan dolayi uygun sayilir."
1,Ã–ncelikle ortamini Ã§ok begendim.
1,"GÃ¼zel, sik ve ferah bir ortami var."
1,Ã–zellikle restorantin tam ortasindaki agaÃ§ Ã§ok hosuma gitti.
1,O agaci korumak iÃ§in gÃ¶sterdiginiz Ã§aba kesinlikle isletmenizin sayginligini fazlasiyla arttiracaktir.
1,Hazir Ã¼rÃ¼nlerden Ã§ok yÃ¶resel ve kendi Ã¼retimleri Ã¼rÃ¼nleri kullaniyor oluslari Ã§ok hosuma gitti.
1,Trabzon ve Rizeden gelen kavurmalar ile yapilan kasarli ve kavurmali pide beni benden aldi.
1,Harikaydi...
0,"Umdugumu degil buldugumu yedim - Arkadaslarim Ã§ok Ã¶vdÃ¼, geldim yedim bitiremedim."
0,Yani gÃ¼zel degildi.
0,Damak tadima hitap edemedi aÃ§ikÃ§asi.
0,Biberler kizartilmadan atilmis iÃ§ine.
0,Bol yumurtali ve birkaÃ§ parÃ§a domates atilmis iÃ§ine.
0,Adeta menemen degil biberli omlet olmus gibi.
1,Begendim diyebilirim.
0,Manzara disinda deneyimlenecek bir yemegi yok gereksiz pahali ve verdiginiz paraya asla degmeyen menusu var aslinda yok cunku cesit yok.
0,hamburgerini deneyelim dedik kendisi 35tl sunum berbat hamburgeri lezzetli degil saoganlar karamelize degil sadece patates kizartmasi guzel onu da mc donaldsta yeyin.
1,dÃ¼n gidip yeniden kahvalti etme firsati buldugum yer.
1,ben arkadasim ve 2.5 yasindaki oglum rahatlikla doyduk.
1,bir kahvalti tabagi ile gelen Ã§ay Ã¼cretsizdi.
1,Sani Istanbul'un dÃ¶rt bir kÃ¶sesine yayilmis durumda.
0,Biraz daha ortamini sik hale dÃ¶nÃ¼stÃ¼rÃ¼rlerse daha fazla mÃ¼steri Ã§ekeceklerine eminim.
1,Bu kadar Ã§ok ve lezzetli Ã§ay Ã§eÅŸidini bir arada bulmak Ã§ok gÃ¼zel.
1,"KarakÃ¶yÃ¼n dar sokak aralarÄ±nda, sokaÄŸa koyduÄŸu masalarÄ±yla insanÄ± farklÄ± bir atmosfere sÃ¼rÃ¼klÃ¼yor."
1,Servis Ã§ok Ã¶zenli ve gÃ¼zel.
0,KÃ¼l tablalarÄ±nÄ±n dolu ve pis durmasÄ± bana Starbucks'Ä± hatÄ±rlattÄ±.
1,Manzara'ya tabikide yÄ±ldÄ±zlÄ± 5 !
1,Dekorasyon da bir o kadar gÃ¼zel.
0,Tek kÃ¶tÃ¼ yanÄ± bu olabilir burasÄ±nÄ±n benim aÃ§Ä±mdan.
1,AÅŸk-Ä± Memnu'yu tatmayan kalmasÄ±n!
1,BurdaysanÄ±z mutlaka deneyin KuÅŸ YuvasÄ± yenmesi biraz zor bir tatlÄ± ama o da gÃ¼zel bir alternatif.
1,fakat kÄ±zartma combosu bir harika.
0,sÃ¼rekli kalabalik nedeniyle servis oldukca yavas.
0,bazen bir hesabÄ±n gelmesi bile yarÄ±m saat sÃ¼rebiliyor.
0,Sadece Ã¼n yapmak iÅŸte hepsi bundan ibaret.
0,ParasÄ±yla almÄ±yormuÅŸ gibi davran panpa konsept esinmesi bÃ¼lent ersoyun fevkinde
0,"3 arkadaÅŸ yaz baÅŸÄ± gittik,dÃ¶ner kÄ±sma oturduk 7-8 dakika sipariÅŸ almaya gelen olmadÄ±."
0,Bi dakka bekleyin iÅŸim var gÃ¶rÃ¼yorsunuz tarzÄ± bir fÄ±rÃ§a.
1,Evet yemekler lezzetli ortam guzel fakat hafta sonu gittigimiz icin midir bilmemm cok kalabalikti.
0,Calisanlar pek ilgili degildi hesabi tam 17482 garsona soylememize ragmen yarim saat sonra geldi abartisiz.
1,civarda sÄ±caktan bunalÄ±p serinlemek istiyorsanÄ±z boÄŸazÄ±n kenarÄ±ndaki masalardan birine oturup canlÄ± mÃ¼zik eÅŸliÄŸinde soÄŸuk birÅŸeyler iÃ§ebilirsiniz.
1,TÃ¼rk kahvesi de fena deÄŸil.
0,"Manzarasi ve dizayni guzel fakat garsonlar ilgisiz, porsiyonlar cok kucuk ve pahali."
1,Happy hour icin vazgecilmez nokta.
1,Bence burgerleri ve pizzasi Kanyon'da yenebilecek acik ara en iyi.
1,Zincirler icinde tek tercih edilebilir yer.
0,Neden bu kadar popÃ¼ler oldugunu anlamiyorum.
1,Num Num gerÃ§egi - Yediginiz herseyin hakkini verdikleri bir gerÃ§ek.
1,Manzaraya da sufleye de bayildik.
1,Karsida isiklariyla Rumeli Hisari ve kÃ¶prÃ¼ manzarasi esliginde bir aksamÃ¼stÃ¼ Big Chefs'te oturmak Ã§ok keyifliydi.
1,GenÃ§ler ve Ã¶grenciler iÃ§in fiyatlari daha uygun tutmuslar.
1,Lahmacun dÃ¶ner burger pide ve kÃ¶fte Ã§esitleri mevcut.
0,Ezogelin Ã§orba Ã§ok tuzluydu.
0,Ve erken servis edildigi iÃ§in iftara kadar sogudu.
1,IÃ§li kÃ¶fte ve pirzola gÃ¼zeldi.
0,Servis elemanlari yetersiz oldugu iÃ§in yavasti.
0,Her seyden Ã¶te bÃ¶yle bir mekana bu tuvaletler hiÃ§ yakismiyor
0,"Bir yer dÃ¼ÅŸÃ¼nÃ¼n ki iÃ§ecekler bardakla geliyor, garsonlar suratsÄ±z ve Islak mendil bulunmuyor sebepsiz yere -_- buraya ne olmuÅŸ bÃ¶yle !"
0,Hayal kÄ±rÄ±klÄ±ÄŸÄ±
0,"Civardaki restorantlardan pek bir farkÄ± yok, servisi yavaÅŸ."
0,AÃ§Ä±kÃ§asÄ± hicbirinin tadÄ±nÄ± tam alamiyorsunuz.
1,Balik ve deniz Ã¼rÃ¼nlerini Ã§ok sevmeyenler Balik KFCsi kÄ±vamÄ±nda olduÄŸu ve KÄ±zartma bol olduÄŸu iÃ§in sevebilirler.
1,"Kisin iÃ§ kismi dag evini animsatan, yazin bahÃ§esi yesillikler icersinde ve ferah olan, aÃ§ik bÃ¼fe kahvaltisi zengin Ã§esitleriyle bir hayli rabet gÃ¶ren, bunun haricinde genellikle nargile severlerin ugrak mekani olan tatli bir cafe."
0,"Utanmadan bozuk iÃ§li kÃ¶fte, acilasmis tereyagi servis edebilen bir mekan..."
0,Garsonu bu kadar uyardigimizda ise sadece iletirim dedi.
0,Ã–zÃ¼r bile dilemediler.
0,Machiato dediÄŸim halde yerine espresso servis eden iÅŸletme.
0,"BoÅŸ bardak, fincan, tabak masada bekliyor, toplayan yok."
0,"MenÃ¼deki Ã§eÅŸitleri sorunca, o yok, bu yok, onun yerine ÅŸunu verelim, bunu verelim."
0,"Kirli, iyi yÄ±kanmamÄ±ÅŸ bardakla Ã§ay servisi."
0,Mado'nun genel hastalÄ±klarÄ±nÄ±n bir araya gelmiÅŸ hali gibi.
0,Yoksa Mado'larÄ±n kÃ¶tÃ¼ bir Ã¶rneÄŸi.
1,Ev yemekleri hergÃ¼n farkli - Tipki anne eli degmis gibi lezzetli ev yemekleri...
0,Mekan Ã§ok kÃ¼Ã§Ã¼k hemen doluyor.
0,Ã–glenleri yer bulamadigimiz Ã§ok oluyor.
1,Genelde Ã¼rÃ¼nler lezzetli ve fiyat da uygun .
1,"Cok guzel sirin bir mekan yemekler kokteyliler super manzara cok iyi, tabiki bu guzel seyler icin sira bekleyebilirsiniz."
1,Genel olarak mekan ÅŸirin.
0,Alkol olsa daha tutulabilirler.
0,HayatÄ±mÄ±n en pahalÄ± yemeÄŸini yediÄŸim restoran.
0,Yemek porsiyonlarÄ± Ã§ok kÃ¼Ã§Ã¼k.
0,Burger ekmegi yumusamis dagiliyordu.
0,Icinde ki sos da pek bi istah acici degildi.
1,Ortami guzel gidilecekse onun icin gidelebilir.
1,Yemeklerini ve caylarini begendigim.
1,Fiyat olarak gayet mantikli bir isletme.
1,Tavsiyemdir
0,Kendilerine Ã¶zel biralarÄ± mevcut olsaydÄ± belki daha gÃ¼zel olurdu ama standart biralardan iÃ§mek durumunda kaldÄ±k.
1,Bunun haricinde servis iyi garsonlar gÃ¼leryÃ¼zlÃ¼ ve rahat bir mekan.
1,Yemekler de farklÄ± tadlar var.
1,Cuma iÅŸ Ã§Ä±kÄ±ÅŸÄ± arkadaÅŸlarla takÄ±lmalÄ±k bir mekan.
1,Ã‡ok fazla lezzetli alternatifi bulunan menÃ¼sÃ¼nÃ¼ seviyorum.
1,Citys'in alt katÄ±ndayken tanÄ±dÄ±k sevdik.
1,"Magnolia'sÄ± ayrÄ±, limonatasÄ± ayrÄ± gÃ¼zel."
1,Bir peynirli tostu bile Ã§ok Ã¶zenle sunuyorlar.
1,Hem saÄŸlÄ±klÄ± hem de doyurucu.
1,GÃ¼zel bir Ã¶ÄŸle yemeÄŸi molasÄ±.
1,BahÃ§esi de gÃ¼zel.
1,SalÄ±ncaÄŸÄ± bile var.
1,Yemek Ã¼zerine de soÄŸuk kahve iyi gidiyor.
1,"BoÄŸazÄ±n en gÃ¼zel yerlerinden birinde, sÄ±cak, sempatik ve zevkli dekorasyonu ve ÅŸahane manzarasÄ±, genÃ§ mÃ¼ÅŸteri kitlesi, gÃ¼zel mÃ¼zikleri yetmezmiÅŸ gibi gÃ¼ler yÃ¼zlÃ¼ arkadaÅŸca servisi de mÃ¼kemmel."
1,KahvaltÄ± seÃ§enekleri Ã§ok iyi.
1,TÃ¼m bu Ã¶zelikleri gÃ¶z Ã¶nÃ¼ne alÄ±nca fiyatlar Ã§ok makul geliyor.
1,"Gece, gÃ¼ndÃ¼z, her zaman iÃ§in Ã¶neririm."
1,Besiktaki en hakiki pideci diyebilirim.
0,ben bu yuzden tatli yemegi tercih etmedim.
1,otobus duraginin hemen karsisinda yeri cok kolay.
1,porsiyonu tam malzemesi bol hamuru citir citir fakat servis icin ayni hosnutluktan bahsedemicem.
0,servis oldukca yavas.
0,yavas demek bile az kalir.
0,az vaktiniz varsa kesinlikle ogle saatlerinde ugramayiniz.
1,"Manzarasi icin gidilesi cafe , cok fazla yazacak bisey yok."
1,otopark sorunu yok.
1,sessiz sakin ve huzurlu bir mekan.
1,Kuru fasulyesi lezzetli.
1,Sutlaci tavsiye edilir.
1,KÃ¶ftesi de kaliteli.
1,Sade gÃ¼zel bir yer.
1,Ã‡alÄ±ÅŸanlar ilgili kibar.
1,OrtakÃ¶ye yolu dÃ¼ÅŸen ugramali.
0,Park sorunu ciddi.
0,Pazar sabahlarÄ± brunch dÄ±ÅŸÄ±nda seÃ§eneÄŸiniz yok.
0,Masaya istenen sucuklu yumurtanÄ±n sucuÄŸuna extra Ã¼cret istenmesi ayÄ±p.
1,MekanÄ±n lokasyonu on numara ama rezervasyonsuz deniz kenarÄ± masa bulmanÄ±z imkansÄ±z.
0,"BÃ¶yle bir brunch iÃ§in 59TL, 4 ince dilim sucuk iÃ§in 5TL extra Ã¼cret mÃ¢nÃ¢sÄ±z."
0,En son kabalÄ±k bir grup halinde gittiÄŸimizde sipariÅŸlerde karÄ±ÅŸÄ±klÄ±k olmuÅŸtu malesef.
1,"Tek kelimeyle muhtesem bir lezzet, doner kesimi tam olarak usta isi."
1,Yagsiz ve cok lezzetli.
1,Yaninda getirdikleri tandir lavasi ise bugune kadar yedigim en lezzetli lavas.
1,Oturdugunuz gibi siparisiniz aliniyor ve hemen servis yapilmaya baslaniyor.
1,Acik ara en iyi donerci.
0,Big chefs her daim ÅŸiÅŸirilmiÅŸ bir kafedir.
0,Ã‡Ã¼nkÃ¼ size oluru olmayan fiyatlar sunar.
0,Ä°sim yapmÄ±ÅŸtÄ±r Ã§Ã¼nkÃ¼ pahalÄ± olduÄŸu iÃ§in kaliteli algÄ±sÄ± yaratÄ±r .
0,"Bir ayvalÄ±k tostuna 20 tl , bir kavanoz tatlÄ±ya 20 tl vs. Yazan bu mekana kesinlikle gitmem ."
0,Ã‡Ã¼nkÃ¼ bu israftan baÅŸka bir ÅŸey deÄŸil benim nazarÄ±mda .
0,BÃ¶yle mekanlarÄ± biraz boÅŸ bÄ±rakmak lazÄ±m ki Fiyat skalasÄ±nÄ± biraz dÃ¼ÅŸÃ¼k aralÄ±ÄŸa taÅŸÄ±sÄ±nlar !
1,"Tatlilar - Tatlilari Ã§ok gÃ¼zel, tiramisu Ã¶zellikle yenilmeli ama ana Ã¶gÃ¼n kadar bÃ¼yÃ¼k geliyor dikkat!"
0,"Unsuz Ã§ikolatali pastasi biraz agir, diyet yapanlar bulasmasin!"
0,Yemeklerin tadi tuzu yok.
0,Ortam gÃ¼rÃ¼ltÃ¼den ibaret.
0,Garsonlar TV izlemekten size bakmiyor.
0,GeÃ§in allahaskina baska bir sÃ¼rÃ¼ yer var yenebilecek
1,"Yemeklerin lezzetine inanamayacaksiniz, pastirma ile yapilan Topkapi kebabi Ã§ok iyidir."
0,Koftenin hicbir ozelligi yok.
0,Hizmet yok guleryuz yok.
0,Masalar dipdibe marketten dondurulmus kofte alin evinizde yiyebilirsiniz.
0,Siradan - Siradan kebaplari olan mekan...
1,Hizmetten cok memnun kaldik.
1,Herkes cok ilgili ve guler yuzluydu.
1,"Somon izgaranin altinda olan kuskonmazli ispanakli sote mukemmeldi, yemek ise genel olarak guzeldi."
1,Etli quesadillanin ise ozellikle eti cok guzeldi.
1,Mutlaka bir daha gelicez :
1,SevdiÄŸim bir mekan.
1,"MÃ¼zikler, bahÃ§esi, menÃ¼sÃ¼ gÃ¼zel."
1,Ferah bir ortamÄ± var ve kalabalÄ±k buluÅŸmalar iÃ§in de uygun bir yer.
1,Ã‡alÄ±ÅŸanlarÄ± da gÃ¼ler yÃ¼zlÃ¼.
0,Girerken bÃ¶yle bir yerle karÅŸÄ±laÅŸacaÄŸÄ±nÄ±zÄ± tahmin etmiyorsunuz konumu nedeniyle.
1,SÃ¼tiÅŸ'in Emirgan ÅŸubesi gibi bu ÅŸubesinin manzarasÄ± da Ã§ok gÃ¼zel deniz hemen yanÄ±nÄ±zda kÃ¶prÃ¼ hemen saÄŸ Ã§aprazda :
1,) yemekler gÃ¼zel fiyatlar da mekana gÃ¶re gayet uygun.
1,TavukgÃ¶ÄŸsÃ¼ baÅŸarÄ±lÄ± :
0,Berbat biyer rezervasyon yaptirdigim halde misafirlerime rezil oldum rezalet biyer calisanlarin tavirlari olsun ilgileri herseyi rezalet otesi
1,Ã‡Ã¶mlekte ev yapimi yogurtlarini mutlaka deneyin.
1,Eski zamanlar biraktigimiz gerÃ§ek yogurdun tadini yakalayacaksiniz.
1,MÃ¼kellef bir yemek sonrasi ortalama 15-25 TL'ye mekandan Ã§ikabilirsiniz.
1,"Dekorasyon zevkli olmus, Ã¶zellikle mekanin ortasina konuslanmis bonsai agaÃ§ beni benden aldi."
1,Ã‡ok iyi karsilandik ve sonuna kadar el Ã¼stÃ¼nde tutulduk.
1,Harikasiniz arkadaslar.
1,Yemeklerde favorilerim dÃ¶ner ve kavurmali pide oldu.
1,Kavurmali pide iÃ§in tekrar ugrayacagim.
1,Tatlilarda tavuk gÃ¶gsÃ¼ gerÃ§ekten lezizdi.
1,"Irmik helvasinin da tavuk gÃ¶gsÃ¼nden eksigi yoktu, sekeri kivamindaydi ve hafifti."
1,"Buraya sÄ±k geliyorum, leventte Ã§alÄ±ÅŸanlarÄ±n da Ã§ok tercih ettiÄŸi bir yer."
1,"Ancak her gÃ¼n Ã§eÅŸit Ã§eÅŸit ev yemeÄŸinin Ã§Ä±kÄ±yor olmasÄ± Ã§ok cazip, ister zeytinyaÄŸlÄ±lar ister sÄ±cak yemekler insanÄ± her gÃ¼n fast food yemekten alÄ±koyuyor."
1,"ZeytinyaÄŸlÄ± tabaÄŸÄ± baÅŸarÄ±lÄ±, salatalarÄ±nÄ±n da porsiyonu Ã§ok bÃ¼yÃ¼k tavsiye ederim."
0,ve oradakÄ± koku olayÄ±na bÄ±r hal care bulamadÄ±klarÄ± Ä±cÄ±n yazÄ±k olan mekandÄ±r.
1,Taksim'de kendi tarzÄ±na gÃ¶re keyifle gidilecek mekanlardan biri.
1,) Hamburgeri hoÅŸuma gidiyor ve NY steak de tavsiye edebilirim.
1,Afiyetle!
0,Ben artÄ±k happy moons u beÄŸenmiyorum.
1,Servisi iyiydi Ã§alÄ±ÅŸanlarÄ± gÃ¼leryÃ¼zlÃ¼ fakat yemeklerinden eskiden aldÄ±ÄŸÄ±m tadÄ± almÄ±yorum.
0,Zaman kaybÄ±!
1,Ozellikle zeytinyaglilari guzel.
1,Galata cevresinde zeytinyagli veya ev yemegivari yiyebilecegimiz nadir yerlerden oldugu icin tercih ediyorduk.
0,Ama dunyanin en yavas evlere servis hizmetini sunuyorlar.
0,Hele de ogle saatinde 50 ile 70 dakika beklemeye hazir olun.
0,Ogle saatleri degilse de 25-30 dk beklemeyi goze almak gerekiyor.
0,En son soyledigimiz firinda makarnasi da kuru geldikten sonra bir daha siparis vermemeye karar verdik.
1,"Manzarasi Ã§ok gÃ¼zel , dekorasyonda Ã§ok baÅŸarÄ±lÄ±ydÄ± , kahvaltÄ± iÃ§in gittik kahvaltÄ± gÃ¼zeldi ama omleti beÄŸenmedim Ã§ok tatsÄ±zdÄ±."
1,Geri kalan hersey tazeydi kayÄ±sÄ± ve cevizle sÃ¼slemeleri Ã§ok hoÅŸuma gitti kahvaltÄ±ya fresh bir hava katmÄ±ÅŸlar.
0,KahvaltÄ±sÄ± iÃ§in gidebilir ama garsonlar servis ederken gÃ¶rdÃ¼ÄŸÃ¼m kadarÄ±yla yemek porsiyonlarÄ± kÃ¼Ã§Ã¼ktÃ¼ ve sunum hoÅŸuma gitmedi .
1,"Ä°lk Evlilik yÄ±ldÃ¶nÃ¼mÃ¼ yemeÄŸimizi burada yemiÅŸtik, karÅŸÄ±lama gayet gÃ¼zel kibar Ã§alÄ±ÅŸanlar."
1,Sunumu beÄŸendik.
1,Sakin mutlu bir yemekti.
1,Tekrar gitmeyi dÃ¼ÅŸÃ¼nÃ¼rÃ¼m.
1,"Klasik rakÄ±-balÄ±k-fasÄ±l Ã¼Ã§lemesinden sÄ±kÄ±lan, ve mezelere odaklanmak isteyenler iÃ§in en iyi alternatif."
1,Manzara olarak en iyi seÃ§eneÄŸi sunmasa da lakerdasÄ± baÅŸta olmak Ã¼zere bÃ¼tÃ¼n mezeleri denemeye deÄŸer.
1,"FÄ±stÄ±klÄ± peynirli meze, buraya Ã¶zel bir lezzet."
1,KiÅŸi baÅŸÄ± 60 liraya rakÄ±nÄ±z ve mezelerinizle gÃ¼zel bir akÅŸam geÃ§irmeniz garanti.
1,"Konum itibariyle cok guzel yerde, manzarasi enfes."
1,"Limonatasi kocaman ve lezzetliydi, ""ayvalik tostu""nu yeniden yorumlayarak tamamen farkli bir hale getirmisler, fena degildi."
0,"Ancak mekanin en buyuk sÄ±kÄ±ntÄ±sÄ± hizmet kalitesi, cok cok yavaslar!"
1,"Ki bana gore bir mekanda olmasi gereken en onemli ozellik ""hizmet kalitesi"" En buyuk kurtaricisi lokasyon ve muhtesem bogaz manzarasi!"
1,Sinirsz kahvalti keyfi iÃ§in harika bir yer.
1,Manzarasi cok gÃ¼zel.
0,Garsonlar biraz daha gÃ¼ler yÃ¼xlÃ¼ olabilir.
1,Zengin bir acik bÃ¼fe menÃ¼sÃ¼ var.
1,Keyifli bir yer.
0,Son zamanlarÄ±n benim iÃ§in en bÃ¼yÃ¼k hayal kÄ±rÄ±klÄ±ÄŸÄ±.
0,Bu kadar bÃ¼yÃ¼k merakla gelip de yediklerimden bu kadar az haz ettiÄŸim baÅŸka bir yer olmadÄ±.
1,"Garson arkadaÅŸlar, mekanÄ±n manzarasÄ±, hizmet ÅŸahane ama lezzet adÄ±na sÃ¶yleyebileceÄŸim Ã§ok ÅŸey yok."
0,KÃ¶prÃ¼ altÄ± yerleri gibi kalamar koydular Ã¶nÃ¼mÃ¼ze.
0,YeÅŸilkÃ¶y efsanesi burada sÃ¼rmemiÅŸ
1,BahÃ§esi insana huzur veriyordu...
1,E5 Ã¼stÃ¼nde olduÄŸu iÃ§in Ã§abuk direksiyon kÄ±rÄ±lÄ±p az vakitte Ã§ok oturmalÄ±k kolaylÄ±ÄŸÄ± iÃ§in tercih ettik.
1,"besiktas barbarosta bulunan sampi sabaha kadar acik,gece cani cekenler icin ideal ve paket servisi de var,kapali kasarlisi da cok lezzetli oluyor"
0,Acikcasi cok ayilip bayilani var ama ben daha kalin hamurlu pizzalari seviyorum.
1,Ama Pizzeria Trio' nun pizzalari da guzel.
1,Ä°nanilmaz bir manzaraya sahip bu arada mekan.
1,"Pizza, sarap, manzara kombini icin gidilebilir."
1,Ã–zellikle bahÃ§esini tercih edin giderseniz.
1,aÃ§Ä±k alan gayet rahat.
0,Fiyat biraz fazla gibi.
0,Burasi eskiden favori yerlerimdendi menÃ¼sÃ¼ degisti ve artik eski menudeki yemeklerin bile tadi ayni degil lezzet olarak cok kÃ¶tÃ¼.
1,Lezzet disinda degerlendirirsek hem dis alani bahcesiyle hemde ic alani rahat buyuk koltuklariyla cok keyifli bir mekan
1,TadÄ± bir baÅŸka aÅŸÅŸkÄ±n kuruÃ§eÅŸmenin en iyi mekanÄ± diyebiliriz arkadaÅŸlarla kahve iÃ§ip sohbet etmek burda bir baÅŸka
1,KadÄ±kÃ¶y'Ã¼n bira cennetlerinden biri.
0,Eski Ã§alÄ±ÅŸanlarÄ± daha iyi ve samimiydi diye dÃ¼ÅŸÃ¼nÃ¼yorum.
0,"Mevcut Ã§alÄ±ÅŸanlarÄ±nÄ±n marjinal gÃ¶rÃ¼nÃ¼mlerini yadÄ±rgamamakla birlikte , bu marjinal gÃ¶rÃ¼ntÃ¼ hafiften cool davranÄ±ÅŸlara kaÃ§Ä±yor, bu da hizmete olumsuz yansÄ±yor."
0,Daha gÃ¼lÃ¼mseyen bir Ã§alÄ±ÅŸan profili olmalÄ±.
1,Yine de bol Ã§eÅŸit bira denemek ve mÃ¼zik dinlemek iÃ§in gidilmeli.
0,Yemekler Ã§ok vasat.
0,her zaman Ã§ok yoÄŸun.
0,iÃ§erde mÃ¼zikten birbirini duyamÄ±yorsun.
0,servis elemanlarÄ± kaba.
1,sadece fiyatlar makul.
0,menÃ¼ kÄ±sÄ±tlÄ±
1,"Cizbiz koftesi , sutis moccachinosu , dtox corbasi ve haftasonu hahvalti zenginligiyle tavsiye edebilecegim bir Mekan manzarasi , ulasim rahatligi konforuyle denemenizi tavsiye Ederim"
0,Sosyal medyada Ã¼nlÃ¼ olduktan sonra kaliteyi dÃ¼ÅŸÃ¼rmÃ¼ÅŸ mekanlardan bir tanesi.
0,Ä°kisi de durmuÅŸ ve kÃ¶tÃ¼ kalite malzeme kullanÄ±lmÄ±ÅŸtÄ±.
0,En azÄ±ndan adlarÄ±yla Ã¶zdeÅŸleÅŸmiÅŸ tatlÄ±larÄ±na Ã¶zen gÃ¶stermelerini beklerdim.
0,Bu manzarada ne versek yerler mantÄ±ÄŸÄ±nda bir iÅŸletmenin KuruÃ§eÅŸme'de olmasÄ±na Ã§ok Ã¼zÃ¼ldÃ¼m.
1,anzarasi harika...
1,- Burasi haftada bir ugramaya Ã§alistigim ve manzarasina bayildigim bir mekan.
0,Ancak bir seyler yemek iÃ§in Ã§ok iyi denemez.
0,Pastalari 3. sinif pastane mamulleri gibi...
0,Ayrica genelde Ã§ok kalabalik olmasi nedeniyle yer kapmak iÃ§in bayagi bir ugrasmak gerekiyor.
0,Servis vasat.
0,"Ã‡atal, bÄ±Ã§ak pis ve cevizli baklavasÄ± ÅŸerbetinden insanÄ±n midesini bulandiriyor."
0,AyrÄ±ca baklava yanmÄ±ÅŸ gibi.
1,Karakoyde yer alan sirin bir cafe.
1,SÄ±k sÄ±k gelip butun caylardan denemek lazim.
1,Dekorasyonu cok hos.
1,Cok rahat koltuklari var.
1,Oturup saatlerce kaliteli cay esliginde muhabbet edebilirsiniz.
1,Buzlu cay hayatimda ictigim en iyi buzlu caydi.
1,Seker orani yerindeydi ve cok ferahlatiyordu.
1,Cin cayi nin tadi da cok guzeldi.
1,Kavun aromasinin kivami yerindeydi ama ic ic bitmedi bir turlu.
1,Fiyat/Performans olarak gidilebilecek mekanlardan birisi Uzunlar Kebap.
1,Piyasada bulunan kebapÃ§Ä±lara gÃ¶re 1 tÄ±k daha iyidir.
1,"Haftasonu gezmeleri iÃ§in de gidilebilir, aÃ§ kaldÄ±ÄŸÄ±nÄ±zda yemeÄŸimi yiyip hemen kalkayÄ±m mantÄ±ÄŸÄ±nda da gidebilirsiniz."
0,"Berbat bir yer,insanlarin sefil oldugu,gÃ¶cmen burosuna sÄ±ra bekleyen biri gibi hissettim,rezalet..."
0,asla gitmeyin.
0,paranÄ±zla rezil olmak isterseniz buyrun derim.
1,Menusundeki hemen hemen hersey oldukca lezzetli.
1,Ozellikle acik bufe sabah kahvaltisi evinizde yapiyormus gibi keyifli.
1,"Standart bir kahvalti fakat ortam,servis,mekanin konumu Ã§itayi yÃ¼kseltiyor."
1,"Ã–zellikle servis elemani Sezgin bey 'in isini bu kadar iyi yapmasi ve herkesle esit ayni gÃ¼ler yÃ¼zle ilgilenmesi , masalar arasi slalom yaparken hiÃ§ bir istegi ikiletmemesi hepimizin sempatisini ve takdirini kazandi."
1,GÃ¶ksu'da gidilebilecek en hos cafelerden biri bence.
1,GeniÅŸ bahÃ§esi ve terasÄ± ile bu lokasyona yakÄ±n arkadaÅŸlarÄ±n yaz akÅŸamlaÄ±nda aÃ§Ä±k haavada nargile keyfi yapabilecekleri bir mekan.
1,Ulasim oldukca kolay.
1,Cevre duzenlemesi okadar guzel yapilmiski daha yemekleri tatmadan iyi geldim diyorsunuz.
1,"Etler , meze, salata ve patates kizartmasi da size kesinlikle aksini dusundurmuyor."
1,Hepsi ayri lezzetli.
0,icin) artik gitmiyorum.
0,Yasaklatanlara hayirli olsun!
1,Ozel gun yemeklerinizi yiyebileceginiz luks bir restorant.
1,Kulbasti ve ozellikle ev yapimi sufleyi tavsiye ediyorum.
1,Rezervasyon sirasinda ozel gununuzu soylediginiz takdirde sampanya ikramlari oluyor bu guzel bir jest
1,Yemek servisi ve lezzeti iyi bir restaurant.
0,Servis SÃ¼releri biraz uzun birde bulunduÄŸu mekana ve mekanÄ±n fiziksel kalitesine gÃ¶re fiyatlar pahalÄ±.
0,Daha mÃ¼tevazÄ± menu fiyatlarÄ± olsa daha sÄ±k ziyaret edilebilir
1,Ã‡ikolatalÄ± baklavasÄ±na bayÄ±lÄ±yorum kesinlikle en favori tatlÄ±m.
1,DiÄŸer bÃ¼tÃ¼n tatlÄ±larÄ±nÄ±n kalitesi ve lezzeti Ã¼st seviyede.
1,GÃ¼llÃ¼oÄŸlu bu konuda uzman.
1,Nusret etin prensi diyorsak bildiÄŸimiz var ki diyoruz.
1,ğŸ˜ Etleri muhteÅŸem lezzetliydi.
1,Evde de aynÄ±sÄ±nÄ± bir aÅŸÃ§Ä± adayÄ± olarak yapsam bile Nusret'inki farklÄ±.
1,Kaliteli yemek sevenler mutlaka gitsin denesin.
1,Nachos istemediÄŸime piÅŸman oldum.
1,Cumartesi olmasÄ±na raÄŸmen sakindi.
0,Telefonun ÅŸebekesi Ã§ekmediÄŸi iÃ§in wifi ye baÄŸlanmak istedim ama oturduÄŸum mÃ¼ddetÃ§e baÅŸarÄ±lÄ± olmadÄ±m.
1,Servis hÄ±zlÄ± ve Ã§alÄ±ÅŸanlarÄ± pozitifti.
0,"aÃ§Ä±kÃ§asÄ± Ã§okta tavsiye edilecek bir yer deÄŸil bence , press ile yanyana olunca bir orayada bakayim dedim fakat oturmamla kalkmam bir oldu ."
0,Sadece TÃ¼rk kahvesi var ve bir sÃ¼rÃ¼ Ã§ay Ã§eÅŸidi tadlari belki gÃ¼zeldir ama hem pahali hem gereksiz bir yer bence
0,Birde burdaki yerini deniyeyim dedim geÃ§enlerde ama tam bir hayal kirikligi garsonlar asiri ilgisiz kebaplar diger subelerine gÃ¶re basarisiz cok sarimsakli ve rahatsiz edici manzara gibi bir olayi yok bridge 'in tam tersi tarafinda kaldigi icin evlere bakiyor bos bos gitmeye degecek bir yer degil lezzette kÃ¶tÃ¼ zaten ilk ve son gidisim olacak fakat servis iÃ§in gÃ¶ztepe subesi gerÃ§ekten gÃ¼zel salatalari bile paket sekilde gonderiyor .
1,"Dostlarinizla birlikte gÃ¼rÃ¼ltÃ¼den uzak, bir seyler iÃ§me dÃ¼sÃ¼ncesindeyseniz birbirinizin sesini rahatlikla duyabileceginiz mÃ¼kemmel bir yer Limonlu BahÃ§e."
1,BahÃ§esindeki kedilerinin birbirini kovalamasi ise mutluluktan midenizde kelebekler uÃ§urtuyor!
0,Tek sorun siparisin Ã§ok geÃ§ gelmesi ve yemeklerin performans-fiyat birlikteliginin tutarli olmamasi
0,"PopÃ¼lerliÄŸin etkisiyle kaliteyi dÃ¼ÅŸÃ¼ren, malzemeyi azaltan bir yer oldu."
0,Baklavada fÄ±stÄ±ÄŸÄ± ara ki bulasÄ±n.
0,"Paket alÄ±nan baklavalarÄ±n bayat olma ihtimali yÃ¼ksek, dikkatli olun."
0,Su bÃ¶reÄŸi de kÃ¶tÃ¼.
0,Zaten o kalabalÄ±kta oturmaya o gÃ¼rÃ¼ltÃ¼yÃ¼ Ã§ekmeye bile deÄŸmez.
0,Ã–vgÃ¼ Ã¼zerine gitmiÅŸtik ama fazla beklentiye girince bazen normal bulacaÄŸÄ±nÄ±z ÅŸeyi de bepenmeyebiliyorsunuz.
0,Bence istanbulda iyi denilen mekanlarda bile meze probleni var.
1,Her zaman keyifli - Her zaman keyifle gittigim mekanlardan biri olmustur.
1,BahÃ§esi Ã§ok gÃ¼zel.
1,Misafirlerini Ã§ok gÃ¼zel host ediyorlar.
1,Canyon Road ve Big Burger her zaman favorimdir.
0,cok yuksek sesle gulup egleniyorlar.
1,Ugramadan geÃ§meyin - Konum olarak gÃ¼zel bir yere kurulan ve disaridan geÃ§erken gÃ¶rsel olarak iÃ§eri Ã§agiran ayrica iÃ§eri girildiginde de pisman etmeyen bir mekan.
1,"Burasi oldukÃ§a lezzetli yemekler yapiyor ve sunum, hijyen, herkes Ã§ok sicak kesinlikle gidilmeli."
0,Hizmet kalitesi de iyi degil.
0,Deniz mahsullÃ¼ pizzasÄ± gÃ¼zel deÄŸil.
0,AyrÄ±ca rezervasyon alÄ±yorlar ki Numnum'sÄ±nÄ±z siz havanÄ±z kime diyesi geliyor insanÄ±n.
0,FÄ±rÄ±nda makarnasÄ±nÄ± denedim ama Ã§ok beÄŸendiÄŸimi sÃ¶yleyemeyeceÄŸim.
0,"3 aydir haftasonlari ugrak noktamizdi, Kahvehane gibi maÃ§ Ã¼creti 10 tl diye yazdilar yaa o gun bizim gozumuzde bitti."
0,Gidicekler simdiden dikkatli olsun.
1,"Mudavimi oldugum diger mekanim, ascisi super yemekler cikariyor isletmecisini cok seviyoruz , balli tavuk salata , yesil mercimek corbasi, kestanesi suflesi ve birbirinden saglikli fresh meyve sulari deneyin derim ,bogazin gobeginde yemeginizi yemenin keyfine varin"
1,FethipaÅŸa korusunun iÃ§inde bulunan manzarasÄ±na gÃ¶re uygun fiyata sahip salaÅŸ ÅŸÄ±k aileye uygun bir mekan.
1,Ã¶zellikle yaz akÅŸamlarÄ± terasÄ±nda semaver Ã§ayÄ±nÄ± denemelisiniz
1,yaz aylarÄ± iÃ§in bahÃ§esi beÅŸiktaÅŸ'taki en ferah yer olabilir.
1,"yemekleri lezzetli, servis hÄ±zlÄ± ve Ã§alÄ±ÅŸanlar gÃ¼ler yÃ¼zlÃ¼."
1,iÃ§ dekorasyonu da gayet hoÅŸ.
1,mÃ¼zikler de ortam ile uyumlu.
0,Malesef ki sadece pazar gÃ¼nÃ¼ brunch veren bir yer.
1,KahvaltÄ±sÄ±nÄ± denemediyseniz denemelisiniz Ã§ok fazla Ã§eÅŸit var hatta hangisini yesek diye ÅŸaÅŸÄ±rÄ±yorsunuz.
1,Saatlerce pazar keyfi yapabilceÄŸimiz bir yer.
1,ManzarasÄ±na zaten diyecek tek bir kelime yok.
0,BÃ¶yle bir yerin tabi ki fiyatlarÄ± PahalÄ±.
1,"Garsonlar ilgili, yemekler gÃ¼zel"
1,TuzlanÄ±n meÅŸhur balÄ±kÃ§Ä±sÄ±.
0,Eskiye nazaran kalitesi oldukÃ§a dÃ¼ÅŸÃ¼k.
0,Eskiden mekan daha ufak sÄ±nÄ±rlÄ± sayÄ±da mÃ¼ÅŸteriye hizmet eden ama kalitesini bozmayan bir yerdi.
0,Maalesef son 1 senede kalitesinde ve serviste epey sÄ±kÄ±ntÄ±lÄ±.
1,Tatlilari da denenmeli bence.
1,Manzarasi da ayrica gÃ¼zeldir.
1,Plaza insanÄ± iÃ§in Ã¶ÄŸle yemeklerinde bir alternatif kanÄ±mca.
0,Ev yemeklerini hakettiÄŸinden pahalÄ±ya sattÄ±klarÄ±nÄ± dÃ¼ÅŸÃ¼nÃ¼yorum.
1,GÃ¶ksunun kenarÄ±nda Ã§ok ÅŸirin bir yer.
1,Yemekleri de gayet lezzetliydi.
0,GÃ¶rselliÄŸe pek Ã¶nem vermedikleri aÅŸikar yine de.
1,Ama hizmet konusunda on puan veriyorum
1,Uzun zamandan sonra yediÄŸim en gÃ¼zel kofte idi.
1,hamburgerde Ã§ok gÃ¼zeldi.
1,roka salatasÄ± GÃ¼veÃ§te mantarda baÅŸarÄ±lÄ± idi.
1,biz kahvaltÄ±sÄ±nda denemek Ã¼zere tekrar geliriz
1,Ä°stanbul'da daha fazla olmasÄ± istenen mekanlardan.
1,DizaynÄ± gÃ¼zel.
1,KalabalÄ±k olduÄŸunda bile Ã§evrenizdeki masalarla iÃ§ iÃ§e hissettirmeyecek kadar ferah.
1,Ã–zellikle BoÄŸaziÃ§i Ãœniversitesi Ã¶ÄŸrencilerinin sÄ±kÃ§a uÄŸramasÄ± gereken bir mekan.
0,Yemek menÃ¼sÃ¼ geliÅŸtirilebilir.
1,Fiyatlar gayet uygun.
0,Quattro Stagioni ve Orto'yu denedik ancak beklentilerimizin altÄ±nda kaldÄ±.
1,Bir de dÃ¼kkanÄ±n minyatÃ¼r haldeki maketi Ã§ok tatlÄ±.
0,Cok fazla kisiye servis yapildigi icin cok basarili bulmuyorum mezeler dunden kalma gibi etler cok guzel degil yanliz adana kebabi fena degil ama daha iyileri oldugu icin baska yerde denemede fayda var
1,- Ambiansi hos.
0,"Yemekleri basarili bulmuyorum, burgerler lezzetsiz, fajita iÃ§in kullandiklari et uygun degil."
0,Genelde Ã§ok kalabalik oldugu iÃ§in de servis kosturmaca iÃ§inde yapiliyor.
1,KadÄ±kÃ¶y'de yemek yenecek en iyi yerlerden birisi Happy Moon's.
1,GÃ¼nÃ¼n her saatinde gelinebilir.
1,Servis hÄ±zlÄ± sayÄ±lÄ±r mekan dekorasyonu gerÃ§ekten gÃ¼zel.
0,Gelen kahveler de maalesef sogumustu.
0,Abartildigini dÃ¼sÃ¼nÃ¼yorum.
0,Getirilen patates kizartmasi iÃ§in kullanilan yag kaÃ§inci kere kullanilmissa Ã¼zerinde siyahlasmis yag kalintilari vardi ve patatesler birakin Ã§itir olmayi hamur gibiydi.
0,Domates/salatalik sÃ¶gÃ¼s beklemekten pÃ¶rsÃ¼mÃ¼stÃ¼.
0,Etrafta kaotik bir hareketlilik yasanmasi yediginizden keyif almanizi zorlastiriyor.
1,BayÄ±ldÄ±ÄŸÄ±m bir yer mekan Ã§ok hoÅŸ her mezeyi tatmak gerekli evet keÅŸke fiyatlar daha insani boyutta olsa muhteÅŸem olurdu ama ne yapayÄ±m o kadar keyif alÄ±yorum ki verdiÄŸimiz para can acÄ±tmÄ±yor sadece daha seyrek gitmemize sebep oluyor ortam yemekler ve mÃ¼zik herÅŸey harika
1,nadir gÃ¼llÃ¼oglunun yeri gÃ¼zel bakimli ve taze lezzet sunuyor sadece bana Ã§ok sekerli geliyor damak tadimdan kaynaklanabilir hepsini genelde denedim fistikli baklava gÃ¼zel
1,MekanÄ±n iÃ§ine cidden emek harcandÄ±ÄŸÄ± her halinden belli.
1,"Ne kadar yoÄŸun olursa olsun, servis hÄ±zlÄ± yenilen her ÅŸey Ã§ok lezzetli."
1,PastÄ±rmalÄ± yumurta konusunda hala gÃ¶nlÃ¼mÃ¼n tek sultanÄ±dÄ±r SÃ¼tiÅŸ.
0,Hasan KolcuoÄŸlu Ã§ok pahalÄ± diyemem ama hesap yÃ¼ksek sayÄ±lÄ±r; ayrÄ±ca sÃ¶zde aÃ§Ä±k ama aslÄ±nda kapalÄ± alanÄ±nda sigara iÃ§iliyor.
1,"Mezeler Ã§ok Ã§eÅŸitli ve lezzetli, metrelik kebabÄ± da gÃ¼zel, o da gayet lezzetli fakat mecburen fix menÃ¼ alÄ±nÄ±yor."
0,"Para Ã¶deyip istediÄŸini yiyememek biraz gereksiz israfa sebep oluyor, bence deÄŸiÅŸmeli"
1,mantÄ±sÄ± ficcini zeytinyaÄŸlÄ± mezgiti ile cok guzel yer.
0,ama meyhane kismina bir kere oturdugumuzda arkadaslarimizi bekliyorduk zorla 10 tane meze getirdiler eger meze istemiyorsak oturamayacagimizi soylediler.
1,Anadolu Yakasi'nda kebap yenebilecek en iyi ve en nezih yerlerden birisi.
1,Yemekleri ve ozellikle ara sicaklari cok lezzetli.
1,Servis cok hizli.
1,Calisanlar guleryuzlu.
1,Cerkez yemekleri sevenler icin guzel bir tercih .
1,"Ozellikle mantisini cok begenmistim, mezeleri vs lezzetliydi ."
0,"Sadece son gittigimde calisanlarin muamelesinden hic hosnut kalmadim, bu konuda daha dikkatli olmalilar."
1,Mekan dekorasyonu Ã§ok baÅŸarÄ±lÄ±.
1,Mezeler oldukÃ§a gÃ¼zel ve Ã§eÅŸitli.
0,Ancak balÄ±klara gelince bir durdum.
0,BildiÄŸin Ã§iftlik balÄ±ÄŸÄ± geldi.
0,Daha lezzetli bir ana yemek bekliyordum aÃ§Ä±kÃ§asÄ±.
1,"Etler gÃ¼zel, eti az ama Ã¶z piÅŸiren nadir yerlerden:"
0,Arkadasim begendili tavuk yedi o da ayni seyi yasadi.
1,YediÄŸim en iyi sahanda yumurta.
1,YumurtanÄ±n neyi gÃ¼zel demeyin.
1,"KavurmalÄ± efsane, saÃ§ma demeyin yanÄ±nda bakÄ±r kapta ayranÄ± da iÃ§in."
0,Bize bakan garson yuksek ses ile siparis almasi ayri bir entresan...
0,eskiden daha iyiydi.
0,fiyatlar asiri uÃ§mus.
0,artik lezzete degil popÃ¼lerligine gidiliyor.
1,"Konum olaral harika , lezzet olarak iyi ancak gerÃ§ekten servis her gidiÅŸimde aynÄ± kÃ¶tÃ¼lÃ¼kte hiÃ§ Ã¶dÃ¼n vermiyorlar bu konuda."
0,Birinin bu sorunu Ã§Ã¶zmesi gerekir
1,"SÄ±cak, samimi ve iÃ§ten kÃ¼tÃ¼k ev cafe ..."
1,Serpme kahvaltÄ±larÄ±n vazgeÃ§ilmezi oldu bizim iÃ§in haftasonu buraya gelip keyifli vakit geÃ§irebilirsiniz.
1,"Paket olarak dÃ¶nerlerini aldÄ±m, Ã¶zenle paketlenmiÅŸti, uzun bir yolculuk yapmÄ±ÅŸ olmama raÄŸmen aÃ§tÄ±ÄŸÄ±mda hala sÄ±caklÄ±ÄŸÄ±nÄ± koruyordu."
1,Malzemeden kÄ±sÄ±lmamasÄ± ve etinin lezzeti beni Ã§ok memnun etti.
0,"Bir gun once ayni saatte oglen menusu getiren garson, bir gun sonra kustahca ""dun insiyatif alip getirdim ama bundan sonra vermem olur biter"" diyerek getirmedi."
0,"Kesinlikle gitmeyin, muamele cok kotu."
1,Iftardan sonra Ã§ay veya kahve keyfi yapmak iÃ§in ideal bir yer.
1,"Hem bogazin huzuruyla kendinizi dinlendirebilir, arkadaslarla koyu bir sohbetle uzun saatlerce oturabilir ve canli mÃ¼zik esliginde keyfinize keyif katabilirsiniz."
1,Ozellikle begendilerine kattiklari damla sakizi o kadar hos bir aroma veriyor ki anlatamam.
1,Baslangiclarinin bir cogunu denedik hepside enfes.
1,Tatli olarak sufleyi tercih ettik ve ona da bayildik.
1,Mukemmel.
0,Tek eksik olarak etin orta pisimisini istememize ragmen cok pismis bir et ile karsilastik.
1,YÄ±llardÄ±r dizaynini aynen koruyan uskudardaki muhteÅŸem yemekleri olan esnaf lokantasi.
0,Esnaf lokantasi na gÃ¶re fiyatlarÄ± pahali ve kredi kartÄ± geÃ§miyor.
1,Ancak yemekleri gerÃ§ekten Ã§ok lezzetli.
1,tatlilardan da irmik helvasÄ± ve fÄ±rÄ±nda sutlaci Ã¶neririm.
1,YÄ±llardÄ±r Ä°stanbul'daki favori pizzacÄ±m.
1,Ben gittiÄŸimde bir pizzayÄ± hiÃ§ bir zaman kendim bitiremiyorum.
1,Birden Ã§ok pizza denemek adÄ±na pizzanÄ±n iki yarÄ±sÄ±nÄ± farklÄ± yaptÄ±rÄ±n derim.
0,Servis porsiyonlar Ã§ok Ã§ok kÃ¶tÃ¼.
1,Nerde Bebek ÅŸubesi nerde burasÄ± tek gÃ¼zel yanÄ± caddenin bir arka sokaÄŸÄ±nda yeÅŸilliklerin iÃ§inde bahÃ§esinin olmasÄ±
0,Turk kahvesÄ±nÄ±n Ä±cÄ±nden kocaman bÃ¶cek Ã§Ä±ktÄ±.
0,KahveyÄ± bÄ±tÄ±rdÄ±ÄŸÄ±nÄ±zde dÄ±bÄ±ndekÄ± bocekle karsilasiyorsunuz!
0,Yemekleri hesap edin artÄ±k!
0,Bir daha asla!
1,Nedendir bilmiyorum ama burayÄ± Ã§ok seviyorum.
1,Lynchburgleri Ã§ok gÃ¼zel.
0,"Otur , 0 !"
0,"AlkollÃ¼ iÃ§ki almadiginiz bir restda adam basi 80/90 tl hesap cookk fazla ,Ã¼stelik gayet az yedik ."
1,Manzara gÃ¼zel.
0,Kurucesmede olmasÄ±na raÄŸmen pek bir derme catma mekan.
0,SÄ±kÄ±ÅŸ SÄ±kÄ±ÅŸ yerlestirilmis masalardan dolayi ortam Ã§ok ugultulu maalesef.
0,Ã‡ok daha keyifli bir yer olabilirdi.
0,O gÃ¼rÃ¼ltÃ¼ ortamdan sonra tekrar gidecegimi sanmÄ±yorum.
0,"Ä°thal peynir tabaÄŸÄ±ndaki peynirler Ã§ok yetersiz, Ã§oÄŸu ithal bile deÄŸil."
0,BÃ¶ylesi bir mekan iÃ§in fiyat ortalamanÄ±n Ã¼stÃ¼nde kalmÄ±ÅŸ.
1,AÃ§Ä±k ortamda yemek isteyenler iÃ§in gÃ¼zel bir ortam.
1,BahÃ§esinde sakince yemeÄŸinizi yiyebilirsiniz.
1,Kuzu sisleri ve lahmacunlari guzeldi...
0,Serviste aksamalar var.
0,garsonlar sÃ¼rekli bir ÅŸey dÃ¼ÅŸÃ¼rÃ¼yor...
1,"Merkezi konumu ve geniÅŸ menÃ¼sÃ¼ nedeniyle KadÄ±kÃ¶y'de Ã§ok tercih edilen, Ã§oÄŸu zaman dÄ±ÅŸarÄ±da yer bile bulamayacaÄŸÄ±nÄ±z mekan."
0,Fakat son iki gidiÅŸimde Ã§ok pahalanmÄ±ÅŸ buldum.
1,Tuzla balÄ±kÃ§Ä±sÄ±nÄ±n kÃ¶klÃ¼ mÃ¼ÅŸterisiyimdir.
1,Ä°lk aÃ§Ä±ldÄ±ÄŸÄ± gÃ¼nden bu gÃ¼nÃ¼ne gelir giderim.
1,FiyatlarÄ± gayet uygun olan yer bulmanÄ±n bir o kadar zor olduÄŸu ÅŸirin bir dÃ¼kkandan buralara kadar kÄ±sa bir sÃ¼rede gelmiÅŸ bir mekanÄ±mÄ±zdÄ±r.
0,Ama maalesef eski lezzet mi?
0,Mekan ne kadar Ã§ok bÃ¼yÃ¼dÃ¼yse kalite o kadar dÃ¼ÅŸtÃ¼.
0,Ah be Sezgin Abi eski lezzetine hasretiz
1,beÅŸiktaÅŸa otobÃ¼sle zincirlikuyudan geldiÄŸinizde gÃ¶zÃ¼nÃ¼ze direk Ã§arpan bir mekan.
1,pideleri iyi hizmetide bence Ã¼st kat terasÄ± Ã§ok daha iyi bÃ¼tÃ¼k kalabalÄ±k gÃ¶zÃ¼nÃ¼zÃ¼n Ã¶nÃ¼nden akÄ±yor resmen hemen yanÄ±ndaki aÄŸaÃ§ ilede farklÄ± bir hava katÄ±yor
1,Bahariyede gezerken yemek yemek icin buraya gelebilirsiniz mekan guzel sik menu de cesitli gayet.
1,Cookshop diyince aklima ilk gelen Magnolia oluyor.
1,Buraya gelipte bu tatliyi denemeden gitmeyin.
1,"Makarnalardan patlicanli,zeytinli penne guzel."
0,Arkadasim lasagne yedi ama pek begenmedi.
0,Servisin gelistirilmesi gerek siparis almaya gec geliyorlar.
0,Sadece adi num num - Hem Gmall hem Kanyon denedim ama olmadi.
1,"Yemekler basarisiz, menÃ¼ zengin, servis de basarili ama ilk aÃ§ildigindaki lezzet kalitesini bozdu."
1,Kurufasulye ve SÃ¼tlaÃ§ - SÃ¼rekli gittigim yerlerden biri.
1,"Tereyagini da manzarayla karistirinca, yeme de yaninda yat..."
1,Bir de Ã¼zerine bolca findik dÃ¶kÃ¼lmÃ¼s firin sÃ¼tlaci yedin mi daha ne olsun.
1,Ideal...
1,- Tuzla sahilinde kafede oturup bir seyler iÃ§mek iÃ§in ideal bir yer.
1,KÃ¼nefesi dÃ¼sÃ¼ndÃ¼gÃ¼mden gÃ¼zelmis.
1,Bir Hatay kÃ¼nefesiyle kiyaslamasam tabi ki ama lezzetliydi.
1,"Ã‡ayi, sahlepi, kÃ¼nefesi ve dondurmasi Ã¶nerilebilir."
0,Limonatasi ev yapimi deniyor hatta iÃ§inde nane yapragi vs. dÃ¼z limonata gelince sorduk nane yapragini su anda yok dediler.
0,Biz sormadan getirdigimizde bilgilendirmesi lazimdi.
1,Yine de Tuzla'da ugrak olunabilecek bir mekan.
1,Hele kebaplari enfes.
1,Sabahlari ise 100 Ã§esit kahvaltisiyla essiz manzara birlesince insani rahatlatmaya yetiyor.
1,"GÃ¶rÃ¼lmesi gereken, kaliteli bir yer;)"
1,DÃ¼n ailece essiz lezzetleri tatdigimiz Mabeyn deydik.
1,Tatlilar muhtesemdi.
0,Hesap gelene kadar tadimizda Ã§ok iyiydi.
0,342 TL Ã§ok fazla.
0,IÃ§ki servisi kaldirilmis olmasi garibime gitti aÃ§ikcasi.
1,Degisik pide tÃ¼rleri caniniz Ã§ekiyorsa denenebilir.
1,ama Ã§ok pide yemeyenler iÃ§in gÃ¼zel diyebilirim.
0,Ã§orbasi soguk geldi.
0,Tadi pek yoktu.
1,Besiktas ta merkezi yerde.
0,Fakat yemekleri baya standart hatta bazÄ±larÄ± bi hayli kotu...
1,Tavsiye edebileceÄŸim tek ÅŸeyi dondurmasÄ± olur sanÄ±rÄ±m.
0,Bir paket Ã§ay alabildiÄŸim Ã¼crete daha iyi bir ÅŸey beklerdim.
1,TatlÄ±larÄ± iÃ§in gelinebilir.
1,"Miss Pizza ""Ã§ok iyi"" olmasa da Ä°stanbul'da en iyiler arasÄ±nda sayÄ±labilir."
0,"DÄ±ÅŸarÄ±da yer vermiyorlar, iÃ§erisi boÅŸken yerimiz yok diyorlar, Ã–ÄŸlen 12'den biraz Ã¶nce gidince daha aÃ§Ä±lmadÄ±k diyorlar vb..."
0,YemeÄŸi fena olmasa servisi nedeniyle hayatta uÄŸramayacaÄŸÄ±m yer.
1,PizzalarÄ± gayet doyurucu ve Ã§eÅŸitli.
1,DeÄŸiÅŸik tatlarÄ± tatmak isteyenler iÃ§in iyi bir alternatif.
1,Ã–zellikle kabaklÄ± pizzasÄ± gayet baÅŸarÄ±lÄ±.
0,Servis konusunda ise ciddi sÄ±kÄ±ntÄ±larÄ± olduÄŸunu dÃ¼ÅŸÃ¼ndÃ¼ÄŸÃ¼m bir yer.
0,Her seferinde mutlaka bir problemle karÅŸÄ±laÅŸÄ±yoruz.
0,Ã‡alÄ±ÅŸanlar gerÃ§ekten burnundan kÄ±l aldÄ±rmÄ±yor.
0,Ã‡ok defa geri dÃ¶nmÃ¼ÅŸlÃ¼ÄŸÃ¼m de vardÄ±r.
1,Manzara konum Ã§ok Ã§ok gÃ¼zel.
1,"Fiyatlar yÃ¼ksek ama gerÃ§ek boÄŸazda balÄ±ÄŸÄ±n bedeli var, ambians ve konum dolayÄ±sÄ± ile fiyatlara laf sÃ¶ylemek doÄŸru deÄŸil."
1,BoÄŸazda balÄ±klÄ± romantik akÅŸam yemeÄŸi iÃ§in ...
0,Once kirk saat istegimiz soslari bekledik cunku tum soslar baskalari tarafindan kullaniliyordu.
0,Sorum su ki alti ustu bir mayonez ne kadar bulunmasi zor olabilir ya da maliyeti nedir ki bu kadar az alinir?
0,Yemege gelince ise tatsiz tutsuz bir yemekti begenmedik.
0,Yemek bitince hadi kalkin tavirlarina girildi.
0,Ozetle uzatmadan musteriye yoluncak kaz gozuyle bakilmaktadir.
0,Bendemi var bir hoÅŸnutsuzluk anlamadÄ±m.
1,"Bereketli bir mekan hafta iÃ§i,cumartesi kuyruk kapÄ±da."
0,Lakin bir kez soÄŸuk gelen Ã§orbayÄ± garsona sÃ¶ylediÄŸimde hiÃ§ oralÄ± olmadÄ±.
1,Bence orada en leziz olan lavaÅŸ.
0,DÃ¶neri Ã§ok beni sarmadÄ±.
1,"Yemek Ã¶ncesi ikramlar, garsonlarÄ±n ilgisi ve servis hÄ±zÄ± gÃ¼zeldi."
0,Ama dÃ¶neri methedildiÄŸi kadar deÄŸilmiÅŸ.
0,Bu lezzetlere gÃ¶re uygÄ±lanan fiyatlarda pahalÄ± bence.
0,Manzara parasÄ± eklenmiÅŸ yiyeceklerin Ã¼zerine
1,Zeytinyagli yemekleri cok basarili ve her yerde olan klasik yemekler yerine farkli tatlar var.
1,Oldukca da bol kepceden hizmet veriyorlar ve 5cesit zeytinyagli icin 13-14tl oduyorsunuz.
1,ManzarasÄ± sÃ¼per.
1,GerÃ§ekten Ã§ok gÃ¼zel bir konumda yer alÄ±yor.
1,Servisi hÄ±zlÄ±.
1,Ne zaman gitsek gÃ¼ler yÃ¼zle ayrÄ±lÄ±yoruz.
1,KÃ¶fteleri de lezzetli.
1,Taksimin kalabalik dar sokaklarindan kucucuk bir kapidan girip ulastiginiz yemyesil bir bahce adeta kucuk bir supriz :
1,) biz burayi cok sevdik cok romantik cok tatli.
0,Tek kusuru masalar biraz yakin birbirine.
1,Kirmizi limonata ve limon vitamin tercih ettik ve ikisine de bayildik.
1,Mutlaka gelin gorun.
1,Manzarasi mukkemmel denize sifir olmasi sebebiyle.
1,Bahcesi huzurlu.
0,Ä°cerisi icin ayni seyi soyleyemiycm temiz bulmuyorum.
0,Self servis olayi sÄ±kÄ±cÄ±.
1,Bir yandan iyi pesinizde dolanan garsonlar yok.
1,Girip hava almak icin oturabilceginiz br yer.
1,"Ã‡ok kalabalÄ±k olduÄŸundan pek sohbete uygun deÄŸil, ancak mekan gayet gÃ¼zel, iÃ§ kÄ±sÄ±m Ã§ok gÃ¼zel kokuyor."
0,Ama kalabalÄ±k ve gÃ¼rÃ¼ltÃ¼den dolayÄ± Ã§ok fazla duramadÄ±k.
0,Eski performansini ariyoruz - Baslarda mÃ¼ptelasi oldugum ama son zamanlarda kalitesi oldukÃ§a dÃ¼sen bir mekan.
1,En iyi konumlu Ã¶gretmenevi!
1,"Toplamda 4 salon ve bir kafeteryadan olusan tesiste uygun fiyat hizmet almak ve 4 ayri salonda dÃ¼gÃ¼n, nisan, okul yemegi, toplanti gibi organizasyonlar gerÃ§eklestirmek mÃ¼mkÃ¼n."
0,"Cok kalabalik oldugu icin servis de aksiyor tabii, calisanlar bikkin."
0,"Bir kere gittim, bir daha gitmem."
1,Hani sizi keyifli sohbet ortamlari ile bÃ¼tÃ¼nlestiren ve ardindan damakta biraktigi Lezzet ile mÃ¼davimi yapan yerler vardir!
1,Pazar kahvaltilari benim IÃ§in mabeyin'dir.
0,Namini duyup gittigim yerlerden ama mezeler gelince ortada nam falan kalmadi malesef.
0,Ayrica sacma sapan hesapta gelip sonrasinda bahsisle calisan valenin para diye tutturmasida cabasi.
0,Begenmedim malesef.
0,"Bize mi denk geldi bilmiyorum ama, uzun zamandÄ±r yediÄŸim en kÃ¶tÃ¼ yemeÄŸi burada yedim, Ã¼stÃ¼ne servis de Ã§ok Ã§ok kÃ¶tÃ¼ydÃ¼."
0,MenÃ¼nÃ¼n hiÃ§ bir Ã¶zelliÄŸi yok.
0,"Birbirinin kopyasÄ± olan, standart kafe yemekleriyle mÃ¼ÅŸteri kazÄ±klamaya Ã§alÄ±ÅŸan tipik yerlerden biri."
0,( 4 tarafÄ± cam olduÄŸu iÃ§in yeterince Ä±sÄ±tamÄ±yorlar.
1,YÄ±lbaÅŸÄ± iÃ§in 100 liraya sÄ±nÄ±rsÄ±z yabancÄ± alkollÃ¼ bir etkinlikleri olmasÄ± da Ã§ok gÃ¼zel :
0,SÃ¼rekli kalabalÄ±k olan bir mekan.
1,KadÄ±kÃ¶ydeki gÃ¶zde mekanlardan biri
1,Ã‡ay denilince akla ilk gelen yer:
1,)) 60'a yakÄ±n Ã§eÅŸitte Ã§aydan birini mutlaka seviceksiniz:
1,) ben karamel aramalÄ± Ã§ayÄ± Ã§ok sevdim adÄ±nÄ± hatÄ±rlamasamda siz iÃ§inde karamel var dediÄŸinizde tek gelicek o olucaktÄ±r:
1,)) mekan inanÄ±lmaz keyifli iÃ§erdeki koltuklardan kalkmak istemiyor insan:
1,Kesinlikle verdiÄŸim puanÄ± hakeden bir mekan.
1,KÃ¼Ã§Ã¼k ÅŸirin bir konsepte sahip.
1,Pizza Fagotto favori lezzetim ve daha iyisini yiyene kadar benim iÃ§in en iyi pizza bu.
0,DÃ¼sen kalite - Eskiden ne Ã§ok severdim patlicanli gÃ¼veÃ§ kebabini...
0,Yakinlarda gittim servis berbat.
0,"Fiyat yÃ¼ksek, kart geÃ§miyor..."
1,Yine de sorbe dondurmasi gÃ¼zeldir.
1,KÄ±sÄ±klÄ±'ya yakÄ±n olan mekanÄ±n Åatobiryan isimli etini deneyin.
1,Ã–zel bir sunumla masanÄ±za geliyor.
1,Bir de mantar Ã§anaklarÄ± denenebilir.
1,"Harika manzara, gÃ¼zel lezzetler - Manzarasi ve yiyecekleri son derece gÃ¼zel, her Ã§esit yiyecek mevcut ve son derece lezzetli fiyatlari ise Ã§ok Ã§ok uygun."
1,Halka aÃ§ik olmasi ise son derece gÃ¼zel.
0,Hisarustu'ndeki en genis mekan olmasina ragmen ferah bir yer degil.
1,"Kalabalik gruplar icin uygun, bu acidan buyuk avantaj sagliyor."
1,Belli bir saate kadar bistro seklinde olusu da guzel.
0,Ilk kez kÄ±s gecirmesinden midir bilmem ama su da akiyordu tepemizden.
1,"Kendi biralarindan denenmeli, guzel biralar vardi."
1,Isterseniz denemek icin farkli biralardan kucuk bardaklarda alabiliyorsunuz.
1,"Keyifli bir ortam ve cok da kalabalik degildi, tavsiye edilir"
1,"Alkol Ã§eÅŸitliliÄŸi, yemekleri, dekorasyonu, barmeni, mÃ¼ÅŸteri profili olarak benim iÃ§in KadÄ±kÃ¶y'dekl en iyi mekandÄ±r."
1,"Ã‡alÄ±ÅŸanlarÄ±n, iÅŸletmecinin hatta sahibinin misafirperverliÄŸi ve samimiyetini baÅŸka bir mekanda bulabileceÄŸinizi sanmÄ±yorum."
1,Her daim gidilebilecek bir mekan.
1,KadÄ±kÃ¶y'Ã¼n kemik mekanÄ±.
1,Hep klasik kaliteyi bulabilmeniz mÃ¼mkÃ¼n.
1,Hafta sonu kahvaltÄ±sÄ± iÃ§in de gÃ¶nÃ¼l rahatlÄ±ÄŸÄ±yla tercih edebileceÄŸiniz bir mekan
1,Ramazan ayÄ±nda gitme fÄ±rsatÄ± buldum yeÅŸillik iÃ§inde hoÅŸ ve dÃ¼zgÃ¼n bir mekan.
1,Ä°ftar Ã¶ncesi ve sonrasÄ±nda gÃ¼zel mÃ¼zik ziyafeti sundular.
0,Esas konumuz olan yemeklere gelince Ã§ok pozitif olamaycaÄŸÄ±m.
0,ben aynÄ± fiyatlara Ã§ok daha lezzetli yemekler yiyorum bu ÅŸehirde.
0,"Telefonla aradÄ±ÄŸÄ±mda rezervasyon alamÄ±yoruz deyip, oraya gittiÄŸimde istediÄŸim masaya ""orasÄ± rezerve beyefendi"" diyerek oturtmayan, insanlarÄ± gÃ¶rÃ¼nÃ¼ÅŸÃ¼ne gÃ¶re aÃ§Ä±kÃ§a tersleyen ukala ve sevimsiz garsonlara sahip."
0,Big Chefs isminin verdiÄŸi gÃ¼ven ve muhitinde rakibi olmamasÄ± yÃ¼zÃ¼nden sÃ¼rekli dolu olabilir ama bÃ¶yle giderlerse Ã§ok mÃ¼ÅŸteri kaybederler.
1,Mekan tasarÄ±mÄ± iyi.
1,Ikisi de birbirinden lezzetli.
1,Hatta sanirim hayatimda yedigim en lezzetli Tavuk GÃ¶gsÃ¼'nÃ¼ yedim.
1,) Bu arada hizli servis iÃ§in tesekkÃ¼r ediyoruz.
1,Tatli krizi ancak bÃ¶yle sahane bastirilabilirdi.
1,mekan emniyet mah cafe ve restorant olmak sartiyla iki bÃ¶lÃ¼mden olusuyor her ikisinide denedim gayet genel itibari ile gÃ¼zel bir mekan kuzu bonfilesi gÃ¼zeldi ilgi normaldi Ã§ok kalabalik bir mekan iÃ§ecekler genel olarak gÃ¼zeldi giriste mini sarkÃ¼teride alisverise isik tutuyor gÃ¼zeldi fiyatlar birazcik fazla
0,gerÃ§ekten bir Ã¶zelligi olmayan Ã§esidi bol konumu itibari ile talep gÃ¶ren Ã§ok sikisik havasiz normal bir mekan fiyatlar hayli yÃ¼ksek sÃ¼per bir Ã¶zelligi olan bir yemegi varsa sÃ¶yleyin arkadaslar
0,Servisi ve yemekleri bu kadar kÃ¶tÃ¼ restorant bulmak istanbulda zor olsa gerek.
0,"Yenmeyecek kadar kÃ¶tÃ¼ kebaplari, ukala garsonu ve en lÃ¼ks restoranda Ã¶deyecegini alkollÃ¼ yemek fiyatiyla karsilasirsiniz."
0,Belediye bu isletmenin ruhsatini acil olarak iptal etmelidir.
1,Herseyi birakin manzarasi yeter zaten.
1,Denize sifir hatta oyle ki gecen gemilerden dolayi olusan dalgalar sizi islatir mi acaba diye bir korkuya kapiliyorsunuz ;) kahve ic manzarayi yani bogazi seyret yetti de artti bile.
0,O da eÄŸer yer bulabilirseniz.
0,Ã‡alÄ±ÅŸanlarÄ± Ã§ok kaba.
0,Sizi saatlerce sÄ±rada bekletip Ã¶nÃ¼nÃ¼ze baÅŸkalarÄ±nÄ± alabiliyor.
1,Passion fruit'lu dondurmasÄ± ve iÃ§eceÄŸini beÄŸendim.
1,"Bu arada porsiyon da oldukÃ§a bÃ¼yÃ¼k, iki kiÅŸiye rahatlÄ±kla yeter."
1,Tam anlamiyla harika bir mekan ic mekan konseptiyle tam kis mevsimine uygun ozellikle kisin kahvalti icin guzel bir mekan ariyorsaniz buraya bi ugrayin derim
0,Ã–zellikle gÃ¼zel bir havada gidiyorsanÄ±z deniz kÄ±yÄ±sÄ±ndaki masalarÄ±nda oturmak iÃ§in epey bi sÄ±ra bekleyebilirsiniz.
1,"Mekan kÃ¼Ã§Ã¼k ama ÅŸirin, aÅŸk-Ä± memnu'yu daha Ã¶nce hiÃ§ bitiremedim ama gerÃ§ekten Ã§ok gÃ¼zel bir tadÄ± var."
0,"Servis sÄ±kÄ±ntÄ±lÄ±ydÄ±, sevemedim."
0,Ä°Ã§erisi biraz yemek kokuyordu ve Ã§alÄ±ÅŸanlarÄ±nda gereksiz bir negatif enerji vardÄ±.
1,Fiyatlar gayet uygun.
0,Bu civarda gÃ¼zel kahvaltÄ± edilecek yerlerden diye girdik ama durum pek Ã¶yle olmadÄ±.
1,Menemeni gÃ¼zel denebilir.
0,Ama kahvaltÄ± seÃ§enekleri zayÄ±f zira fotoÄŸraftaki sÃ¶zde zengin kahvaltÄ± tabaÄŸÄ± karar sizin.
0,Zengini buysa normali nasÄ±l olur.
0,Ã‡ok Ã¶vÃ¼lÃ¼p merak ettiÄŸimiz ama yine piÅŸman olduÄŸumuz bir yer.
0,Bu kadar popÃ¼lersin o kÃ¶tÃ¼ durumdaki mekanÄ± tadilattan geÃ§irmek Ã§ok mu zor.
0,AdÄ±yla meÅŸhur menemen yiyeyim dedim domates kabuÄŸu ayÄ±klamaktan hiÃ§bir ÅŸey anlamadÄ±m.
0,O kabuklarÄ± soymak ne kadar zor ki?
0,Sucuklu yumurtasÄ±nda da sucuklar fazla piÅŸmiÅŸti.
1,HerÅŸeyine kefil OlduÄŸum bir mekan.
1,GarsonlarÄ±ndan aÅŸÃ§Ä±larÄ±na kadar Ã§ok iyiler burada yediÄŸiniz yemekler ve tabaklarÄ±n taklidi bulabilirsiniz ama bu tadÄ± baÅŸka yerde bulamazsÄ±nÄ±z kardeÅŸler keep calm and eat from Happy Moons
1,"AdÄ± Ã¼zerinde ""menemeni"" ile Ã¼nlÃ¼, sÄ±cak, samimi, esnaf restoranÄ±."
1,"Menemeni leziz, balÄ± enfes ama Ã§ayÄ± iÃ§in olumlu bir yorum yapamayacaÄŸÄ±m."
1,KarÅŸÄ±sÄ±nda da lokantasÄ± bulunuyor ama ben size derim ki gidin menemen ve bal kaymakla gÃ¼zel bir kahvaltÄ± yapÄ±n.
1,"Fiyatlar da gayet uygun, ortalamanÄ±n altÄ±nda."
1,"Pideleri Ã§eÅŸitli, daha Ã§ok Karadeniz pidesi tÃ¼rÃ¼nde."
0,Happy moon's larÄ±n yÃ¼z karasÄ±.
0,Ã‡alÄ±ÅŸanlar Ã§ok kÃ¶tÃ¼.
0,Lezzet sÄ±fÄ±r.
0,MenÃ¼de alkol bulundurmayan tek gereksiz happy moon's.
0,OlduÄŸu sokaktaki siz masada yemek yerken ki yanÄ±nÄ±za yapÄ±ÅŸanlarla da mÃ¼cedele edemesi cabasÄ±.
1,Kis aylarinda tercih sebebi - Ã–zellikle kisin bu kÃ¼tÃ¼k evde sahlep iÃ§mek oldukÃ§a gÃ¼zeldir.
1,Aparatifleri de aÃ§liginizi yaristirmak iÃ§in birebirdir.
1,Nargilesi de mevcut olan mekan genelde hep doludur.
1,Kuru fasÃ¼lye iÃ§in tercih etmek gerek diye dÃ¼sÃ¼nÃ¼lsede tereyagli pilavi Ã§ok daha dogal.
1,Bu lezzetlerin yaninda verilen kÃ¼Ã§Ã¼k aci biberler bence sofranin favorisi.
0,((( hayal kirikligi - Uzunlar'a ilk gittigimdeki tadi ikinci gidisimde bulamadim...
0,"((( Mekanin kalabalik olmasindan mi kaynakliydi bu dikkatsizlik anlam veremedim, bu kadar Ã¶vgÃ¼ almasina ragmen bÃ¶yle olumsuz bir durum ilginÃ§ geldi."
1,Seyir terasi - Istanbul'u seyretmenin en Ã§ok keyif verdigi yerlerden biridir.
1,Manzarasi sakinlestirir ve huzur verir.
1,Personel ilgilidir.
1,Burada kendinizi kÃ¶tÃ¼ hissetmezsiniz ve mutlu ayrilirsiniz.
1,"Lezzetli yemekler, rahat ortam ve uygun fiyatlar."
0,Tek sorunu ulaÅŸÄ±mÄ± birazcÄ±k sÄ±kÄ±ntÄ±lÄ±.
0,Ã–zel aracÄ±mÄ±zla nereden gireceÄŸimizi pek kestiremedik ancak 10 dakikalÄ±k bir Ã§aba sonununda mekana ulaÅŸtÄ±k.
1,YemeÄŸin ardÄ±ndan cafe ortamÄ±na devam edebilirsiniz.
1,"AynÄ± zamanda Tavla, okey gibi oyunlarÄ± da oynayabileceÄŸiniz bÃ¶lÃ¼mleri var."
1,Gayet kullanÄ±ÅŸlÄ± ve uygun.
1,YazÄ±n daha da gÃ¼zel olan mekan.
1,en sevdÄ±gÄ±m big chef ÅŸubesi arkadaÅŸlarÄ±nÄ±zla keyifli zaman geÃ§ireceÄŸiniz bu mekan gÃ¶ksunun incisi tekrar gidiceÄŸinizden emin olabilirsiniz
0,Pek sevmedim acikcasi.
0,Guler yuz yok.
0,Gurultulu ve aksam saatlerinde oldukca kalabalik oluyor.
1,OturduÄŸunuz sÃ¼rece sÃ¼rekli patlamÄ±ÅŸ mÄ±sÄ±r getiriyorlar.
1,DurmazsanÄ±z bir saat iÃ§inde yaklaÅŸÄ±k 10 kase falan yiyebilirsiniz.
1,AyrÄ±ca en son Premier League maÃ§larÄ±nÄ± da veriyorlardÄ±.
1,"Kuru fasulyenin lezzetine diyecek sÃ¶z yok, fiyatlar da makul sayÄ±lÄ±r ancak mekan dÃ¼ÄŸÃ¼n salonundan bozma."
0,En nihayetinde kuru fasulyeci ancak ortam daha zevkli hale getirilebilir.
0,Ben farkli zamanlarda gittim ama mekanin kimligi enerjisi bana hitap etmiyor...
0,Mutlaka mÃ¼davimleri vardir ama beni Ã§ekmiyor.
1,Konum olarak aslinda Ã§ok gÃ¼zel bir yerde.
0,Belki mekanin Ã¼st kisminda otursaydik bÃ¼yÃ¼k bir ihtimal manzarada vardir ama biz maalesef otoparkta oturdugumuz iÃ§in arabadan ve agaÃ§tan bir sey gÃ¶remedik.
1,Manzarasi iÃ§in giderim diyorsaniz denenebilir.
0,"IÃ§i gayet sikici, kredi karti geÃ§erli olmayan, Ã§orbayi kase yerine dÃ¼z tabakta servis eden, personeli asik suratli, etlerin sadece bir parÃ§a olarak geldigi ve neden bu kadar meshur oldugunu anlayamadigim gereksiz bir yer."
0,"Son derece kotu servis, anlatilamayacak kadar hizmet sekorunden uzak, baska bir dunyada personel."
0,Bir kebapci icin olmazsa olmaz olan iyi servis ve guleryuzlu ilgili personeli burda hayal bile etmeyin.
0,"Servis de personel de koca bir ""0"""
0,servis yavastu .
0,garson a nie yavas oldugunu sordugumda 500 kisi var normaldir cvbini aldim.
0,kesinlikle tercih etmicem bi daha
0,"normal - Pizzalari yeterince ince ama spesifik bir tadi eksik,mekan olarakta cok ozel olmadigindan gidilmesine gerek olmayan bir yer kanimca."
0,Rezalet otesi bir mekan.
0,Cok kaba saba garsonlari ve hizmeti olan dandik bir mekan.
0,"Manzarasi disinda tirt, sunumu da berbat gercekten."
0,Tatli yemek istedik kalkin baska yere oturun dedi terbiyesizler.
1,Ä°stanbulun en iyi dÃ¶nerini yapÄ±yorlar.
1,Ancak servis harika 250 kiÅŸilik dÃ¼kkanda herkese yetiÅŸiyorlar.
1,"DÃ¶nerin yanÄ±ndaki patates, salata bile sÃ¼per."
1,HavuÃ§ dilimi tatlÄ± da denenebilir.
0,Tek eksik ayranÄ± kendilerinin yapmamasÄ±.
0,BÃ¶yle bir yer iÃ§in el yapÄ±mÄ± ayran ÅŸart.
1,"Mekan Ã§ok gÃ¼zel, menÃ¼de 10larca seÃ§enek var ama malesef yemekler lezzetli deÄŸil."
0,BÃ¼yÃ¼k porsiyonlar anca bir normal porsiyon olduÄŸunda kÃ¼Ã§Ã¼k pizzalari tavsiye edemem.
1,Ortam olarak baya kÃ¼Ã§Ã¼k bir dÃ¼kkÃ¢n ve ortakÃ¶ye uygun.
0,Hamur biraz fazla inceydi ve peynir daha bol olabilir.
0,Domates sosu malesef Ã§ok zayif kaldi ve pizzanin seviyesini dÃ¼ÅŸÃ¼rÃ¼yor.
0,Fiyatlar orta ile yÃ¼ksek arasi.
0,"Kendi biralarÄ±nÄ± Ã§oÄŸunluÄŸun aksine pek beÄŸenmedim, hatta ilk defa bir birayÄ± bitiremedim."
0,"Biraz boÄŸucu bir mekan, haftasonlari Ã¶zellikle Ã§ok kalabalÄ±k oluyor."
1,KalabalÄ±ÄŸÄ±n iÃ§inde hiÃ§ beklenmeyecek kadar ferah ve gÃ¼zel bir mekan.
1,"Denediklerimizden, Tavuk Schnitzel mÃ¼kemmel, Tavuklu Wrap harikaydÄ±!"
1,Bir de Ã§eÅŸitli homemade ice tea ve limonatalarÄ± gerÃ§ekten baÅŸarÄ±lÄ± :
0,3 gidip 2 kisilik getirin derseniz yiyecekler bu sekilde geliyor ama kisi basina 70tl yaziyorlar cok sacma olmus
1,5 Ã§ayÄ±nÄ±n ideal adresi karakÃ¶y'de dem.
1,50'den fazla Ã§ay Ã§eÅŸidi ile damak zevkinizi bi yerde yakalayacaÄŸÄ± kesin!
1,"Benim tavsiyem vanilya aromalÄ± bourban vanilla, tatlÄ± ihtiyacÄ±nÄ±z iÃ§inse damla sakÄ±zlÄ± mastika keki."
1,"Hizmet, ilgi alaka herÅŸey ÅŸahane!"
0,iyi ki gittim de yedim dediÄŸim bir ÅŸey yok.
0,oturma yeri de Ã§ok yok.
0,bu kadar meÅŸhur olmasÄ± bana garip geldi aÃ§Ä±kÃ§asÄ±.
1,Manzara severlere...
0,"- O manzaraya bu yemekler, bu servis olmamis :"
0,"(( Ãœstelik fiyatlarda, yemeklerine nazaran uygun degil."
1,KadikÃ¶y'de gitmekten zevk aldÄ±ÄŸÄ±m mekanlardan birtanesi.
1,"English pub tarzÄ±nda dekorasyona sahip, bira Ã§eÅŸitliliÄŸi fazla olan tarz bir mekan."
1,"Yemek olarak schinitzel ve burger denedik, biranÄ±n yanÄ±nda iyi gitti."
1,KÄ±ÅŸ aylarÄ±nda iÃ§eride oturmanÄ±zÄ± Ã¶neririm dekorasyon ve ortam keyif veriyor...
1,Dekorasyonu renkleri cok sicak ve sevimli.
0,"Servis yavas, Ã§alÄ±ÅŸanlarÄ±n birbirleriyle diyaloglarÄ±ni da pek sevmedim."
0,Mekan kalabalÄ±k olduÄŸunda stres kontrolu diye biÅŸey kalmiyor sanirim.
0,Ä°stanbul ÅŸubesi Ã§okta gÃ¼zel deÄŸil Ã§aldÄ±klarÄ± mÃ¼zikler hard rock'tan Ã§ok popÃ¼ler olmuÅŸ.
1,Arka bahÃ§esi tÃ¼m yorgunluÄŸunu alÄ±yor insanÄ±n.
1,KoÅŸuyolunun en iyilerinden kirpi en Ã§ok diyet yapanlarÄ±n sevdiÄŸi bir mekan Ã§Ã¼nkÃ¼ menÃ¼sÃ¼ saÄŸlÄ±klÄ± beslenmeye uygun.
0,Masa yerlesimleri pek guzel degil oturma duzeni olmamis.
0,Yer bulmak da zor oluyor.
0,Ä°ngiliz cayi istedigimde sut getirmediler gerekce olarak da kotu oldugunh soylediler garson tersledi hatta
1,KurufasÃ¼lye ne kadar deÄŸiÅŸik olabilir demeyin Bizce Kuru'da yediÄŸim kurufasulyeden gelen hafif ÅŸekerli tat beni kendine hayran bÄ±raktÄ± resmen.
1,TereyaÄŸlÄ± pilavlarÄ± ve tava yoÄŸurdu da Ã§ok baÅŸarÄ±lÄ±.
1,AyrÄ±ca hergun Ã§Ä±kardÄ±klarÄ± farklÄ± zeytinyaÄŸlÄ± yemekleri de Ã§ok baÅŸarÄ±lÄ±.
0,Fiyatlar ortalamanÄ±n biraz ustunde malesef.
