1,"Nemmen li huwa baġit tajjeb, imma nies bħali ta' aktar minn 50 sena ma ssibx min jimpjegak, minkejja li l-gvern ta' inċentivi tajbin għal min iħaddimna."
0,"Nippremjaw lil min ilu jikser il-liġi snin u jaqla l-eluf minn propjeta mibnija illegalment, billi ntuh post aħjar."
0,Xi cuc irrid jitfacca b'kritika ta' din ix-xorta.
0,"Ms. Metzola, ara jekk Ms. Mizzi jkollhiex ċans tagħtik ftit lezzjonijiet fuq kif għandek taġixxi biex ma tirredikolax ruħek u fl-istess ħin tagħmel xi ftit ġid kif suppost qegħda hemm biex tagħmel."
1,Naf ċert li int qegħda hemm fejn il-Mulej tkompli tferraħ lil qrabatna li marru jiltaqgħu mal-Mulej ukoll.
1,Ma nemminx li min ikun ser jikkommetti reati bħal dawn ikollu l-benedizzjoni mill-partit li jappoġġa.
1,Sewwa jgħid il-Malti - Kelb rieqed la tqajmhux . Prosit Gonzi. Aħna warajk
0,"Kull meta joħroġ il-ħama ta' żmien il-partit negattiv kattiv, dejjem jippruvaw jivvintaw xi ħaġa bħal mozzjoni fil-parlament, biex ir-riħa tinten ta' fuqhom jitfgħuha fuq ħaddieħor."
1,Malta għandha xorti li għandna lil Alfred Sant fil-Parlament Ewropew. Dan intelliġenti u struwit; espert f'dak kollu li hu Ewropew.
0,Min jagħmel din il-krudelta j'Alla jesperjenza l-istess krudelta ħalli jitgħallem. Ġibu ritratt sew tal-kelba ħalli min jagħrafha u jista jgħid ta' min hi jinforma il-ġustizzja.
1,Grazzi ta' kemm ferraħtna tul dawn il-ħamsin sena.
0,Dan kien eżempju klassiku tal-istrateġija qarrieqa tal-partit. Imisshom jistħu.
0,"Ma sar xejn fuq il-mina bejn Għawdex u Malta, il-Gvern weħel fil-fażi ta’ studji #gvernblapjan"
0,Jiena ma ngħidx li l-kobba mħabbla... Jiena ngħid li dawn qed jitħabblu fil-kobba tagħhom stess!
1,Prosit tassew lil kull min ħa sehem f'din il-biċċa xogħol li qabdu lil dawn in-nies li jistaw jeqirdu lil uliedna.
0,Il-broadcasting tal-Parlament qata qalbu u waqaf għax għal kull mistoqsija Dr.Gonzi kellu risposta li kemm Owen u Zammit Lewis spiċċaw jaħbtu ras ma' ras u ma jafux x'ser isaqsu iktar. Tgħid għalhekk waqaf il-broadcasting?
0,"Kien hemm żmien meta ħafna kienu jistennew tnaqqis ta' taxxi li tiġi mħabbra fil-budget. Illum nifirħu jekk it-taxxi jibqgħu kif inhuma. L-effett tal-propaganda politika qarrieqa tinħass. Il-poplu kuntent jibqa' fil-miżerja li jinsab fiha, maqbud got-traffiku u bil-bini bla rażan inaqqar b'rata mgħaġġla mill-ftit spazji miftuħa li għad fadal. Is-sinjur jiffanga u jistagħna u l-fqir jifrah b' ħaqq soft drink fil-ġimgħa."
1,Grazzi lil dawn il-persuni kolla li jagħtu dan is-servizz.
0,"Il-poplu jħallas u l-gvern jissparpalja. Kulħadd kuntent, kulħadd ferħan."
0,Naqbel assolutament ma' Mazzola. Jidher li l-gideb minn naħa tal-MEP's Nazzjonalist isir anke hawn Malta biex iħammġu l-MEP's Laburista.
0,"Monsinjuri li tant għalmuna nxerrdu l-paċi u l-imħabba bejnietna, kunu kuraġġużi u ieqfu darba għal dejjem lil min qed jabbuża mir-radju tagħkom u ta' kulħadd."
0,"Oppożizzjoni bla sinsla, flok jikritikaw il-baġit qabduha fuq l-isparatura, u dawn x'iridu jgħidu għal petrol daqs kemm raħsuh huma għax kull xahar jogħla kien u jien għadni ma nsejtx."
0,"Hekk sew! Dawk l-inħawi mdawwrin bil-grounds, u aħna tal-Kottonerta lanqas ground m'hawn fejn nitrenjaw! Bqajna l-istess!!"
0,Aħjar tibdew tagħmlu xi ħaġa għax s'issa ħlief paroli ma smajniex !!!!!!!!!!!!!!!!!!!!!!!
0,Hogwash! Itfaghalhom ic-cicri! Bhahen!
1,L-informazzjoni dwar il-kappelli hija tassew interessanti.
1,"Tajjeb li n-nies jagħmlu użu aħjar mit-transport pubbliku, 'taxis' u forom oħra ta' transport."
0,Possibbli l-knisja lokali ma tħoss li għanda titkellem u tfiehem lil min jemmen bil-ħallieq u tagħti informazzjoni ta' xi jkun ifisser meta tasal tieħu ġurament. Is-serjeta tiegħu?
0,Il-poplu baqgħa jiftakar li Gonzi ivvota bil-qalb favur l-għoli tal-prezzijiet tant li l-poplu tah l-ikbar telfa elettorali li tibqa tissemma fl-istorja ta' Malta.
0,"Hemm ħafna affarijiet li jista jagħmel il-gvern għal din il-kategorija, iżda jidher li ma tantx għandu ċans jaħseb fihom."
0,Nixtieq ngħid xi ħaġa lil din il-mara li ħlist ħelsa minn raġel (jekk tista ssejjaħlu raġel) li ma jiswiex karlin. Issa jmur isib waħda minn dawk il maħmuġin li jħobb jara.
1,"Artiklu miktub bis-sens, u sa ċertu sens apolitiku. Kemm nixtieq naqra u nara iżjed kitba u ħsibijiet hekk, mingħajr ħafna lagħaq żejjed."
1,Nifraħhielha tas-suċċess kemm tal-Fun Run li kienet organizzata professjonali imma anki Rockestra.
0,",Bir ragun titkellem hekk ghax hekk konna imdorrijin that in nazzjonalisti."
0,"B'dispjaċir ninnota li filwaqt li ppruvajtu tagħtu ritratt storiku tal-knisja fil-passat, totalment injorajtu l-istorja riċenti tal-kappella."
0,"I ask as I find it hard at my age to comprehend.If the country is doing so, so, well and if as the minister said we have a surplus? Why on earth I heard the minister say he will borrow again money from the people?Ahna ahna jew mahniex."
0,Mela 1.74 zieda mhux cekcik? Halluna!Nispera li din ma tinsteraqx bil-flixken tal-plastik.Flixken jinzammu mill-hwienet.
0,Għaliex fuq il-medja hawn ħafna tgergir kontra l-gvern?
0,Teatrini għandna kieku. Serjeta xejn imma.
0,"J'alla jinqabad u jieħu li ħaqqu. Barra hekk, min hu, għandu bżonn kura psikjatrika wkoll."
0,Għalfejn dan il-ħafna paroli fil-vojt li qed tgħidu biex il-prim ministru jneħħi lil ministru? Mela intom kontu hemm u tafu x'ġara eżatt?
1,Il-ġenituri fil-maġġoranza tagħhom iridu lill-uliedhom aħjar minnhom.
0,"Ma kienx ħaqqu jeħel daqshekk fuq dan il-każ, din mhux  ġustizzja meta tara każijiet oħrajn !!!!!"
0,In-nies minn sena ghal sena irid jara mhux x'sar snin ilu. B'1.75 cents fl-aqwa zmien halluna komplu idhqu b'gahan il-malti.
0,"M'għadhomx jiġu magħżula la l-isqof ta' Għawdex u lanqas l-Isqof Scicluna, għax nerġgħu mmorru għas-snin ħamsin u sittin tas-seklu l-ieħor."
1,"Prosit Dr. Busuttil int raġel fuq l-irġiel, għalkemm ma taqbilx mal-kaċċa."
0,Jien daqshekk ilni ma nemmen lil dan il-partit.
0,Attenti għax il-lupu jbiddel sufu imma lupu jkun u lupu jibqa! Għalhekk żommu l-bogħod minnu! Ftakru li fil-mument tal-prova kien hemm min mar barra minn Malta u ħammeġ kemm felaħ lil Malta u l-Maltin!
1,"Fuq kollox, ir-rappreżentanti tal-gvern barra minn Malta dejjem ifahhru lil Malta. Għax huma patrijotti."
0,Forsi Miriam Dalli tgħidilna kif il-Greċja sejra toħroġ mit-triq tal-awsterità mingħajr ma żżid in-nefqa pubblika u mingħajr ma jinħafrilha parti sostanzjali mid-dejn tagħha.
0,Veru. Il-bullying qed iġib ruħu barra mid-djar ukoll. Ħafna drabi dan il-bullying jiġi b'nuqqas ta' edukazzjoni minn naħa tal-ġenituri.
0,"M'għandkomx għaġla. L-ewwel ħallejtuha ssir dħin, issa tridu tirrestawrawha? X'daħk fil-wiċċ."
0,Verament il-Melita tistma lin-nies ta' żibel !!!
1,l-ewwel budget bla taxxa. hidma ta Gvern Ghaqli.
0,"L-akbar injorant huwa dak li jgħajjar lil ħaddieħor, speċjalment Maltin bħalu."
1,"Iżda jekk jirrizulta li ma kellu ebda tort, il-ministru ser jibqa hemm ikompli x-xogħol kbir li qed jagħmel , speċjalment biex inaddaf il-ħabs minn supermarket tad-drogi li kien sar taħt il-PN !!!!!"
0,Uħud minn dawn lanqas jixirqilhom ikunu fejn qegħdin għaliex m'għandhomx la l-kapaċità u lanqas l-esperjenza tal-kariga li tpoġġew fiha.
0,Hawn Malta mhux ħa naraw filmati bħal dawn għax ma raħasx il-prezz ta' petrol u diesel.
0,Kull żieda li ħadu l-ħaddiema tad-Drydocks wara reviżjonijiet ta' pagi/salarji wara dik is-sena m'affetwatx lil dawn il-pensjonanti għax ma ħadu xejn.
0,Kemm hu ndispensabbli dan ir-raġel. Possibbli m'għandekx persuna aħjar minnhu biex jokkupa dan il-ministeru?? Ejja kuraġġ u tajjru!!
0,"Dan huwa l-faqar ta' pajjiżna. Tal-mistħija li l- Fondazzjoni Wirt Artna tħallas manager elf euro. Dan ma naraħx bħala serq, imma sitwazzjoni li ħafna nies qiegħdin fiha, u oħrajn deħlin."
1,"Kemm hemm deputati li jixtiequ li jkunu bħalek fil-Parlament, aħna bniedma bħalek irridu li tmexxi lil dan il-pajjiż. Nawguralek ħidma għal poplu tagħna."
0,Tas-Sliema illum mhijiex xi ħaġa aqwa minn pajjiż ieħor anzi ngħidlek li hija post tedjanti.
0,Ikun min ikun hemm fil-gvern hemm bżonn li dan it-tip ta' ħmieġ jitneħħa jekk vera rridu pajjiż politikament nadif. Irrelevanti min ikun hemm fil-gvern.
0,Jaħasra se jispiċċa anqas joħroġ barra għax jibda jistħi jidher quddiem in-nies
0,Dan l-isqof qed ikompli jitfa l-knisja lura. Imnalla il-Vatikan tah transfer fejn bagħtuh minn fejn ġie. Diġa jinsab eliminat milli jinħatar Arċisqof.
0,"Aħna naħdmu ma' kulħadd qalilna l-imperatur fejn qatt fi żmien il-PN kellna online petizzjoni għax bniedem ta' kapaċità jitneħħa mill-kariga. F'hiex ġie dan il-pajjiż ukoll, pajjiż kommunist."
0,"L-awtoritajiet għandhom jagħmlu ispezzjonijiet mingħajr twissija fejn ikun hemm suspetti li qegħdin jitrabbew din ix-xorta ta' annimali. Għandhom jaraw jekk hemmx spazju biżżejjed, u jaraw jekk humiex jinżammu skond il-liġi."
0,Il-qtil makabru ta' speċi ħajjin purament għal 'hobby' u mhux għal ikel huwa skandaluż u oxxen.
0,Aktar noħroġ nivvota le bil-qalb. Naf li dan il-buffu mhux ser jieħu vantaġġ politiku u niġi nitnejjek minn dak il-lagħqi l-ieħor Joseph Muscat fuq din l-issue u rrid li veru Malta tagħna lkoll u mhux ta' erba kaċċaturi lliterati biss. Bħali hemm eluf kbar ta' laburisti ġenwini li nafu x'inhu ġust u naħsbu b'moħħna u mhux qalbna u deċiżi li neqirdu dan il-barbarismu.
0,Jekk forsi dan il-bniedem qiegħed jara dan l-artiklu ngħidlu min jaf li kieku jagħmlu hekk lilek? Jew għax forsi hija faċli għalik tiżvoga l-ħdura ma' annimal li ma jafx jiddefendi ruħu ?
0,jew egrant
1,Strieħ fil-paċi MaryRose u grazzi ta'kollox.
0,"Il-belt Valletta dawn l-aħħar sentejn saret belt mitluqa, mimlija karozzi, speċjalment governattivi, li jipparkjaw fejn iridu u li ħadd ma jista jkellimhom."
0,Dawn jafu li Malta daħlet fl-EU u kartell ifisser ftehim bejn il-bejjiegħa biex ma jnaqqsux il-prezzijiet? Inkredibbli x'tustaġni u rejba.
0,Favoluz huwa l- gideb tieghek
1,"Indikatur pożittiv ieħor. Prosit lil poplu Malti kollu li għal  dan iż-żmien sabiħ ukoll, warrab in-negattiviżmu u wera' enerġija pożittiva. Awguri."
0,"Partit tal-miljunarji iva, partit tan-nies tax-xogħol le. Il-verita hi li n-nies tax-xogħol iridu ekonomija li toħloq ix-xogħol."
0,Hemm bżonn aktar road blocks u sorveljanza fit-toroq tagħna. Sewqan taħt l-effett tal-alkoħol qed dejjem jiżdied.
0,"Hemm bżonn li meta jkun hemm xi protesta bħal tal-lum joħroġ bi hġaru mhux qas konna 100 ruħ, basta kulħadd iparla li ma jriduhomx jiġu Malta."
0,Il-flus tal-multa li weħel min ser jeħodhom?
1,President ħabrieka u team ħabrieki. Kont preżenti f'ħafna attivitajiet li saru u tinnota dejjem il-ħeġġa u l-professjonalita fost l-organizzaturi.
0,"Ħasra tassew, meta nafu illi aktar ma tikber il-ħsara, aktar ikun diffiċli sabiex titranġa mingħajr ma jagħti fl-għajn."
0,Imnlla inqala dan l-inċident għax il-PN nsewh il-baġit u dawn ir-riżultati !!!
1,Fl-aħħar qrajt xi ħaġa bis-sens.
0,Is-serq qatt mhu ġustifikat biex tirranġa għax paga baxxa. Issa dan għandu marka sewda għal ħajtu li ser tagħmilhielu iebsa biex isib xogħol sura.
0,Tilqa l-autogoals qiegħed Joseph. Responsabbilita politika m'għandha x'taqsam ma' l-ebda inkjesta.
0,"Nittama li dawn ir-residenti li jingħataw permess biex ibiddlu djarhom f'boutique hotel, jinsabu f'żoni turistiċi u mhux qalb toroq residenzjali fejn żgur iżidu t-traffiku u periklu għar-residenti speċjalment għat-tfal."
0,L-edukazzjoni taħt Varist sejra mill-ħażin għall-agħar. Kwistjonijiet dwar ħlasijiet tal-istipendji lill-istudenti tal-Universita u tas-seminarju Għawdex.
0,Jien ser nivvota le għaliex il-kaċċa fir-rebbiegħa ġiet abbużata wisq u minħabba l-arroganza tal-kaċċaturi.
0,Poplu minn dak jinteressah mhux mis-sentenza sospiża!
0,Jien kien hemm min kien hemm fil-gvern il-ħażin dejjem ktibt li kien ħażin imma nies bħalek fihom ħasra għax jaħsbu b'moħħ ħaddieħor u mmexxija minn imnieħerhom.
0,Naħseb aħjar niġbru petizzjoni ħa nagħmlu referendum minn ħabba l-immigranti biex ma jidħlux u jaċċettawhom hawn Malta għax kif qed jidher aħna sibna ż-żbiba minn dawn tal-aħħar.
1,"Hekk sewwa u hekk għandu jkun. Għandhom jitħawlu jew jitpoġġew aktar siġar f'bosta inħawi madwar ir-Rabat, Pjazza Savina, Pjazza San Gorg, tul triq ir-Repubblika u inħawi oħra."
0,"Ħalluh ħa jlablab fil-vojt lil Xmun, għax bis-saħħa tiegħu qegħdin naraw kemm għamlu ħnieżrijiet f'25 sena."
1,"Prosit ibqa sejjer hekk, aħdem għal ġid tal-poplu Malti u Għawdxi kollu flimkien ma' sħabek tal-kabinett u l-membri parlamentari kollha."
1,Kemm ilu jiggverna dejjem mexa skond id-deroga dwar il-kaċċa u meta ried jieħu deċiżjoni minħabba xi żewġ kaċċaturi irresponsabbli ħadha.
0,"Hemm ħafna aġġettivi aktar dispreġjattivi li nixtieq nuża fil-konfront tiegħek, imma għax nirrispetta lil dan il-ġurnal kif ukoll lill-qarrejja, ser nieqaf hawn!"
0,"Rabbi ftit għaqal u tkunx prużuntuż iż-żejjed għax qiegħed tirredikola ruħek. Ħasra, jaħasra għadek żgħir."
1,Prosit! Vera ħaqqhom.
0,"Imbaghad l-gharef Edward Scicluna fil-budget tas-sena l-ohra biddel il-ligi tat-Taxxi Interni biex jekk persuna wahidha taqbez id-€19,500 tad-dhul taxxabbli taghha b'Dividendi minn Shares ma jkolliex dritt li tiehu parti mil 35% taxxa li tkun thallset fuq dawk id-dividendi. Fil-kaz tal-mizzewgin, l-istess jigri jekk id-dhul taxxabbli taghhom ikun €28,700. DAN HU SERQ SFACCAT META WIEHED IQIS LI JEKK PERSUNA WAHIDHA LI MA JKOLLHA EBDA DHUL MINN DIVIDENDI MINN SHARES IZDA TAQBEZ IC-CIFRA TA' €19,500 MIL-IMPJIEG TAGHHA TAHEL TAXXA TA' 25%. FIL-KAZ TAL-MIZZEWGIN LI MA JKOLLOMX DHUL MINN DIVIDENDI, JEKK ID-DHUL MIL-IMPJIEG TAGHHOM JAQBEZ IT-€28,700 JAHLU 25% WKOLL.GHALDAQSTANT IL-GVERN IKUN QIEGHED, LITTERALMENT JISRAQ, LIL KULL MINN GHANDU XI SHARES, 10% TAT-TAXXA LI TKUN THALSET FUQ DAWK ID-DIVIDENDS JEKK, FIL-KAZ TA' PERSUNA WAHIDHA TAQBEZ €19,500 U FIL-KAZ TAL-MIZZEWGIN JEKK JAQBZU IT-€28,700.GHANDI DUBBJI SERJI JEKK DAN IL-FATT JIKSIRX XI LIGI. GHALHEKK INHEGGEG LIL GURNALISTI BIEX JISTHARGU NAQRA FUQHA DIN IL-KWISTJONI. MA NAFX JEKK SPJEGAJTX TAJJEB BIZEJJED, IZDA JEKK WIEHED IRID JIFHEM AKTAR IL-PUNT TIEGHI, JISTA JIKKONSULTA MAL-KTEJJEB TAD-DIPARTIMENT TAT-TAXXI INTERNI ""GHAJNUNA BIEX TIMLA L-FORMOLA TAT-TAXXA - SENA BAZI 2016"" PAGNA 19."
1,Jien ukoll irrid ngħid prosit lil kulħadd. Pero' ejjew inkunu sinċiera magħna nfusna. Il-parti l-kbira tal-flus miġbura ngħataw mill-banek. U dawn il-flus ta' min huma? Mhux tal-poplu Malti!!
0,Possibbli hawn nies li l-unika ħaġa li kapaċi jaraw forsi 5000 lira u m'humiex interessati fis-saħħa tal-Maltin ħutna li jagħmlu sagrifiċċju kbir għal familja tagħhom u pajjiżna.
1,"Naqbel 100 %, la tmut x'tambihom? Jekk tista issalva lil xi ħadd salvah hux."
0,"ta 1.75 ewro zieda u mil-llum tibda tara l-prezzijiet ta l-ikel jgholew bhas-soltu. So, min ma jistax ilahhaq sa l-ahhar tax-xahar baqa fejn kien. inutli naghtu z-zieda u naghmlux kontrol fuq iz-zieda tal-prezzijiet."
0,Għandhom jittieħdu passi u t-tellief ikollu jħallas tal-ħsara li jkun wettaq.
1,F'demokrazija sħiħa bħal tagħna t-tibdiliet huma kollha importanti u neċessarji biex is-soċjeta timxi aktar il-quddiem u ma jfissirx li jekk wieħed ikollu pożizzjoni hi liem hi għandha tkun b'ċens perpetwu lanqas!
0,Mela għadu hawn s-Sur Zarb għax ilna ħafna ma nisimgħu leħnu. U l-qamar fil-bir lil ħaddiema tal-Enemalta ħa jurih!!!! Tkomplix tbeżżagħna għax ħa nitwerwru!!!!!
1,"Missu mhux jaħdem għal qalbu Lou Bondi meta il-prim ministu Dr.Joseph Muscat ireġġagħlu 30,000 Ewro fis-sena."
0,", minghajr taxxi tghid int. Fil- fuel il -gvern ghadu jislohna bil kbir u mhux kif qalet tal ONE lil Delia l-bierah........... € 1.20 % 0.84 The average price in Europe on Super95 for the past two weeks has increased at € 0.01 and now is € 1.20. Malta il petrol qieghed 1.31 il litru."
0,Issa xi ħadd ser jitlob xi riżenja?
0,Kien hemm ħaddiema li ħadmu għal aktar minn 25 sena u tilfu kollox u oħrajn li ħadmu anke għal 5 jew ftit iktar gawdew miż-żewġ terzi. Din mhijiex ġusta u nispera li GWU tirrifletti u taħdem fuqha.
1,Qieghed sew! Tony Clocks ghamlek Ewropew.
1,Iz zieda propja his 2.75 u mhux 1.75 ghat hemm I'll ftejjiem li kien sar f mejju bejn imsiehba soccjoli u kien hemmed simon ukoll li ifirma dan il ftejjiem
0,Għandu jinstab ħati u jintbagħat 7 snin ħabs mill-inqas.
1,M'hemmx dubju li qed isir investigazzjoni dettaljata u serja.
0,"Dan il-filmat rawh aktar minn nofs miljun ruħ madwar id-dinja fuq il-Facebook, u kulħadd ikkundannah, nispera li l-pulizija isib lil dan il-monstru u jieħu li ħaqqu, għomor il-ħabs."
1,"Fuq kollox, għalih Malta tiġi l-ewwel u qabel kollox. Bl-ebda mod ma tisimgħu jikkritika lil Malta."
0,"Naqra, naqra jinkixfu l-maskri u min huma dawn in-nies."
0,"Jiena mhux ghedkek biex ma tidhirx ghax 'kliemek' huwa ta stupidu? Meta tonfoq li ma ghandekx, mhux dejn se taghmel? U wara ma tridx tonfoq biex thallas l-interess fuq d-dejn? U xorta baqa li jithallas lura d-dejn li ghamilt 'in the first place'. Imma din s-somma semplici ma jriedux jitghalmuwa dawk l-imbecilli shabek. Hlief cuccati ma tghidx. Mur u sparixxi tridx!"
0,Din l-unjoni taf kemm hemm impjegati neqsin f'dan l-isptar?
0,Imsieken uliedna u ulied uliedna li ser jkunu barranin f'arthom stess! Il-mexxejja ta' pajjiżna għandhom l-obbligu li jiddefendu l-Malta u l-Maltin !
1,"Sur Abela minn qalbi nirringrazzjak tat-tweġiba tiegħek, vera napprezza l-ħin li ħadt biex ktibtha."
0,Miskin min wiegħed kollox qabel l-elezzjoni u ma jafx minn fejn ser jibda bil-wegħdiet li għamel lil kulħadd.
0,Anke l-gvern għandu bżonn restawr għax laqtitu sajjetta ukoll.
0,"Min mhux kapaċi joħroġ mid-dar mingħajr ma joqgħod  sura ta' nies, jibqa d-dar ... sempliċi l-affari!"
0,"Zieda effettiva fil gimgha ta vera kienet is €600s li hadu bil mohbi ta kullhadd.Il 25 % rohs fil kont tad dawl hu ilma,"
1,Ma naħsibx li huwa ġust li noffendu lil xulxin minħabba l-politika. Nitlobkhom sabiex inkunu nies maturi u nirrispettaw id-deċiżjoni ta' xulxin.
0,Le ghandek zball ENORMI. 2 euros biss u xejn aktar. Iccekkja sew u tingannax
0,"Il-ministru tal-edukazzjoni jaf b'dawn l-affarijiet, jaf li għandu skejjel li lanqas kapaċi jkunu jafu li student ilu ma jattendi skola kważi mill-bidu tas-sena skolastika. Prosit x'effiċjenza."
1,Hekk sewwa u xieraq. Lilna l-Maltin ir-Russja m' għamlitilna xejn u għalhekk m' għandniex niġġieldu magħhom sempliċiment għax l-UE trid hekk.
0,"Meta ġo Malta ma kienx hawn Musulmani konna ngħixu ħafna aħjar. It-terroriżmu jeżisti fejn imorru il-Musulmani. Meta wieħed jinnota li ġol-pajjiżi Musulmani ħlief ġlied, qtil bla sens u rjus itiru qishom blalen tal-ping pong m'hemmx, u meta jiġu ġol-pajjiżi tal-punent jippretendu li jagħmlu l-istess."
1,"Iż-żewġ politikanti għandhom raġun  li juru l-opinjoni rigward il-kaċċa fir-rebbiegħa għax il-kaċċa dejjem kienet ballun politiku, mhux Malta imma ġo kull pajjiż."
1,Fl-istess ħin ma jadura lil ħadd u lanqas lill-istess Ewropa. Jgħid il-fatti kif inhuma u speċjalment kif huma ta' ġid għal Malta. Sħabu l-istess.
1,Il-president ta' Malta l-ecc. tagħha s-Sinjura Marie Louise Coleiro Preca hija mara kbira u b'qalb ħafna aktar minn tad-deheb.
1,U naturalment hawn m'hawnx inkluzi l-flus li ffranka mil-overtime.
0,"Ma nafx kemm għandek eta', ħabib, pero' aħjar taqra ftit storja qabel ma ċċaflas l-ideat tal-moħħ magħluq u ndottrinat li għandek. Bħall-istupidi soċjalisti kollha taħseb li x-xemx qatt ma telgħet qabel dal-qabda korrotti li hemm Kastilja telgħu fil-gvern. Hekk kienu jaħsbu meta kien prim ministru Mintoff imma wara li spiċċa dak il-ħmieġ, dħalna fl-Ewropa (u l-gvern tiegħek li ġġieled tant biex iħallina barra dejjem jiftaħar kemm ġab flus minn hemm!!!!!!!!), inbniet ekonomija b'saħħitha biex għandna l-Ewro, inbnew l-impjanti tar-reverse osmosis (li kieku ma kienux huma għadek tokrob bl-għatx u bin-nuqqas ta' ilma bħal fi żmiem Mintoff), inbena ajruport ġdid, fix-xena internazzjonali konna ngawdu isem tajjeb mhux marbut ma' xi kontijiet il-Panama, il-ħallelin spelulaturi tal-art ma kienux jiddettaw l-aġenda tal-gvern għax il-PN ta' dak iż-żmien (mhux t'issa, issa l-PN spiċċa wkoll) qatt ma biegħ ruħu għall-voti u qatt ma kien populista beċeru bħall-gvern li għandna issa. Meta kien hemm il-korrotti qatt ma kien il-prim ministru nnifsu!!!!!!!!! li deffenda lill-korrotti (min jaf għaliex???). Jekk trid nista' nkompli imma ma' min hu moħħu magħluq m'hemmx raġuni!"
0,Kemm saru jagħmlu nies għal flus. Imbagħad wara wieħed ikollu jbagħti l-konsegwenzi li jitlef l-irġulija u ma jibqax fdat.
1,"Sewwa min ħaqarhom u qatilhom ma weħel xejn, u dan ir-raġel għax iħobbhom, weħilha miskin."
0,"Ma tantx mar il-boghod, mit-2006 lill hawn, il-boghod? Gonzi-PN ma Muscat-PL bazikament. Veru baxxi z-ziddiet. Issa mhux bil-fors taqbel, pero veru baxxi huma, mentri l-hajja gholja kullhadd jghid."
0,Jien għidt il-fatti u iva jien bravu għax la kont naf x'inhu dan il-bniedem qatt ma mort għandu u qatt ma issuġerejtu lil ħadd!!
0,"Arrestawh, ħudulu d-debba u itfgħu lilu fil-kamra u tuh bil-frosta ħa jkun jaf x'qegħda tħoss dik il-povra debba u tuh multa kbira u lanqas tħalluh irabbi annimal ieħor għax naħseb li hu annimal."
0,Mhux ahjar Joseph Muscat titweetjalna meta se niehdu il-festi li jaqaw is-Sibt u l-Hadd skond il-weghda elettorali li ghamiltilna. Hsibt li billi tajtna gurnata leave extra fis-sena saddejtna?
1,Strieħ fis-sliem u grazzi ta' kemm il-darba ferraħtna bil-karattru tiegħek.
0,Qares l-gheneb
0,Jiddispjaċini  ngħid li hemm numru kbir ta' kunsilliera lanqas biss ma tarahom b'nemes ħlief biex jikkritikaw fil-laqgħat tal-kunsill!
0,"Kemm hawn minnkom min hu vojt, injurant, u insolenti anke f'okkażjonijiet bħal dawn! Aħsbu naqra f'min hu fil- bżonn u għalqu ħalqkom. Ftakru dejjem li qegħdin fid-dinja bħal ħaddieħor."
1,Poplu paxxut lemonimmalemon mahruq. Irriduh u rriduh lil DeLiar irriduh
0,"Hija tal-mistħija kif qed ikunu appuntati ċertu nies fuq kumitati. Iva, veru hemm min ġie appuntat fuq 4 kumitati."
0,Fastidju huwa meqjus bħala aġir irresponsabbli li jilgħab mal-paċenzja u mat-tolleranza ta' kull individwu.
0,"Kemm kellna każi, l-iżjed f'Malta, inċidenti b'annimali eżotiċi? Inċidenti permezz ta' żwiemel? Inċidenti permezz ta' klieb u qtates?"
0,Gvern tal-pappagalli. Hekk kif jiġi kritikat joħroġ fil-beraħ u jammetti li jkun żbalja. M'hemm xejn ħażin li darba kulltant tiżbalja u tammetti.
0,Inutili nwaħħlu fil-ġenituri jew l-għalliema meta s-sistema edukattiva Maltija hija waħda diskriminatorja minn għeruqha.
1,"Nifraħlek Sur Mizzi, j'alla triqtek tibqa din!"
0,"Sfortunatament, għad m’għandiex kuntatti ma’ min jista’ jiftaħhielna."
1,Żgur li kull min ġie u ra b'għajnejh ra l-potenzjal li aħna lkoll urejna b'mod ċivili.
0,Dan mhux sew u l-amministrazzjoni tal-PBS għandhom jaraw dan.
0,loqom ghal poplu
0,"Vera ma jafx x'qed jagħmel, moħħu biss biex jagħmel ħsara lill-gvern mingħalieh."
1,"L-ewwelnett nawgura lil President ta' Malta għal ħidma li qed twettaq, mill-qalb grazzi ta' kollox."
1,Hekk għandhom ikunu l-persuni fit-tmun.
0,"Naħseb l-aħjar li ser immorru b' das-servizz mhux l-anzjani iżda dawk l-impjegati, u emmnuni li huma ħafna, li jiġu alabiebhom mill-anzjan u minn sħabhom ħaddiema oħra leali lejn l-anzjan. L-iPad jonqoshom. U ħallina Justyne."
0,Mhux il-bogħod meta lanqas iroddu s-salib ma jħalluna lilna l-Ewropej minħabba l-ħafna li qed jinvadu l-Ewropa u minħabba l-ħafna restrizzjonijiet minn diversi gvernijiet.
0,"Kieku xi ħadd minn din l-amministrazzjoni jsemmi lil pensjonanti ta' taħt il-75 sena!!!! Koppja b'pensjoni waħda taz-żewġ terzi, se jmorru minn taħt bil-miżuri li se jittieħdu f'dan il-baġit."
1,Jien naqbel ma' din il-miżura. Lanqas water pistol m'għandu jitħalla għax jista jkun hemm sparrow li jispiċċa fellus imxarrab.
0,"Tajba din, il-kelliem uffiċjali tal-gvern ta' Muscat din is-sena diġa ġiet ikkundannat darbtejn mill-qorti li hu giddieb. Hu dan qed jitħallas minn butna."
0,Fatti rridu mhux paroli. Min ħa flus għandu jirritornom u min ma ħallasx taxxi għandu iħallasha għax il-ħaddiem komuni kollox iħallas. Jekk ma jsirx hekk inkunu kompliċi ta' serq.
0,Ara vera hawn nies injoranti. Mela żball jista jitranġa bi żball ieħor?
0,Jidher ċar li l-kap tal-oppożizzjoni m'għandux il-polz tal-poplu u wisq aktar m'għandux il-polz tal-laburisti li minn dejjem kellhom għal qalbhom lil PL.
0,Dan il-bniedem falz ser jibqa jiġri ma' saqajna ?? Il-poplu għandu dritt ta' tweġiba għas-serħan tal-moħħ.
0,"Tgħid wasal iż-żmien li ċertu mediċina li tiswa ħafna flus, fejn ċittadini ġieli biegħu d-dar tagħhom biex jiġġieldu u jippruvaw isalvaw ħajjithom, dawn il-mediċini ser jibdew jingħatalhom b'xejn?"
0,Min jerfa idejh fuq ħaddieħor għax injorant u mhux kapaċi juża moħħu.
0,Kemm huma ħelwin dawn tal-partit mejjet nazzjonalista!!!!!
1,Żomm daqsxejn sieħbi. L-ispettur tant hu ħabrieki li l-anqas lighter ma jħallik iżżomm avolja tkun xtrajtha bil-belli liri. Taħseb li ser jiskappalu xi ħadd minn dawk li serqu d-dawl?? Għandek ċans !!!!
1,Nittamma li jinsab u s-sitwazzjoni tiċċara ruħha kemm jista jkun malajr.
0,Xejn ma jafu dawn !!!
1,"Bhalissa nisimghu b'attenzjoni d-diskors tal-Budget 2018. Unbelievable but true, a budget without taxes! #MaltaBudget2018"
0,Darba numru ta' tfal weġġħu lill-ibni fil-playground. L-għalliema superviżorji kienu ġewwa jieħdu l-kafe' u jien għedtilhom li żżommhom responsabbli.
1,"Dan huwa t-tip ta' ġurnaliżmu li jien napprezza u nħobb, ġurnaliżmu edukattiv/informattiv u mhux propogandistiku kif insibu ħafna bħalu hawn Malta, fejn kulħadd jiġbed għal xawwattu."
1,Kieku kulħadd kien bravu bħalek ħadd ma kien jaqlaha.
0,"Jekk ma jifilħux iħallsu għal polza ta' assigurazzjoni aħseb u ara kemm ikunu jifilħu jħallsu tad-danni li jistgħu jikkawżaw, iktar u iktar jekk Alla ħares qatt imut xi bniedem!!!"
0,"Il-qattusa għaġġelija frieħ għomja tagħmel, u hekk ġralhom tal-PN għax twildilhom ferħ għami."
1,"Ma nixbax naqra l- kitbiet tiegħek. Dan l-artiklu fih x'tifhem, miktub b'mod maħsub u oġġettiv."
0,Raħset il-ħajja? Tajjeb li kulltant ikun hawn min jgħid xi ħmerija. Tbissima qatt ma tagħmel ħsara.
0,Ma nafx għandix nidħaq jew nibki. Tal-ġenn x'kapaċi jivvinta u kapaċi jasal il-bniedem.
0,"Pawlu, il-PL ser jitlef il-maġġoranza li għandu mhux għar-raġunijiet u ċ-ċuċati li semmejt int, imma għal-mod kif xi wħud fil-PL li minn dejjem pappewha, qed jittrattaw mal-laburisti ta' veru."
1,Ikolli nammetti li n-Nazzjonalisti huma onesti u perfetti wisq.
0,Ghalaq billi qal li l-gvern s-sena d-diehla se jiddiskuti l-kannabis ghal skopijiet medici.Skuzi l-kannabis giet imweda u l-poplu ivvota ghal skopijiet ta' pjacir jew issa l-aqwa li seraq il-voti taz-zaghzagh? Qerq kullimkien.
0,Jista xi ħadd jgħidli kemm inġabru flus minn Għawdex għax ma smajtux? Grazzi.
0,Wara hames snin ghadkhom ma ghamiltux Triq wahda jew skola.
0,Jien nippretendi li pajjiżi Islamiċi ġenwini mhux jikkundannaw biss imma jikkontrollaw lil dawn il-kriminali li qegħdin iħammġu ir-reliġjon Islamika. Iktar minn hekk huma stess jirrappurtaw lil min jaħsbu li huma fanatiċi.
1,Saghtejn u nofs ihabbar il-gid bla ma habbar taxxa wahda.
0,thalluwomx jizvukaw ghax mhux il budget linkwiet lghandom imma li ghandom 20 sena ohra floppozizjoni
1,Mela veru ghandek ghamad quddiem ghajnejk. Kappara junction u t-triq tal-kosta x'inhuma mela? Biex ma nsemmux hafna toroq li qed jigu rrangati mill-babilonji li hallejtuhom fihom.
1,"Meta nara nies bħalek li jaħsbu b'moħħhom u mhux jagħmlu li jgħidilhom xi politikant ta' liema naħa jkun, terġa tiġini t-tama li fadal ftit nies lesti jagħżlu li hu sew f'dan il-pajjiż."
1,Kien jidher is-suċċess tal-attivita sa mill-ġurnata tagħha.
0,Ħela ta' ħin għal kulħadd fil-parlament.
0,Iva niftakar meta it ton tal zejt u il corned beef kienu jorhsu b 3 mils u kien jighid Ahleb Gus..
0,Ilkom hames snin. L-anqas skola wahda. Morru organizzaw it taffiku u serhu il fqir ja korrotti.
0,Ara huma mhux joqgħodu siekta u jistennew l-eżitu tal-inkjesti. L-aqwa li jagħmlu konferenza kuljum sabiex jidhru!!
1,Nieħu pjaċir li fl-aħħar qed ikun hawn min jitkellem u jikteb pubblikament fuq din il-problema li ilha għal ħafna snin tiġi injorata.
0,Mhux hekk !
0,"Tharef bhas soltu. F'mien id-deserta, il-kupuni u id-dawl/ ilma bir-ration, wage freeze kellna."
0,Biex il-Melita tkun kredibbli trid tagħtina mill-anqas stazzjon flok La-Sette.
0,Anzi tal-PN qalu li dan ma jagħmel xejn. Prosit Anton!
0,Naqbel perfettament ma' dak li kiteb laburist leali dwar il-pensjonanti tal-gvern li jieħdu l-pensjoni tat-teżor. Dawn qed jiġu misruqa!
1,Ibqa sejra hekk President. Vera prosit.
1,laqwa mahemmx taxxi jien zdit 7e fil gimgha ghax is sigarreti ma gholewx > tiftakru il PAR IDEJN SODI KIF KIEN SALLAB ILLOW INCOME WORKER lili seta ma tani xejn ukoll happy mhux bhalek ghax qed floppozizjoni twahlu fkollox hazin Taf xigralu sajmin il purtinar lanqas jider maghadu ghax kien jtkellem bhalek
0,"Bħala gradwat, jekk minix sejjer żball, fl-inġinerija hi vera ħasra li gaffa mkissra ma tindunax li ma tistax tintuża."
0,Ftit huma dawk li iridu jdaħħlu idejhom fil-but u jagħtu.
1,Ħadt pjaċir naqra l-artiklu li dan l-aħħar ġibtu fuq il-websajt.
0,Insejt iswmmi l kontijiet tad dawl u l ilma ..l ghola fl europa..u s sitt mitt euro zjieda fil gimgha i hadu l ministri meta ahna l haddiema hadna 1.66
1,Prosit għal dan it-tnaqqis fil-prezz tal-mediċina.
0,"Il-ġenituri tal-bullies iridu jinżammu responsabbli u jeħlu l-multi. Fl-iskejjel irid ikun hemm CCTV. Il-bullying isir fil-klassi, fil-playground u fil-minibus tal-iskola."
0,"U l-poplu jibqa fl-għama dwar it-taħwid tal-ex kummissarju, anki r-raġuni għalfejn John Dalli ma tressaqx il-qorti ser tibqa mistura? Fejn hija t-trasparenza ta' dan il-gvern, jew forsi ħass il-kesħa u libes coat?"
0,Mhux hekk!!! Trida l-ġustizzja imma mhux wara dara.
0,L-awtorita tal-konsumaturi għandha taqbeż għal-dawk il-passiġġieri li diġa ipprenotaw għal titjiriet tas-sena d-dieħla. Dawn xtraw il-biljetti bil-premessa li kollox baqa’ kif kien.
0,Tajjeb hekk hux Sur Ministru min bagħatha nġustizzja mill-1979 baqa b'xejn.
1,"Jekk wiehed jikkalkula kemm nefaq inqas dan il-gvern fil-hames budgets li pprezenta ghaliex ma tghax zieda daqs kemm ta’ Gonzi fil-hames budgets tieghu bejn l-2009 u l-2013, wiehed isib, jekk jikkalkula fuq 35,000 haddiem mal-gvern, dan: Fl`2014 nefaq inqas €1,073,800 – Fl`2015 nefaq inqas €10,610,600 – Fl`2016 nefaq inqas €9,536,800 – Fl’2017 nefaq inqas €14,651,000 u fis-sena 2018 ser jonfoq inqas €18,891,600 Bit-Total ikun €54,763,800."
1,Prosit kbira Prim Ministru.
0,Daqt joħroġ xi ħadd u jgħid li l-qorti immanipulata mill-gvern ukoll issa.
0,"sewwa qed tghid ghax qed inhalsu ghal dawk li saru sinjuri min fuq darna bhal georg sapiano ,il bocca,etc u xejn inqas dawk li kienu jaghtu il playstations fil gbir ta fondi ghal pn!! hemm kien is surplus ghax il bqija ghal poplu deficit kellu u kien irid jidra il kontijiet ola!"
0,Lanqas biss aħna konxji li l-istorbju f' Malta huwa problema.
0,Imma dan mhu xejn komparat ma' dawk l-iskandli li saru taħt gvern tal-PN.
0,Allaħares kien Malta għax diġa għamlu show bih.
1,Lanqas naf min fejn nibda insemmijlek ghax tant ghamel affarijit perezmpju 11000000il tal corpi eta 35000000 il hab tas sahha frahal gdid 4000000tnaqqis fil medicijni ma ghamel hajghamel il karozzi tal linja pxejn ghal listudenti bejn 16 u20 sena hajati 45000000 il dawk li hajihdu lisptar caren grech u st lucks biex ma nibqawx nibatu nies barra il pajjiz u jonfqu il flus u hafna ohrajn najja insemmijom daw biss qwazi is serplus kollu ahseb uara jek inkmpli insemmilek
0,"Ħaġa waħda ngħidlek, li n-nazzi huma ndannati U nvażati bid-dwejjaq li għandhom għax ma jifilħux it-tkaxkira għal darba tnejn li ħadu !!!!"
0,Kemm tiflaħ tkun ipokrita!
1,Prosit tal-ġabra.
0,Jiddispjaċini biss għal kemm kelhom isofru l-annimali u daqshekk u d-doppju nixtiequ lilu u lil familja min għamel hekk..
1,Proset ħafna lil BOV għall-inizjattiva li ħa b'risq min għandu bżonn.
0,Kulħadd għandu dritt għad-delizzju pero ħadd m'għandu dritt joqtol.
0,"Meta naqra kummenti bħal tiegħek Ċikku, blata samma: nirrealizza u nifhem mill- ewwel għaliex il- MLP għamel 25 sena ankrat u mkaħħal fl- Oppożizzjoni."
0,Imma għaliex meta tiġi organizzata protesta bħal din ma ssirx pubbliċità ħalli jattendu aktar nies ?????
0,"Veru Mr.Callus, qażżiżtna issa b'din l-aħbar."
0,Is-soltu diskors fil-vojt! Aħjar jaraw xi prodotti inferjuri qegħdin ibiegħu ċerti ħwienet u fuq il-Monti f'kull raħal ta' Malta.
0,Huwa reat kriminali li wieħed isuq vettura mingħajr polza ta' assigurazzjoni.
0,"Sewwa kien jgħid Napuljun, l-akbar battalja tkun dejjem mitlufa mal-injorant."
0,Biex tikkritika mhux neċessarju li tuża kliem perikoluż u allarmanti.
1,Jiena dħalt fuq il-website interessantissima tagħkom u nixtieq nuri l-apprezzament tiegħi għall-biċċa xogħol sabiħa tagħkom.
0,"Tbaqbaq sabih. Rajtu s-survey tal-bierah, Ahseb u ara jekk kellu jsir survey iehor wara dan il-budget.Kif ma jistax jiehu ruh il-PN. Dalwaqt jisparixxil-PN."
0,Liġijiet li ma jpoġġux l-interessi tat-tfal l-ewwel u qabel kollox ikunu qed jagħmlu ħsara liċ-ċittadini futuri Maltin.
1,Prosit għażiż. Int f'qalbna għal dejjem. L-umilta tiegħek ftit kien hawn bħala.
0,Pazjent wieħed miet fi żmienkom anke kien hemm min welled fil-kuritur meta int kont P.R.O.
0,"Kemm hu vili, dawn in-nies ħaqqhom jitilgħu l-qorti."
0,Beppe tiftakar meta missierek ħareġ ta' giddieb meta lejliet l-elezzjoni gideb fuq Alfred Sant ???
0,le ghall Malta nord koreana
0,Li ma nistax nifhem huwa kif il-qorti ma fehmitx il-gravita ta' dan il-każ. Għal l-anqas għandu jsir ċekkjar jekk dan ħallasx il-multa.
0,Il-PN qiegħed iżeblaħ  lill-istituzzjonijiet u dan mhux sew speċjalment minn partit li f'25 sena ippermetta s-serq sfaċċat tal-benefiċċji soċjali!
0,Jien ma nafx imma naħseb li l-anqas l-istess membri tal-għaqda ma kienu jafu bil-protesta għax kieku kienu jafu allura nasal biex ngħid li biex minn elf ruħ membri attendew mija biss naħseb li jafu bl-amment l-istorja tal-ġolġol tal-ġrieden u l-qattus.
1,"Proset Profs. Dak li jridu jkunu mgharfa bih in-nies, kif konna fi' 2013 u kif qedin issa, Comparison with Huge Amounts of Debts, Excessive Deficit Procedures - Year in Year out to No Excessive Deficit Procedures, More employment, deduction of Mata's debt, Good Economy in all Sectors, and the opposite from crashing into a wall as the PN Party did ."
1,Prosit. Sit għandu storja u moħli mhux użat kollu. Fiż-żmien kienu ikun mimli xerrejja speċjalment tal-ħut u tal-laħam.
0,"Mela inzerta tajjeb, mhux l-elettriku biss ikun irħis bil-lejl imma t-trasport ukoll. Ser nibda nagħmel bħal-Ispanjoli, nieħu siesta twila u ngħix bil-lejl."
0,"""Hahahaha, ara dan mahruq ghax hu diskriminat kontra habba s-sess tieghu!"" Labour partisans.."
0,shabek libjani
0,Veru li Scicluna u Grech mhumiex sew fir-relazzjoni tagħhom?
0,Jien anġlu  qatt ma kont pero għalija mhux normali li npejjep marijuana ta' 16 il-sena...qatt m'għamiltha u m'għandix ħsieb.
0,"ghid lil Dumbo itik it-tromba forsi tistrieh u tnehhi ftit mid-dwejjaq li ghandek, bniedem imdejjaq bih innifsu."
1,"Il-linji gwida ta' dan il-gvern ċari, min jiżbalja jwarrab, int min int, dak li jagħmel gvern kredibbli."
0,L-art pubblika għanda tingħata lura lil poplu u mhux isservi biss ftit ħwienet  biex jimlew bwiethom.
1,Wasal iż-żmien li jinkixfu l-istrateġiji tal-PN tat-tmeninijiet. Kuraġġ Manwel.
1,"Naqbel ma' ta' qabli li frankament ftit jimpurtahom. Wara kollox, wara il-ħafna daħk tal-bidu kollha l-istess jispiċċaw."
1,L-ikbar rigal li tagħni huwa meta raħħasli l-kont tad-dawl b'25% u s-sena dieħla ħa jraħħsu lil kumpanija fejn naħdem biex ikompli jassigurali xogħli.
0,Ghidilna x'tak lilek.
0,Dawn it-tnejn f'din il-kultura telgħu u ma niskantax meta nara u nisma t-tattika ta' Simon llum. Nappella lill-gvern biex joqgħod attent.
0,"Tant kienet tibża minn missierha li ta'16 il-sena marret ma' raġel, mela kieku ma kienitx tibża x'kienet tagħmel."
0,"Dr Joseph Muscat u Dr Mallia , naqbel ma' Gianni Borg, ħudu ħsieb personalment dal-każ ta' dan is-surġent għax fil-pulizija hemm min mhux jieħu pjaċir li hawn il-gvern tal-PL u lest akkost ta' kollox li jħammeġ il-gvern."
0,Dawn iż-żgħażagħ jidhru li kollha avukati. Diplomatiċi wisq. Ma tantx jiftakru.
1,"Dak li għidt int ġie korroborat fil-gazzetti tal-lum. Issa nafu x'tip ta' nies ser japplikaw, nies ta' kalibru."
1,Verament prosit immens għal din l-inizjattiva u nittamma li titkompla.
1,Malta tilfet mara u teżor kbir.
0,Ma nagħtikx tort għax tidher li għadek ma tistax tiġi f'tiegħek wara t-tlett tkaxkiriet li ħaddtu.
0,"Jekk irridu nsalvaw lil pajjiżna, lilna nfusna u lil uliedna rridu nitilqu qabel ninqerdu għal kollox."
1,Kuraġġ ministru.
0,Mill-elezzjoni sa'llum għandi ma smajt bl-ebda fabbrika ġdid jew kumpaniji ġodda investew u fetħu fabbrika hawn Malta.
1,Prosit Prim Ministru u grazzi.
0,"Dak li qed nieħdu bil-moviment ħieles tal-Unjoni Ewropea, fejn kulħadd jibqa' dieħel mingħajr ħadd ma jippreżenta passaport."
0,"Naqbel ma' ħafna inizjattivi li l-ministeru qed jieħu biex jipprova jtejjeb l-istat tal-anzjan, iżda dal-proġett ġo San Vinċenz, għalija ser ikun l-akbar vroma."
0,mhux siehbek zgur
1,"Prosit Conrad. Nistennew bi pjaċir Marzu għat-tieni roħs fil-kontijiet tad-dawl u ilma u wara bl-istess pjaċir nistennew il-Power Station il-ġdida ""non smoker""."
0,Iġri jkollna president ġdid għax dan dejjaq lil kulħadd
0,Jew siehbek il-Bovril
0,"Jien wieħed li tajt il-flus għal min vera għandu bżonn, mhux għal annimali..kull clip li jkun hemm fuq it-TV kollha għal nies fil-bżonn, nispera li l-aktar li jieħdu flus huma, huma. Nispera li annimali ma jieħdux l-istess li jieħdu in-nies morda li jirrikorru għand il-Community Chest Fund għal għajnuna."
0,jaqaw qijad rasek lisfel kieku minnek indur kontra forsi xi darba titkellem bissenss
0, How I miss PN budgets . Dawk kien jkunu bagits classici mhux bhal tal Labour.
0,Giddieb huwa Muscat u l-gvern kollu tiegħu.
1,"Well done for the free school transport. Pass ghaqli sew u nistenna li jaghmel differenza kbira, jekk biss, tkun compulsory. Fis-sens li tkun ma jkunx accettat li genituri jaghzlu li jibqghu jihdu t-tfal taghhom bil-karozza taghhom, sakemm ma jkunx hemm raguni valida. Tipo xi genitur huwa haddiem fl-istess skola jew ix-xoghol ikun fl-akkwati ta l-iskola.Huwa wkoll importanti li t-tfal jkollhom fejn jiskennu mix-xita / xemx huma w jistennew it-trasport.Nispera li jinkludi studenti ta l-universita wkoll."
0,"It-terroristi huma għedewwa tal-bniedem, mela la għandhom u lanqas jistgħu jgawdu mid-drittijiet tal-bniedem."
0,Ma jgħidrilkomx ta' żewġ avukati li intom li dak li qed tgħidu intom huwa biss indħil fl-amministrazzjoni tal-ġustizzja.
1,"Kompli sejjer bil-ħidma tiegħek għax qiegħed tħalli l-frott fost il-Maltin u min iridek tirriżenja għax qegħdin jibżgħu minnek għax jafu li ser jerġaw jibqgħu l-art. Kuraġġ Ministru, inselli għalik."
0,"Ma nsejnix li sal 1971 qabel ma tela il Labour konna ghadna bil kupun tar Ration biex tmur fil Kju ghal sehem il familja kemm imissa Halib tal bot,kem imissa sehme taz zokkor hu kem imissa sehema taz zejt imrangat Sitta hu ghoxrin =26 sena wara li siccat il gwerra.Mhux ahjar tmorru tinhbew milli tigu tizzattu tghamlua tal bravi ?"
0,"Boycott lil min għandu ħanut u s-sid huwa Klandestin, ħadd m'għandu jgħin lil dawn in-nies."
1,Chris Said grazzi talli fakkartna f'dan l-ivent storiku.
0,"Kulħadd qed jaħdem bihom, iħallsuhom ftit u l-Maltin jispiċċaw barra mix-xogħol u ħadd mhu jagħmel xejn. Fejnhom l-awtoritajiet biex immorru jiċċekkjaw jekk għandhomx permessi biex jaħdmu dawn in-nies?"
0,Fejn hi l-onesta tagħkom meta ġejna magħrufin li tagħjtu l- flus kolla li ħadtu fl-onorarja meta mhux veru.
0,Jekk dak tgħidlu pożittiv għad irridu naraw il-frott tiegħu...li żgur li hemm oqsma li diġa qegħdin iħottu dak li kien inbena matul iż-żminijiet.
1,Dwar ir-referendum ma qbiltx miegħek imma f'din naqbel. U l-gvern mhux biss irid jieħu azzjoni dwar il-prekarjat imma jidher li qed jieħu azzjoni.
0,"Allura min iparla kuljum fuq ħmerijiet u riżenji, ma jerfax responsabbilta politika fuq il-ħela u jirriżenja?"
1,Lil Pawlu ngħidlu aħjar tipprova timita lil min hu bil-għaqal u jifli sew dak li jkun qiegħed jiġri qabel ma jibda jpaċpaċ.
0,Anqas and kif ha nibda nifmhek bit-tahwid li ktibt.
0,Min jobżoq fl-ajru jiġi f'wiċċu.
0,U jien irrapurtajt kas ta' drogi u prostituzzjoni ġol-blokka tal-flats tiegħi u l-pulizija qalluli li ma jistaw jagħmlu xejn.
0,Min jabbuża u jerfa idejh fuq ħaddieħor għax mhux kapaċi juża moħħu flok idejh.
0,Il-kaċċaturi minn kollox qegħdin jagħmlu biex joqtlu l-għasafar u kull ħaġa tal-għaġeb u għeżież għan-natura.
0,Iktar noħroġ bis-saħħa nivvota le....meta il-Prim u l-kap tal-Oppożizzjoni qalu iva m'għidtu xejn....Vera ma tistħuhx.
1,Prosit Daniela għal dawn l-artikli.
0,Iva idħqilna waħda sinjura President!!! M'għamilnielek xejn!!
1,"Pawlu kien bniedem ta' prinċipju sod, dnub li ma tawhx il-post ta' president."
1,Dawn il-kwalitajiet ta' liġijiet għandu pajjiżna.
1,Ġest sabiħ ħafna .
0,"Naħseb għamel reshuffle u kont ngħid li nippruvahom imma mid-dehra ħa mmorru għal għar b'dawn it-tip ta' nies. Insomma ma fadalx minn fejn tagħżel, tal-mistħija."
0,Simon qed jiżra firda u mibegħda stil ta' EFA għax jaf li dan l-istil rebbaħ lill-PN.
0,Minn fuq il-Facebook biss ma naslux. Il-pubbliċita trid issir kullimkien u minn ġranet qabel mhux ċum bum.
0,"Kieku veru jridu jaqtgħu l-bullying kulħadd jaf x'għandu jagħmel, imma ġo din l-art ħelwa ħadd ma jagħti każ."
0,"Il -Knisja m'għandiex tindaħal fuq il-kaċċa, kien imissha żammet ħalqha magħluq għax issa għedewwa ser tagħmel."
1,"Ibqa sejjer hekk, bravu Xmun."
0,Tista tgħidilna l-MUMN għaliex qed tabbanduna l-problemi li għandhom in-nurses li jaħdmu fl-isptar Mater Dei?
0,"Inkella la nircievi c-cekk jien Jannar 2018, jekk ma niehux 2 plus 1.75, nigi ghandek ha ttiholmli int jekk int ragel Brincat."
1,Dak li qed tagħmlu intom huwa ta' ġid wisq għal poplu.
0,Il-ħasra hi li dal-flus laqas qed jeħodhom il-gvern imma sejrin drit ġo bwiet tal-barranin li l-gvern ħaseb li ser jbiegħlu fuel bl-irħis. Il-gvern arralu u ma jridx jammetti. Min ma jammettix li għamel żball jerġa jagħmel l-istess żball.
0,It-tustaġni u l-egoiżmu tagħkom huma bla tarf.
0,"Hemm bżonn li l-gvern idur fuq in-negozjanti Għawdxin u bis-sewwa jew bid-dnewwa jħeġġiġhom jagħtu sehemhom għal aktar pubbliċità għat-turiżmu intern u mhux dejjem jistennew kollox mill-gvern tal-ġurnata, minn flus il-poplu. Flus il-poplu għandhom jiġu investiti aħjar minn hekk."
1,Jien nħoss li r-rebbiegħa għanda tkun ħielsa mill-kaċċa għax dak żmien kruċjali għall-għasafar. Issa ġieni ċ-ċans nesprimi ruħi b'vot u hekk ħa nagħmel.
0,Issa aħna sibniha d-diffikulta bil-preżenza tagħhom....għax m'hawnx bizżejjed... meta ħa nqumu mir-raqda? 
0,budget tac ciccri!! Laqas il wedgha tal granet festivi ma zam!
0,Dawn l-affarijiet huma ferm aktar inkwetanti mill-kaċċa fir-rebbiegħa poplu Malti!!! Qumu mir-raqda!!!
1,Baġit 2018 - Inqas Taxxi #inqastaxxi #maltabudget2018
0,Vera imdejjaq. Nixtieq fil-futur niftah business imma minhabba s-sess tieghi nircievi inqas ghajnuna. Imma milli jidher il-Labour OK bid-diskriminazzjoni jekk hi kontra l-irgiel.
0,U l-flus tal-fuel li seraq lin-nies u s-sidien tal-fabbriki u l-ħsara li għamel lil vetturi ser iroddhom lura fi flus?
0,Hawn ħafna li huma kapaċi jieħdu ħsieb tagħhom infushom; mela le! U hekk għandu jkun! Imma daqshekk ieħor hawn imzazen li faċli jinqabdu b'gamblu jinten.
1,Nixtieq nifirħilkhom u ngħidilkom prosit għas-site tagħkom.
0,Fuq dawn il-figuri pożittivi kollha l-oppożizzjoni u l-medja preġudikata tal-lemin ma jgħidu xejn.
0,"Anke jien niftakar meta kellna Prim Ministru u shabu il-ministri jiehdu 600 euro fis-sena baxx baxx minn wara dahar kullhadd u int u jien hadna 1,16 euro. Ahleb Wenz."
1,Ima trid tifhem li dan hu l aqwa zmien u fi zmien gonzi kien l ghar zmien.ara sewa jghid il malti hu l fama u mur orqod.
0,"Jien ma nafx x'hemm sew, meta mort jien rajt ħafna affarijiet mhux kif suppost."
0,Ħlief imaqdru u kollox ħażin ma jafux jgħidu. 
0,Il falliment ghamlu Delia li lanqas biss jaf il.prezz internazzjonali tal fuel gewwa l-EU.X'wahda waqatu ghac cajt il gurnalista tal One
0,Naħseb mhux qed jaħdem għal qalbu dak li hemm ħdejn il-ministru.
0,"Għandek dubju li l-gvern qarrieq? Anki fuq li jekk jitla l-PL jagħtik iċ-ċans li tħallas bolol ta' lura ġidba oħra għax irid ikollok ċertu eta, trid tkun taħdem u minn ċertu sena."
1,"Nirringrazzja lil min jieħu ħsieb dawn l-affarijiet ta' storja u kultura ġewwa pajjiżna, għaliex huma ta’ interess kbir kif ukoll utli għall-istudju ta’ uliedna."
1,"Il-medja qiegħda tirrapporta b'mod oġġettiv, biex min irrid vera juża moħħu jista jagħmel deċiżjoni għaqlija."
1,"Grande l-President, ara x'ser nitilfu."
1,It-tranżazzjoni mis-Sekondarja għall-Higher / JC / MCAST mhijiex faċli. Il-ġenitur għandu jibqa' jkun mgħarraf regolarment bl-attendenza u l-imġieba ta' ibnu jew bintu.
1,Nappella l-poplu Għawdxi biex jipparteċipa f'dawn l-attivitajiet tal-Istrina fejn dak li nagħtu ikun ta' ġid għal  ħutna fil-bżonn.
0,Allura mhux ser tagħmlu libell lil Malta Indipendnet ta' dan il-gideb malinn?
0,Sewqan taħt l-influwenza tax-xorb hu irresponsabbli u kundannabli. Għandu xorti m'għamilx għar milli għamel.
0,Forsi tkun tista' tixtri ftit lumi ohra ghat-taghsir.
1,Budget ta wara l elezzjoni !! Grazzi PL 
0,"Tal-mistħija, dan kollu għax qiegħed itihom x'jieklu? Min jaf x'ħa jiġri bl-annimali issa u fejn ser jeħduhom."
0,"Issa dawn mhux kollha fazulli, kemm jistaqsu erba minn nies u jagħmlu statistika."
1,Interessanti għax veru ħafna nies naħseb jirreferu għalihom bħala żewġ entitajiet differenti u mhux waħda jew l-oħra . Tajjeb li wieħed jibda jirreferi għal  Nazzjonijiet Uniti u mhux Ġnus Magħquda.
1,Nkompli nikkonferma kemm Dr. Borg qiegħed ikompli bil-ħidma ma tieqaf qatt sabiex iżomm standard għoli kemm fĦad-Dingli u kemm f'Malta inġenerali b'xogħol li jawtorizza u jaħdem biex isir.
0,L-inċentivi li ttieħdu kienu kollha mmirati biex il-mara u r-raġel joħorġu jaħdmu mhux biex irabbu t-tfal u jagħtuhom il-ħin!
0,Hemm bżonn li l-ministru responsabbli jiċċaqlaq u jara li l-pulizija tmexxi immedjatament fuq dan il-każ u fuq il-każ fejn raġel beda jsawwat żiemel bla ħniena.
0,Kulltant min tagħmillu l-ġid iħallsek lura bid-deni.
1,Grazzi ħafna MaryRose ta' kemm kont taspalla għal  marid u kemm neħħejt dwejjaq ta' solitudni minn qalb ħafna anzjani tagħna mmnikta bil-karattru sabiħ umli u sempliċi  tiegħek.
1,"Ħallieh jaħdem il-gvern favur il-poplu biex ma jkunx hemm ħafna stennija Mater Dei u wara tgħid li m'hemmx staff, tobba, u nurses biżżejjed Sur Pawl."
0,Ir-referendum ħa jsir għax il-poplu xebgħa jara partiti politiċi ibaxxu rashom għal kaċċaturi u jiġu jitmejlu x'jaħsbu l-bqija.
1,"Marielouise, kif konna nsejħulek aħna s-soċjalisti, mhux ser ninsewk qatt u int ser tibqa f'qalbna għal dejjem. Inħobbuk ħafna u nawguralek il-festi t-tajba."
0,"Genius. That's why despite the surpluses, we got less than the price of a box of panadol a week. Well done genius. U halluna."
0,"Jekk inhu veru Kummissarju li għandu għal qalbu l-ambjent , għandu jgħid bla tlaqliq li l-għasafar u kull ħlejqa oħra m’għandhomx jiġu maqbuda meta jkunu qed ibejtu."
1,Dan grazzi għall-Gvern Laburista għax qabel lanqas dawk ta' 18 ma rieduhom jivvutaw tal-Partit Nazzjonalista.
0,Il-ħafna kawżi kriminali tal-qrati jsiru minħabba l-istess aggressuri li ma jitgħallmux iġibu ruħhom tajjeb!
0,"Sur Simon Busuttil, x'mort tagħmel għall-Istrina fuq il-palk tħeġġeġ lin-nies sabiex jikkontribwixxu?? Mela insejt li kelkhom tagħmlu bojkot lill-Istrina. X'ipokrezija."
1,"Nemmen li l-esperjenza u d-dedikazzjoni, barra li jaf il-qoħob ta' kulħadd, tgħinu jiġġieled u jegħleb lil kull min flok jagħti l-eżempju, ikun qed jabbuża mill-istess poter li għandu fil-kolp."
0,Imissek tistħi taqbeż għal min qiegħed jinvadina.
1,"Jekk jittieħdu l-prekawzjonijiet meħtieġa, jiġifieri li t-tebut ikun issiġillat, allura ma narax problemi għas-saħħa."
1,"Prosit Dr, il-bieraħ Ħal Qormi kien hawn ġlieda u rapid intervention unit fi ftit minuti kienet fuq il-post, prosit tassew."
1,Kunu intom għalihom u tħossukomx ferm u ferm ferħanin aktar minn meta tgħin bniedem ax bniedem wara jagħmel ta' bir-ruħu li ma jafekx...
1,"Prosit lil kulħadd, mill-President l-isfel, anke lil dawk li riedu jagħmlu bojkott għax issa hemm il-Labour fil-gvern. Jiddispjaċini ngħaddi rimarki hekk f'dawn iż-żminijiet pero' smajt aktar minn kumment wieħed f'dan is-sens."
0,"Min jipprattika is-cyber harassment ikun aggressiv u aktarx aħdar, ma ninsewx li persuna ta' dan it-tip possibbilment ikollha xi mard mentali"
1,F'Malta għandna partit u leader fil-gvern li huma bil-qabda superjuri għall-Oppożizzjoni.
1,"Jiena nirringrazzja lilkom kollha tax-xogħol li qed tagħmlu u nawguralkom li tibqgħu taħdmu għal ġid tal-poplu u tal-pajjiż, grazzi."
1,Il-Moviment Laburista għandu biex ikun kburi li għandu tlett deputati li s'issa dejjem urew li qegħdin hemm biex jaħdmu għal ġid tal-bniedem komuni Ewropew.
1,"Qatalna nifisna bdak li ser itina . Kontra qabel ! fejn konna nistennew xse' JOHDILNA , ghax kien itina cekcika f'but minnhom u jehodulek mill-but l-iehor l-ghada , jekk mhux inhar stess ."
0,"Trid tkun bahnan biex ma tkunx taf id-differenza bejn taxxa u zieda fil-prezz ta' l-oggett.Il-PN ghalhekk qatt mhu ser ifieq, b'trolli bhalkom aktar tbghedu nies serji mill-partit."
0,Miljuni mormijin l'hawn u l'hemm bla rendikont u tberbiq ta' flus fuq proġetti falluti.
0,Kif ma tistħuhx tkomplu b'din l-attitudni tagħkom li kull ma tgħid l-oppożizzjoni huwa kollu gideb?
0,"Tgħid x'tgħid Moira, jien niġi nitmellaħ għax jien nikkmanda l-vot tiegħi! Nappella biex min għandu xi delizzju ta' kull xorta jivvota iva għax illum il-kaċċa u għada delizzji oħra. "
0,Minn president ġdid kont nistenna xi ħaġa ġdida. Replika tas-snin li għaddew anke l-preżentaturi tal-Istrina. Intenni prosit tal-ġabra imma ftit krejattivita pretendejta.
0,F'dan ir-rigward naqblu żgur....hija tal-mistħija li s-soċjeta sana tagħna spiċċat f'dan l-istat.
0,Kien poplu nġrat lejn min ħadem għall-ġid ta' Malta kollha u mhux għall-individwu. Tah l-akbar telfa għax żamm lil Malta soda f'reċessjoni globali; punt li rrikonoxxieh JM stess.
0,Fl-opinjoni tiegħi l-familja bl-akbar rispett kollu għanda tiftaħ każ ta' libell kontra Claudette Pace talli użat mewt fil-familja biex min għaliha ħadet vantaġġ politiku.
0,"Sfortunatament, għad baqa numru mhux ħażin ta' kappelli u knejjes żgħar li jeħtieġu attenzjoni immedjata."
0,"Hemm ħafna anzjani li mhumiex kapaċi jitolbu biex jixorbu meta ikollhom l-għatx, iridu min jitmagħhom mingħajr għaġla, iridu iktar kura intensa. Nispera li lil dawn iżżurhom ukoll u tagħżel il-prijoritajiet fil-missjoni tiegħek. Dawn jistgħu ukoll jieħdu pjaċir bil-viżita tiegħek u inti tkun tista tara u tmiss b'idejk."
0,Kull mhu illegali għandu jingħalaq. Dan mhux talli llegali... talli qed jaqla l-flus minn fuqu.
0,Sirna naraw kollox u kulħadd maħmuġ!!!
0,Prosit lil Gvern ta' pjan ieħor fallut.
0,"Għadni kif sirt naf biha, pero ddiżappuntajt ruħi għax il-kappella mhix ikkonoxxuta fil-website tagħkom."
1,Marlene Mizzi titkellem barra minn Malta favur l-interessi ta' Malta. Mhux kulħadd patrijott bħalha.
0,Aghmilna Europei flok arab
0,"Insomma, għal egoiżmu u n-nuqqas ta' prudenza Malta dejjem tiġi minn tal-ewwel!!"
0,Li kien għalija malli l-ekonomija tkun tajba ntajru dik il-kruha ta' ħakkikha tal-ġobon u nerġgħu nagħmlu l-pjazza kif kienet u nerġgħu nibnu biex il-belt li kien iħares il-Belt Kapitali.
0,Ahna nifirhu waqt li int tibqa indannat.
0,Naħseb li int wieħed minn dawk li tibla kollox u kuntent tissawwat biex qed tipprova tiġġustifika l-prezzijiet preżenti tal-fuel f'pajjiżna.
0,Xorta waħda wara dan kollu hemm id-dubju li ċertu nies qed jitħallew barra.
0,Jekk hemm xi ħaġa tinten nixtieq kieku xi ħadd jispjega.
1,Laqgħa entużjażta lil Ministru Manuel Mallia.
1,Pass tajjeb għax il-poplu għandu dritt għall-informazzjoni għaliex qed iħallas 50 fil-mija aktar għal fuel!
0,"Hawn irġiel li huma f'din is-sitwazzjoni veru, imma raġel ħafna drabi huwa ħafna iktar b'saħħtu, u meta jittratta mara ħażin fejn jidħol swat ħa jweġġaħha u hu d-daqqa tiegħu hija aktar b'saħħitha u fejn tidħol vjolenza verbali mara ħafna drabi mhux dejjem, hi tkun aktar dgħajfa."
0,"Nittama li dawn il-flus imorru għal dawk in-nies li huma fil-bżonn kif ukoll lil ta' Puttinu Cares l-aktar. Kif ukoll għal  dawk l-eluf ta' nies li huma f'riskju ta' faqar hawn Malta,
niftakru fihom ukoll li għal ħafna minnhom għaddejjin minn problemi ta' saħħa kif ukoll problema ta' poverta minħabba l-għoli tal-ħajja u xogħol."
1,Dawn Maltin ta' vera li qabżu għal pajjiżna għax issa xbajna pajjiż żgħir u invadewh... prosit tassew.
0,Is-sigurta trid tkun għal fuq l-ibħra territorjali ta' Malta wkoll. Min ma jidħolx mill-bieb jaf jidħol mit-tieqa!!
1,Azzjoni f'waqtha minn iben Ħad-Dingli. Iben li r-raħal dejjem ġie l-ewwel.
1,"Jiġri x'jiġri u jagħmlu x'jagħmlu, il-poplu xorta kuntent b'dawn l-affarijiet."
0,"Imbasta ħafna paroli fuq ''ir-riforma tal-ġustizzja'' u għandna Kummissarju tal-liġijiet, imbagħad fil-qrati tagħna jingħataw dawn il-porkerija ta' sentenzi."
0,Dan biex aktar taħbu? Nispera li le u nistgħu nkunu nafu l-ismijiet u l-karigi ta' dawn in-nies li ser jiffurmaw dan it-tim il-ġdid ?
0,Gvern kattiv...kemm qed jaralu jekk min għalih ser jibqa sejjer hekk.......fl-aħħar jieħu dak li ħaqqu u jerġa lura fis-siġġijiet tal-oppożizzjoni.
1,"Għandek mitt elf raġun, kellek xufier imħawwad. Nawguralek driver ieħor tal-affari tiegħu."
0,Sliema l-uniku tim li għandhom bżonn striker.
0,"Il-mizinformazzjoni jew il-maqlub tal-fatti, hija l-politika li daħal ex kap tal-Partit Nazzjonalista fil-vokabolarju ta' dizzjunarju tal-partit."
1,Budget 2018: “Kulħadd jinsab aħjar milli kien jumejn ilu”
0,Għafiġha sieħbi għax intom kontu qed tistennew li jippronunzja ruħu kontra l-kaċċa fir-rebbiegħa u ħarġilkom  is-sorpriża.
1,Prosit Sur President u sinjura tiegħu ta' xogħol li għamiltu għall-Istrina u preżenza tiegħek matul il-ħames snin tagħkom.
1,Dak kien zmien iehor. Ahna issa qed nghejxu. Zgur li budget hafna ahjar mill-passat.
0,Sewwa tagħmel. It-tobba għandhom bżonn ikunu iktar attenti fid-dijanjosi tagħhom.
1,"Fid-dinja l-""roll model"" tat-tfal għandhom ikunu l-ġenituri u ħadd iżjed. Il-ġenituri għandhom id-dover u dmir li jieħdu ħsieb uliedhom."
0,u tal Panama jixxalaw
1,Grazzi Mary Rose ta' kemm ferraħt nies tul il-karriera sabiħa tiegħek fuq il-palk.
1,Kull ħabsi għandu jingħata ċans ieħor għax kulħadd jista jiżbalja.
0,Arukaża kbira għax anzjana waħedha jagħmlulha hekk.
0,"Ghala il-""kompetizzjoni femminili"" ghandha headstart ta 20,000 Euros fuqi?"
1,Hija mara tal-fatti u mhux tal-paroli biss u iva ħaqqha l-onur għax taħdem għall-ġustizzja u favur il-promozzjoni tal-ħarsien tad-dinjita tad-drittijiet tal-bniedem.
1,Prosit komplu bix xoghol tajjeb.
0,Tista tgħid x'tgħid għax mhux ser nħallu wieħed jew waħda minnhom hawn Malta u fittex irriżenja għax il-poplu Malti ma jridx lil min jimminah bl-immigrazzjoni illegali.
0,Pajjiżna qed jieħduh il-barranin u l-klandestini u uliedna mhux se jkollhom fejn joqgħodu.
0,L-arroganza tal-PL hija insult lejn min ivvuttalu.
0,Hallas Bahnan
0,Jekk joqtolli l-qattus ihallas bil-forka
0,Ħsara fiżika ma ġratx imma bl-umilta kollha ma naħsibx li kienet ħaġa f'waqtha.
0,Qares l-gheneb...mela tibza' mill-kompetizzjoni femminili
1,Il-proġett il-ġdid f'Pjazza t-Tokk m'għandux iservi bħala post kummerċjali għal -imwejjed ta' ħwienet ta' madwar iżda għandu iservi bħala post ta' mistrieħ għaċ-ċittadin.
0,Min hu responsabbli għal dan imissu jistħi.
1,Nifraħlek għax imxejt aħjar mid-darba ta' qabel.
0,Daqqa għax iridu jiddiskutuha u daqqa għax ma jafx fejn qiegħed. Dan kollu jfisser li mhux veru jemmen hekk imma għax ma setgħax jagħmel mod ieħor.
0,"1.75c ghal haddiem, zewg euros ghal fqir u 3 jobs ghal tal qalba, DEBORAH SCHEMBRI, wiehed minnhom ta 42,000 Euro. Dik gustizzja socjali ? Gvern tal haddiem li jqassam il cake gustament. Surplus. Anqas flat u skola wahda f-5 snin. Il poplu jittewweb, il faqar jizdied, surplus ghal tal qalba."
1,Ma noħodlux xogħolu lil Beppe u biex tkun taf kemm hu umli staqsi lil kandidati li joħorġu fuq l-istess distrett tiegħu.
0,"L-irġulija hekk iġiegħlek tagħmel, imma jidher biċ-ċar li inti nieqes minnha u trid tibqa imwaħħal mas-siġġu tal-poter."
0,"Il-popolazzjoni Musulmana f'Malta qed tikber sew, biżżejjed tmur timxi tas-Sliema u ħlief Musulmani ma tarax. Irridu nibżgħu għal  dak li hu tagħna."
0,"Trid tkun fjakk bħal Pietru biex tikkritika l-prezz tal-fuel issa, meta għal ħamsa u għoxrin sena sħaħ kellna prezzijiet mgħola l-infern."
0,X'ħasra. Ħajja maħsuda intortament.
0,Kull m'għamlu ġew ġabru s-siringi li ħarġu bil-borża taż-żibel u telqu l'hemm.
0,Min għamel frodi jħallas hu u l-familja tiegħu mhux inħallas għalih jien u l-familja tiegħi.
0,"L-istorja tirreppeti ruħha. Iż-żebgħa u l-Franċiżi iffakruni fl-istorja li ġrat fil-konkatidral ta' San Ġwann fi żmien il-ħakma Franċiża f'Malta.
"
1,Jiena nemmen li Fr Rene Camilleri huwa l-għażla idejali biex imexxi l-knisja l'quddiem.
1,ċittadin onest.
0,Nissuġġerixxi li naħtru nkjesta biex naraw fejn marru dawn il-flus jew inqabdu l-uffiċju tal-awditur biex jaraw jekk għal li jista jkun sarx xi żball u nfieq fuq xi ħaġa oħra  sabet ruħha fuq wieħed minn dawn it-tlett kontijiet
1,Onorevoli dawn huma kollha affarijiet sbieħ u dawk l-anzjani li għadhom mhux ħażin igawdu minn dan il-proġett.
0,"Fil-waqt li nerġa' nagħtikom il-prosit, ma nafx kemm hu biżżejjed li nagħtu nformazzjoni fuq kappella, niktbu l-istorja tagħha, iżda mbagħad naraw illi din qiegħda fi stat tal-waħx."
0,Nispera li wara sena u fuqhom imissu jtina l-flus lura li ħaddilna...
0,Sirt nibża nsuq speċjalment bil-mutur. Rispett ta' xejn.
0,"Is-surplus fejn sejjer, ghand in-nies tal-qalba, sur PM u Ministru tal-finanzi?"
0,Hemm ġrieden xjuħ li għandhom tattika kif jispjunaw fuq in-nies. Dawn affarijiet serji.
1,"Kull ma jrid il-korp tal-pulizija hu daqxejn ta' ""polish up"". . Iridu jiftakru fil-ġurament li jaqdu dmirhom b'onesta u mill-aħjar abbilta tagħhom. L-uniformi għal hekk jilbsuha."
0,"Moira tajbin kienu s-summien li beda jsajjar il-kok tal-programm tiegħek, jekk ma kilthomx xammejtha r-riħa u ma tlaqtx il-barra."
1,Raġel ta' qalb kbira mingħajr dubju ta' xejn.
0,Li tikkonsidra s-satira bħala arma tal-għadu tiegħek tikser l-liberta ta' espressjoni li tista u għandha tkun eżerċitata f'pajjiż demokratiku.
1,"Jiena nifhem u nfaħħar id-deċiżjoni ta' Busuttil, jien xorta ser nivvota kontra l-kaċċa fir-rebbiegħa."
0,"Id-dipartiment tal-Agrikoltura naħseb li għandu imħuħ li jafu dwar siġar ta' preġju u allura jistgħu jsiru siġar ta' preġju u dak li kważi hu marradi mhux aħjar li jinbidel ma' dak sabiħ, u b'hekk dan it-tokk jisbieħ u ma jibqax qisu mara b'nofs ilbies kif nara ċertu siġar bla sbuħija ta' xejn. Viżjoni moderna"
0,Il-problema hi li diġà hemm min (anke fil-kamp tal-PL) li ntebaħ li dak li tfaċċa taħt il-kappa tas-salvatur għandu pjanijiet differenti minn dawk li konna mwegħdin qabel l-elezzjoni.
0,Sentenza oħra sospiża. Imbagħad xi ħadd jisraq għax fqir u bil-ġuħ u jeħel xi għaxar snin ħabs. X'ġustizzja hi din?
0,Is-sabiħa hi li tilef bi tkaxkira għal dal-ispeċi ta' gvern li għandna issa . . . qas jitwemmnu jekk ma jsirux. Grazzi għal dawk l-imzazen kollha li ħasbu li Chowie & co. setgħu joffru xi ħaġa aħjar . . . kemm marru żmerċ!
0,Mela kieku ma kienx dgħajjef x'kien jagħmlilkom?
1,"Mela l-pajjiż kompla mexa aktar il-quddiem .... Mhux kif beżżawna xi wħud li ser nispiċċaw dritt ġol-ħajt ... u li ser nitolbu ""bail out"" u nfallu bħal Ċipru u l-Greċja... Rekord ġdid fl-Istrina .... ir-risposta u l-verita differenti ferm minn dak li qalilna xi ħadd ftit xhur ilu !"
0,"Ara veru l-flus jami lil kulħadd. Prosit Moira, oħroġ kontra l-kaċċa imbagħad għax hemm il-flus fin-nofs tagħmel programm kif issajjar is-summien."
0,"U l-oħra , m'għamlithiex għax ma kienx hemm dak li ħasbet , imma l-intenzjoni xorta waħda kienet hemm u kieku kien hemm dak li ħasbet kienet teqirdu."
0,Tgħallem għid xi ħaġa ġdida u wara mur oqgħod aħseb u kejjel dnubietek.
0,Poplu batut gvern paxxut
1,Jagħtu merħba kbira lill-ministru li jinsab fuq fomm kulħadd anke barra minn Malta.
0,L-annimali sbieħ fl-ambjent tagħhom u mhux ġewwa gaġġa.
0,Dan news? Iċċekkjaw mal-kunsill qabel ma tinsinwaw. Forsi għalaq il-kuntratt.
0,Prosit PM Joseph Muscat. Din tas-single parents dejjem kien hemm dubji u abbuż f'ħafna każi. X'kien qed isir huwa ovvju.
0,"Allahares kien bil-kontra. 20,000 Euros hajja jew mewt ghal business qed jibda. Ammetti li ma jista jaghmel xejn il-Labour li tghid kontra, lanqas jekk Muscat joqtollok il-qattus."
1,"Fejn jidħlu ġbir ta' fondi, Bandi u Peppi minn tal-ewwel."
1,Tpoġġa għax hu kapaċi u konvint li l-PN ma jistaw jgħidu xejn kontrih.
0,Dan l-aħħar kelli xi problemi fil-kompjuter u ma stajtx inżomm kuntat u nsegwi l-iżviluppi.
1,Għandu raġun  Cassar jgħid hekk għax fi żmienu bħala ministru kollox kien miexi fuq ir-rubini.
0,Mill-kitba tiegħek ngħid li m'għandix nemmnek.
0,"Kont xi ftit iddiżappuntat għax m'hemm xejn fuq il-kappella ta‘ Santa Ubaldeska, Paola."
0,Prosit tassew! Fil-verita liema mħallef jew ġudikatur ser jidħol f'balbuljata bħal din?
0,Tal-labour jafuhom żgur għax wieħed minnhom naqsulu l-akkuża dik li huwa uffiċjal pubbliku!
0,Bil-mizerja ta' zieda ta' 1.75 cents zieda thallas il-poplu waqt li l-klikka bl-eluf.
1,meta kien hemm il par idejn sodi qat ma zdidu il pagi il pensjonijiet kul budget kien kollu taxxi gholi tad dawl serq mit taxxi tal karrozi HU ibqa zgur li it teacher qed isijr sudju tiga qal li irried ikollom paga dicenti
0,Tlabt li dan il-gwardjan lokali jitneħħa minn fuq ir-rotta tas-Siġġiewi minħabba li aġixxa b’mod li mhux raġonevoli kif ukoll daħal f’konfrontazzjoni mar-residenti.
0,Għandu bżonn iduq il-frosta hu wkoll dal-bully. Postu mhux man-nies ċivilizzati.
1,"Mis-sena d-dieħla il-Gvern se jkun qed jiżra’ siġra f’isem kull tifel u tifla li jitwieldu f’pajjiżna - madwar 4,000 xitel ta’ siġar."
0,Aħna hawn Malta diġa qegħda tinħass u għalhekk għandna nħaddmu moħħna u ningħaqdu speċjalment meta ssir xi dimostrazzjoni bħal din fejn għandha ssir pubbliċita li tasal għand kulħadd anke jekk jkun bżonn inħallsu.
0,"L-għaqda Din L'Art Ħelwa tagħmel ħafna f'dan ir-rigward, pero ma nafx kemm hu biżżejjed."
0,Dak inhar missierek aġixxa b'mod irresponsabbli u malinn !!!
0,Kull budget ikollu il-helu u l-morr. Min jahseb li gietu tajba u jahseb li baqa fejn kien. Bi 15 il-euro zieda fix-xahar mhux se nibnu vilel ahna l-pensjonanti imma Deborah Schembri altru li tibni b'zewg salarji eccezzjonali barra il-qliegh taghha mill-professjoni. Giet ahjar hafna milli kienet meta kienet Segretarju Parlamentari.
0,Wara li jservi s-sentenza keċċuh għal għomru minn Malta.
1,Qumu ftit fuq tagħkom. Ingħaqdu u ġġieldu għad-drittijiet tagħkom. Sejħu laqgħa u ibdew ħudu azzjoni.
0,X'differenza minn oħrajn li biex iħammġu lil art twelidhom jaslu biex jigdbu.
0,Tgħid l-irwejjaħ ta' dawn l-annimali kienu qed idejqu lil xi ħadd?
0,Qum poplu ħalli dawk li ħadu minn wara dahar il-poplu irroduh lura.
0,Possibbli li tgħid dan l-inċident tappan ix-xogħol tiegħek.
0,"Il-kriminali kollha għaddejjin xalata, lanqas ħaqq il-ħela ta' flus fi spejjez tal-qorti u x-xogħol li jieħdu l-pulizija."
1,Din hija l-akbar somma li qatt ġiet preżentata waqt l-Istrina. Ma niftakar l-ebda somma daqshekk.
1,Prosit lil kull min ħadem fil-Fun Run u lil Presidenta.
0,Ipproteġu L-Maltin għax ħadd ma qatt tagħna l-għajnuna imma l-Maltin stess ħadmu biex ikollna pajjiż tagħna.
0,"Il-bniedem li wasal l-ewwel fuq il-post u ordna li titneħħa l-karozza jiġi ħu t-tfajla tas-surġent, mela l-kobba tkompli titħabbel."
0,"Qabel jitilqu l-emigranti illegali minn Malta ma jistax jinqata il-prekarjat, kemm ilu li bdew deħlin huma inħoloq il-prekarjat."
1,"Prosit Dr.Luciano Busuttil, kollu minnu li qed tgħid."
0,Issa jekk jinstab ħati li seraq in-nies nispera li jibbukkja ċella Holiday Kordin.
0,Illum il-ġurnata l'ilsien sar għar minn arma.
0,Kemm nieħu pjaċir meta nara artikli bħal dawn. Artikli bħal dawn juru tajjeb kemm il-politikanti verament fuq din il-qoxra qegħdin jgħaddu ż-żmien bis-soċjeta Maltija.
0,"Taxxi 'moħbija', kulħadd jisraq il-poplu waqt li ġie mogħti 58 cents żieda!"
0,"Allura ħa nagħmilha tal-baħnan ta', jekk il-ġlied bejn żewġ gvernijiet rivali, allura ma tistax tinqasam u jieħdu nofs kull wieħed dawn? Bir-rispett kollu ta' mhux  tajbin għal bejniethom aħseb u ara għal man-nies"
0,Hemm hekk ċertu pulizija vera kattivi u huma għar mill-kriminali nnifishom. Għalhekk affarijiet bħal dawn tistennihom.
1,"Prosit Joe Mizzi, kontrattakk f'waqtu u f'postu. Qed isir avvanz madwar Malta u Għawdex kollu f'kull settur."
0,"L-ewwelnett ma naqbel xejn dwar vendikazzjonijiet, anzi nikkundanna dak kollu li ġara."
1,Prosit lil advisers li għandu madwaru. Sieħeb tal-istipendji tal-istudenti li qed jagħmlu l-kors ta' Diploma għal  Prokuratur Legali fl-Universita.
1,Avukat tajjeb!
0,Jaħasra x'mentalita. Kieku għamilha ma' ħajt ngħidlek neħħiha minn hemm għax il-Belt Valletta hi Barokka. Imma fejn għamilha m'għamel ħsara lil ħadd. X'injoranza.
0,"Simon ixxukkjat għax Joseph qal li s-single parenthood mhijiex professjoni. Ovvja, għax hi status mhux professjoni."
1,Ir-rispons tal-kommunita internazzjonali għal dan l-att terroristiku huwa qawwi.
0,Jekk minix sejjer żball għamel żmien jaħdem wara l-bar PV. Ili ma narah.
0,Tghidx hmerijiet . Taghtix ahbarijiet foloz. Inkunu rgiel. Zewg euros hemm ghal pensjonanti u mhux 2 u wiehed u 3 kwarti. Ma ningannawx lin nies.
0,"Nivvutaw…xbajt niġbidlek l-attenzjoni u kollox jitħalla għaddej...ma jinbiddel xejn… ħafna jitħallew għaddejjin, iħawdu u jagħfġu."
0,Fil-medja bosta drabi jinkiteb kliem ilellex minn xi individwi.
0,dumb arse go and check with your delia Mamo kompli inharaq ja gidra
0,Qed naraw liż-żejt qed jitla' f'wiċċ l-ilma! Issa qed nibdew naraw min bagħbas fil-verita!
1,"Mhux dejjem naqbel ma' dak li jgħid Matthew, pero din id-darba naħseb li qed jgħid is-sew."
1,Kburija li naghmel parti minn dan il-Gvern @MaltaGov #Budget2018 @PL_Malta #malta @JosephMuscat_JM
0,Il-ġlieda trid tkun kontra l-barunijiet mhux kontra l-vittmi li l-qrati ma jurux ħniena anki jekk jammettu snin twal meta dawk għandhom jingħataw lil barunijiet.
1,"Wara l-ħażin kollu li sar fuq din il-kelba, issa l-aqwa li din ġiet salvata minn ħalq il-mewt."
1,"Tnejn minnhom, is-sur Gorg Pullicino u s-sur Tonio Fenech, jagħmlu ġid kbir lil partit nazzjonalista."
0,Min jaħqar l-annimali jrid lezzjoni biex jitgħallem iġib ruħu ta' nies magħhom.
0,"Dr.Demarco, x'taf fuq il-liġi ma nafx imma fuq ekonomija, industrija u entraprizi jidher li int un bel zero. Tkomplix tirredikola ruħek. Kont nagħmlek iktar serju. Jekk qegħdin jġegħluk tagħmel hekk ibgħathom jixxejru u ibża għal  ismek"
0,Hawn ħafna bħalu sieħbi tibżax...il-problema li ż-żewġ partiti żero.
1,Grazzi kbira lil poplu Malti u lil President Gorg Abela u s-sinjura tiegħu li għalmu lil kulħadd x'jiġifieri tkun president...bla dubju l-aktar president li ħadem mill-presidenti kollha.
1,Jiena onestament naqbel ħafna ma' din il-miżura. Dan għaliex tipproteġi ħafna lill-Oppożizzjoni li ripetutament tispara għal saqajha.
1,Jien kuntent ħafna li f'Malta hawn partit tal-onesta u tal-indafa.
0,Inlestu ghalL- futur. WHAT FUTURE ?????????? It would have been more appropriate if this slogan would read INLESTU GHALL-AKTAR KORRUZZJONI.
0,L-aqwa li nibqgħu l-ilsiera tal-barrani kemm ta' fuq u kemm ta' isfel. Qegħdin għar minn meta konna kolonja; prosit lil politiċi hekk jgħidu Maltin.
0,"Kif ma sar l-ebda tnaqqis, meta suppost konna mwegħdin li ser jingħataw b'xejn."
0,"Mhux faċli li jitranġaw l-affarijiet fil-Libja ,ħasra għax pajjiż li jista jżomm ruħu fi stat tajjeb minħabba ż-żejt li għandu u qed jisfaxxa fix-xejn ."
0,dan ma kienx xejn hlief ex ministru tal PN u kien qal ukol u ' wara naharqu kollox' u vera hekk gara ghax fqajtu malta bid dejn !!
0,Mhux sewwa li f'pajjiż ċivilizzat jkollna dawn il-kummiedji. Kull ċittadin rasu fuq għonqu jrid jirribella għal dan. Min jiddefendihom billi jsemmi fejn naqas ħaddieħor juri kemm m'għandux prinċipji.
1,"L-annimali miżmumin f'kundizzjoni tajba ħafna, hemm post vera sabiħ."
1,"Agata kienet mara ta' lazzar b'qalb tad-deheb, fis-60's konna nbiegħu l-gazzetti għalhekk kellna ħafna kommunikazjoni magħha. Kienet ġentili u tilqagħna f'dara."
0,Għandna gvern rieqed fil-fond quddiem problema allarmanti. L-aqwa li ħa norganizzaw iċ-CHOGM.
1,Grazzi JM u SB talli rajtu l-interess ta' Malta qabel dak politiku.
0,"Hekk sewwa li dak li jkun ma jgħidx kif ser jivvota, imma ara l-oħrajn biex ma jitilfux voti għidu kif ser jivvotaw."
0,Il-ministru nappellalu biex jieħu ħsieb it-telqa u l-ħmieġ li qed jħallu s-sindki nazzjonalisti ġewwa Għawdex.
0,Kemm intom bravi biex tattakkaw lil dak u lill-ieħor u fl-istess ħin tinħbew wara isem anonimu!!
1,Ir-raġuni ma fihiex forza. Trid tirraġuna bis-sens. Dak kollox.
0,"Aħjar il-Mons Scicluna jieħu ħsieb is-salib kbir li l-knisja għandha rigward pedofolija, tal-mistħija dan il-mons."
1,Indafa kien hemm u ma kienx hemm moħqrija u hemm x'tara.
0,Ħadd ma qal għan-nuqqas ta' esperjenza imma l-fatt hi li maġġoranza kbir ta' karigi ingħataw lill-persuni li ma jifhmu xejn fuq x-xogħol li ngħataw.
0,Minn kollox qed naghmlu u ngħidu biex mingħalina nerġaw nirbħu n-nagħag mitlufa.
0,Ma hemm imkien imsemmi li Euro 2.00 lill Pensjonant hija over and above Euro 1.75.
0,"Il-pulizija jagħmlu  tajjeb li joqgħodu għassa għal dawk il-klandestini li jkunu qegħdin ħdejn il-monument tal-gwerra ta' ħdejn il-parkeġġ privat, ħdejn it-terminus tal-karozzi tal-linja u anki fit-terminus ħdejn gabbani u warajha ħdejn il-latrini."
1,Min jiġi merħba bih basta jintegra magħna hu. Jekk dan isir ma jkunx hawn diżgwid u l-armonija fost kulturi differenti tirnexxi.
0,"Biex tnaqqas l-ispejjeż l-Air Malta messha ma mpjegatx ruxxmata nies bosta minnhom bla bżonn dan l-aħħar, u messha qagħdet attenta x'salarji fenomenali offriet li xi wħud."
0,Qabel kien isiru l-konfoffi u l-laqgħat sigrieti fir-raba sular tal-kwartieri tal-Labour u issa qed isiru laqgħat ta' terrur fir-raba sular tal-Ministeru tal-edukazzjoni. Li nesa Dr.Cassar huwa it-terrur li ħalla warajh fid-Dipartiment tas-saħħa.
0,Żball ma jitranġax b'ieħor. Kas ċar daqs il-kristall u fih tagħlima.
0,Ngħid lil dar-raġel jiġi siegħa xogħol miegħi u jara minn xiex ngħaddu.
0,Imma kemm tifilhu tkun giddebin u ma tgħidux l-fatti. Mhux minnu li Malta biss tapplika għal deroga tal-kaċċa fir-rebbiegħa.
0,"Jekk il-ministru għamel xi ħaġa ħażina u kien involut f`xi ""cover up"" kif allegaw tal-PN, il-ministru jirriżenja minn jeddu."
0,Għax il-Maltin saru jinxtraw bil-flus u addio valuri.
1,Prosit eċċellenza President ta' Malta. Bik għandna Sandro Pertini Malti. Unur għal pajjiżna li għandna President bil-kwalitajiet kollha u l-kapaċità li jgħaqqad poplu Malti kollu. Aħna ma rridux President nazzjonalist/laburist. Aħna rridu President li jkun kapaċi jgħaqqad iċ-ċittadini flimkien li huma fil-kwalitajiet ta' George Abela u s-sinjura tiegħu. Prosit!!!
0,"Nies jinqatlu bl-amment mill-qawwa Israeljana, bini illeċitu  fuq art tal-Palestina...u għal Ewropa qisu ma ġara xejn, għax imġebbda bl-ispag tal-Amerika.....issa sew għax l-Ewropej ġew front line biex jiddefendu l-interessi tal-Amerika."
0,Mark naħseb li mintix tirraġuna tajjeb hawn. Jien ċert li kieku kienet taf minn xiex ser tgħaddi żgur ma kienitx tieħu dik id-deċiżjoni.
1,"Jistħoqqilhom aħjar għax dawn huma umani wkoll. Mhux sens komun dan, jewwilla!"
0,"Int hekk mit-twelid? jew kont waqqajt u spiccajt kif Int? jekk il-maggoranza idjota int bniedem bla hobby, pensjonat iffrustrat imdejjaq bih innifsu. mhux ahjar tmur tigbor ewro biex thallsu d-dejn li hallejtu f'taxxi, bolol, Vat etc mhux twekka bihom Delia."
0,Aħjar ħasbu naqra fina pensjonanti għax lanqas immorru darba fil-ġimgħa sal-Belt mhu ser nkunu naffordjaw!
0,"Ma nafx kemm ili naqra li ser jieħdu azzjoni l-awtoritajiet, imma xorta kollox hemm għadu. U aktarx hemm jibqa'!!"
0,Naħseb min taha il-liċenzja kien kuġin tagħha. Tal-biki kif jaddu mill-eżami tas-sewqan.
1,"Kieku kien xi ministru kont naqbel miegħek, pero l-pulizija, għalkemm ma tantx għandi grazzja magħhom, f'dan il-każ m'għandux tort."
1,"Stat ta fatt.....ma hidtilniex minn dak li diga ghandna, u tajtna xi haga zghira ukoll. Grazzi. Naprezza li hawn minn hu fil-Bzonn izjed minni."
1,Ta' min jgħid ukoll li Agtatha Barbara kienet tħobb ħafna l-gżira Għawdxija.
0,Nemmen li jsir min isir isqof ta' Malti il-knejjes ser ikomplu jitbattlu mill-fidili.
0,"Il-Maltin jinkwietaw ħafna bl-immigrazzjoni u bl-integrazzjoni. Issa jekk ma ngħatux każ tax-xewqa tal-poplu, ma nistgħux inkunu demokratiċi."
0,"Tajjeb, kollox bħal ""low cost"" barra l-prezz tal-biljetti!"
0,"X'onesta ta' nies, dnub li l-poplu ma reġax tellahom fil-gvern għax veru mingħajrhom Malta ma timxix."
0,Il-Maltin igergru għax iħossuhom abbandunati mill-gvern. Jekk tmur fuq Facebook taqra ħafna tgergir minħabba l-ħmieġ li hawn f'ħafna rħula u li l-gvern jew il-kunsilli jinjoraw.
0,"Delia ma'sab xejn fil-Budget tajjeb . Irid jistudja biex jghamel ahjar . Kif ma' jafx . Li hu HAZIN jaf, IMMA jekk tistaqsih fejn MA' JAFX ."
0,Prosit Sur Ray Zammit. Tajthom risposta lil min iddubitak u għamillek il-ħsara. Kompli kif int għaddej u aħdem ħalli każijiet antiki isolvihom għax hemm bżonn.
0,"Ftit ftit qed toħroġ lil Malta mid-diżastru li kellha fil-finanzi, wirt storiku."
0,Sewwa jgħidu....il-bniedem għal ftit ċenteżmi jinsa żaqqu. Ippreferew il-kommissjoni minflok ikla suret in-nies
1,"Eċċellenza , ser nerġa' nirrepeti dak li għidt . Nixtieq nerġa' narak President għal ħames snin oħra. Dak li wettaqt int ser nibqgħu napprezzawh għal dejjem. Grazzi ta' kollox u nawguralek is-saħħa u s-sena t-tajba lilek u l-familja."
0,Naqbel ma' Joseph Cauchi perfettament. Dawk li kienu pensjonanti qabel l-1979 għal darb'oħra reġgħu ġew minsija.
0,"Tibżgħux, attakki bħal dawn għad iridu isiru f'kull pajjiż tal-Ewropa."
0,U n-nazzjonalisti għadhom jitkellmu fuq sparatura.
0,"Fittex lil warden fil-privat tal-abbuż ta' poter, għax dawn hekk iridu mhux noqgħod ingerger biss u ma nagħmel xejn. Taf x'għandek tagħmel Sur sindku."
0,"Naħseb li għażaqt waħda u sew, għax meta tara l-bankini u partijiet minn toroq li kienu taħt idejk jekk tagħsarhom ma ssib l-ebda waħda sura ta' nies."
1,Il-pajjiż tagħna fih ħafna nies intelliġenti. Għalhekk għandu juża r-riżorsi umani kollha tiegħu.
0,"Jien ilma tal-vit ma nixrobx ghax mhux tajjeb. L-ilma mhux ghal-loki u ghall-hasil biss qieghed. U jekk ma ndunajtx, forsi int ma ssuqx, il-maggoranza tat-toroq Maltin imzabba minhabba x-xoghol hazin li jsir meta 'jiswew' is-servizzi tal-ilma. Qabel ma jitqieghdu s-servizzi sewwa ma tistax tirranga t-toroq! Possibbli qatt ma ndunajt li triq b'wicc gdid wara ftit xhur tibda tara l-ewwel sinjali ta' purkerija ta' xoghol tal-WSC jew il-kuntratturi taghha? Il-prosit intih lil min jaf jaghmlu x-xoghol; wara kollox l-ilma mhux b'xejn u meta nhallas, nhallas ghall-ilma tajjeb u mhux ghal dak li ghandu toghma ta' medicina u chlorine u li lanqas ghat-tisqija mhu tajjeb ahseb u ara ghan-nies f'pajjiz suppost zviluppat!"
1,Jien mort u ħadt ħafna gost.
0,Il-knisja trid tinbidel !!!
1,Il-kliem hu faċli u l-pajjiż jippermetti l-espressjoni ħielsa sempliċiment bħala mekkaniżmu ta' difiża li jservi biss bħala sfog ħalli inaqqas ftit ir-rabja.
0,Tinsewx li dawn it-terroristi għandhom il-moviment ħieles u jistgħu jiġu Malta bla ebda xkiel kif qed jiġu l-kriminali l-oħra jisirqu minn pajjiżna.
1,Artiklu tajjeb. Riflessjonijiet interessanti fuq ir-reliġjon u l-kurja.
0,Pero jiena mhux qed nara jikkrejaw impjieg ta' kwalita ferm għolja għal ħaddiema Maltin Prim Ministru!
