1,"Está situado en el centro de la ciudad , con todo lo más turístico a tu alrededor ( El Pilar , por ejemplo ) , y sitios para tomar algo ."
1,"un lugar hermosisimo , inolvidable. hermosa atención · rescato el servicio , como asi también la calidez de su gente y el hermoso entorno natural. nunca olvidaremos este viaje. rescato el lugar , la playa. la variedad de comida y la calidad. desde bien tempranito al cruzarte con el personal siempre hay un saludo y buena onda. el tamaño de las habitaciones es espectacular. nos gusto mucho el spa , es un lugar muy familiar y para descansar"
1,Todo absolutamente recomendable .
1,El metro está a 50 metros bajando tan solo una calle .
1,Y de Toscana ... mejor que lo veais ... y además delo bonito que es Florencia y Siena ... perderos por sus pueblos ..
1,"El hotel esta bien , por el precio que pagas , buena ubicación cerca de la estación de trenes Santa Maria Novella ,"
1,"Las habitaciones eran perfectas , están repartidas en diferentes casas ."
0,El peor hotel de punta cana !
1,Nada caro para el lugar donde esta y las comodidades que ofrece .
1,Buena calidad / precico
1,"Fue una experiencia muy buena con el servicio , la verdad es que quede muy satisfecho , no pase mucho tiempo ya que solo estube dos noches en el , pero como ya he dicho a parte del servicio muy bueno las instalaciones tambien lo eran"
1,"El acceso se hace por una esquina en la calle carmen , no en la misma puerta del sol , lo que te da una intimidad para acceder y evitar el bullicio de la gente en este lugar ."
1,"Hotel Paris de Encamp , Andorra , barato y bueno"
1,Finalizando su remodelación
0,"El desayuno no es gran cosa , y la comida no es del tipo casero ."
1,El hotel Nh Eurobuilding es un de los grandes hoteles clásicos de Madrid .
1,"Las camas perfectas para un hotel de su categoría : grandes , cómodas ( también las almohadas ) y limpias ."
1,Buena relacion calidad / precio .
1,"Reverve el hotel palladium punta cana y no me arrepiento , he pasado unas vacaciones estupendas , el personal de recepcion es muy prfesional , me atendieron muy bien , la comida del los restaurantes es muy buena , la animacion entretenida , los chicos de los bares son muy alegres ."
1,Este hotel engancha
0,Lamentable .. deja mucho que desear los servicios prestados con las estrellas que tienen .
0,"El desayuno podría ser mejor , principalmente el pan ."
1,"Somos de Ecuador.Estuvimos alojados en un bloque un poco alejado pero fue nuestra decisión y mejor que fue así ya que con la excelente comida que sirven lo mejor que puedes hacer luego de comer es caminar , disfrutar los hermosos jardines / paisajes y respirar el aire fresco de la playa ."
1,Le daría 5 de 5 estrellas .
1,Tiene gimnasio pero no lo utilicé .
1,Hotel con precios muy competitivos relación calidad / precio .
1,Fin de semana completo
1,"Al margen de experiencias y sensaciones que cada uno pueda tener , a mi me gustó mucho que en un hotel todo incluido que uno viaja para tratar de moverse lo menos posible , tengas muchas opciones dentro … piscinas , canchas de tenis , club de niños , SPA donde optas a hidroterapia , tratamientos faciales y corporales , baños termales … Una zona para fitness también y estética … Una pasada la verdad para quienes nos gusta tanto el mundo del relax y el bienestar … tdo muy bien correcto , trato , habitación , comidas …"
1,"El hotel se encuentra en la parte final de su remodelación , han cambiado los baños y en las habitaciones han integrado en el interior de la habitación los balcones que tenía este hotel ."
1,"Se encuentra justo al lado de la estacion de trenes , y en frente de un estupendo centro comercial , para ir al cine en momentos de relax despues de haber hecho turismo por la preciosa ciudad ."
1,"E hotel tiene unas instalaciones muy modernas incluida piscina en el último piso , de nueva construccion , está bien cuidado y muy limpio ."
1,Una vez sales de la sala tienes una zona exclusiva con hamacas en cantidad suficiente para que no tengas problemas de ubicación .
1,Tiene una parada de autobus en la puerta que lleva directo al centro .
1,"La verdad es que el hotel estaba bastante bien , ya que las camas eran comodas , y en una ciudad como roma el hotel se usa solo para dormir ."
1,Gente seria y responsable !
1,"Tienes a un paso y sin necesidad de transporte público , restaurantes , espectáculos , turismo urbano etc."
1,Un lugar de excelencia para nuestras vacaciones !
1,"Si vuelvo a Roma , me alojaré en este hotel y si me pregunta alguien , lo recomendaré ."
1,El trato de los trabajadores del hotel es muy agradable y las habitaciones son bastante espaciosas .
1,Superó nuestras espectativas .
1,El desayuno el resto de los días genial el buffet .
1,Sorpresa enorme
1,El personal ha sido en todo momento muy amable .
1,Volveremos con toda seguridad el año que viene .
1,Multitud de bares y restaurante en los alrededores y vida nocturna .
0,La comida normalita .
1,"La habicación es muy buena y el precio es adecuado a la calidad , si bien sin ningún tipod e oferta no es barato ."
1,Buen Hotel
1,Muy atentos
1,Estaba animado con ambientillo esquiador pero sin agobios .
1,Grande y potente .
0,"Cuando llegamos la puerta no funcionaba , conseguimos entrar , y se pusieron a arreglarla a la hora de la siesta ."
1,"El hotel es precioso , las instalaciones amplias es decir cuartos amplios con aire acondicionado , friobar , terraza , camas queen , escritorio , pequeña sala ."
1,Y para rematar una cena romántica .
1,Hemos quedado muy satisfechos con la relación calidad precio del hotel .
1,Todo lo necesario a media hora del centro .
1,"Bastante bien , estuve 4 días y si volviese a Milán , volvería sin duda a este hotel que recomiendo 100 %"
1,"Yo estuve en este hotel hace un año con mi pareja ; la verdad que yo lo cogi por oferta y me quede muy satisfecha del ambiente , las instalaciones y el trato ."
1,Tambié tienes un centro comercial al lado con un alcampo para poder comprar la comida alli y llevarla a tu estudio .
0,"Hotel ' macro ' con dos edificiones en cada lado de la calle , con un uso muy marcado por los clientes de negocios hace que la relación con el cliente carezca del nivel de personalización que se esperaría en un lugar de esa categoría ."
1,Pasamos unos días en este maravilloso hotel de Madrid .
1,"El desayuno , como definirlo , ESPECTACULAR ."
1,"Es de los hoteles más bonitos en los que he estado , todo verde con jardines preciosos ."
1,Buen trato .
1,El personal es muy agradable .
1,"El Hotel es increible , bellisimo con unas instalaciones muy confortables y con un parque excepcional , super cuidado !"
1,"Servicio Red Level de lujo con acceso a lounge con Moet Chandon , canapés , otras bebidas , prensa , etc. Un hotel muy muy recomendable con una situación magnífica ."
0,Lo mismo con las sombrillas en la playa .
1,"Las personas de recepción , muy amables ."
1,me encanto verlo todo eso .
1,"Buen camping , familiar , cuidado y con buenos servicios ."
1,Encanto real
1,Tiene parada de bus Disney en la misma puerta del hotel y es gratuito .
1,Muy cómodo y economico
1,He tenido la ocasión de conocer la cadena Senator cuando viajé a Almería y la experiencia fue tan gratificante que tanto a mi familia como a mí se nos quedó grabado el nombre .
1,Una buena combinación
0,Lo peor del caso fue la actitud del personal del hotel .
1,Menú para celiacos acordado y controlado por la asociación .
1,"Destacar lo confortable de la habitación , y que tiene cadena radio / cd , mini · bar GRATIS ( sin bebidas alcohólicas ) y posibilidad de preparate café o te en la habitación también GRATIS ."
1,El hotel está cerquita de la estación de Termini .
1,"Todo excelente , muy prolijo , la comida es realmente buena , el gazebo de la piscina tiene todo para satisfacer a los clientes !"
1,Con suelo de madera en la habitación .
1,Buena relación calidad precio
1,Fuimos muy felices en el hotel
1,"Estuve en Marzo de 2004 , en marzo de 2006 y en marzo de 2010 pero una de ellas no la encontraban .... no importa , porque así y todo me dieron mi pulsera blanca de repetidor ."
1,"En resumen , un acierto la estancia en este hotel , una excelente base de operaciones para visitar Barcelona en Navidad ( o el resto del año ) y de paso ver al Barça , si te gusta el futbol ."
1,Tiene un restaurante buffet tanto para desayunos como para cenas ( estuve en media pensión ) con una gran variedad de comida ( un día tocaba comida china y otro día comida mexicana ) Para desayunar también puedes hacerlo a la carta en un restaurante aparte con un personal muy amable y atento .
1,"Muy buen hotel , recomendable y vamos a volver"
1,También se encuentra un CVS muy próximo al hotel .
0,Jutito para ser un 4 estrellas
1,Está situado a 15 minutos andando de la Piazza dei Miracoli .
1,"El desayuno está muy bien , muy completo , tiene de todo ."
1,Les felicito a todos y gracias por su excelente servicio .
0,"El servicio de habitaciones muy malo , y recepción regular ."
1,Muy buen resort
0,No habia mucho por escoger y de lo que habia no habia suficiente para todos las personas hospedadas en el hotel .
1,Un hotel perfecto
1,"Ha sido magnífico poder dormir fresquitos en pleno agosto , y descubrir un oasis de tranquilidad en el centro de catalunya ."
0,Las puertas estaban podridas en su parte inferior .
1,Esto permite tener menos ruido procedente de la calle .
1,Hotel centrico y bien de precio .
1,Todo MUY limpio y cuidado .
1,Sólo tengo buenas palabras para describir al hotal y al personal .
1,"Son apartamentos bonitos , y buena estancia en general.Me aloje en el omm 2 noches de fin de semana ."
1,"El precio es muy bueno , especialmente comparado con los hoteles centricos ( y normalmente no en tan buen estado ) ."
0,Recepción debajo de la escalera .
1,Gran Hotel en pleno centro de Madrid
1,"El desayuno en la última planta es "" espectacular "" , tanto por las vistas como por la variedad del mismo ."
1,"Un lugar precioso , todo perfecto"
1,Practico y funcional
1,"En la terraza del hotel hay una piscina preciosa , nadie te ve desde fuera y puedes bañarte y tomar el sol con total tranquilidad ."
1,"Las vistas desde la azotea impresionantes , con dos jacuzzis ."
1,La gente de recepción fue muy amable cuando les consulté sobre información turística .
1,Muy buenas vistas y mucha tranquilidad .
1,Un hotel de ciudad acogedor y muy bien situado
1,Muy recomendable para ir con familia.El barrio es tranquilo y tiene cerca supermercados y restaurantes asequibles .
0,"solo tienen un enchufe en la habitacion , alejadode la cama , y otro en el aseo ."
1,Buen hotel para visitar Madrid
0,"No me gustó la cama , demasiado dura , de muelles , deberían ponerle algo de viscolastica para descansar mejor , tengo una hernia discal y la cama me hizo despertar todos los días con dolor en la espalda y el cuello ."
1,"El hotel se encuentra en medio del Strip , con lo que su ubicación es idónea ."
1,"Ubicación excelente en Roma , cerca de muchos puntos turísticos ."
1,"Hotel cercano a la estación del AVE , en media hora andando estás en el Parque de Maria Luisa / Plaza de España o la Catedral ."
1,"El pasado dia 01 de Marzo estuve en este hotel , las habitaciones son perfectas y el trato del personal mejor , sobre todo su directora ."
1,Agradable estancia en el Torre Catalunya
0,La pega que tiene es que no ponen nada para limpiar la cocina ni fregar los platos .
1,Ideal para pasar un fin de semana de turismo por la capital .
1,El desayuno buffet muy correcto .
1,"Me gusto estar en ese hotel. aunque solo estuvimos 2 dias , fuimos por cosas personales , si pudiese en otra próxima vez igual lo visitaría de nuevo .... se siente uno muy a gusto , tranquilo aunque siempre digo lo mismo igual a unos nos toca todo bien y algunos otros en ese momento pudiese haber algún fallo , .... así que siempre respeto las opiniones de los demás ."
1,"Teniendo varias cafeterias , confiterías , tiendas varias de videojuegos alimentación dos panaderías y algo más que se me escapa a la mente ."
1,"El último día tuvimos incluido el desayuno y la verdad es que hay mucha variedad , etaba todo muy bueno y es tipo buffet ."
0,Sin lujos .
1,"Nos gusta mucho este hotel porque está situado en una zona muy centrica , la atención de su personal es muy buena y la comodidad de sus habitaciones ."
1,"Tiene piscina exterior y solarium , debido al buen tiempo que hizo en octubre pude disfrutar de un baño y de los rayos del sol ."
1,La comida esta exquisita .
0,La animación mala .
1,Hay mucho personal y todos son muy amables y grandes profesionales .
1,Lo recomiendo positivamente
0,"El servicio de habitaciones , limpieza , etc ... pésimo ."
1,La piscina es descubierta .
1,El hotel se lo recomendamos a todas las personas que les gusta estar bien atendidas .
1,"nos quedamos en un departamento con vista al Lago , lo cual nos proporcionó unos bellisimos atardeceres !"
1,Realmente lo recomiendo a todo el mundo .
1,"el hotel esta bien situado y comunicado tanto por carretera como por medios de transporte urbanos , el servicio y limpieza es bueno. es un hotel que recomiendo a todo el mundo que vaya a madrid y con buen precio ."
0,No cumplen las espectativas que anuncian
1,Lo mejor .... la fuente de chocolate .
0,Hotel de paso situado cerca de un poligono industrial .
1,Ya conocíamos esta cadena y estamos muy contentos con ella .
0,Peor de lo que ofrecen
0,"El día de nuestra llegada nos quejamos a recepción para que al menos instalarán un punto de agua , pero buenas palabras pero pocos hechos ."
1,Viaje placentero
1,"El Gran Bahía Principe Ambar , es un hotel que merece la pena visitarlo , por el lugar en el que está situado , con una magnifica playa , unos bares estupendos , un personal muy amables y atentos , buena comida , buenos restaurantes , un lugar para recomendarlo ."
1,"Con todo ello , un hotel mas que recomendable para visitar esta ciudad ."
1,Todas las habitaciones que tuvimos tenían luz natural .
1,lo recomiendo
1,Una estancia perfecta
1,Hermosa Playa
1,"Una de las ventajas que tiene también es que se situa cerca de el centro comercial Diagonal del Mar , y a pocos metros de la playa ."
1,Recomiendo hoteles cadena Senator
1,"Y destacar también la localización del hotel , que es perfecta ."
1,"Mucha variedad de comidas , tragos y sobre todo buen trato ."
1,Encontramos la limpieza de la habitación muy adecuada y un baño moderno y cuidado .
1,"Habitación con todas las comodidades clásicas además de ducha Grohe grande , retrete separado , dos batas , equipo de música y 3 almohadas por cama ."
1,En fin unos apartamentos para recomendar y una estancia de lo mas confortable y agradable .
1,Excelente punto de partida para visitar Barcelona
1,"Las habitaciones , el spa ... Todo muy limpio y el trato del personal de recepcion un 10 ."
1,Totalmente recomendable para viaje de placer
1,"hotel muy recomendable para visitar madrid situado en el centro de madrid en la animada gran via , lugar por exelencia de ocio en madrid puedes encontrar teatros , cines , restaurantes , brares etc.las habitaciones del hotel son muy confortables buen cuarto de baño , minibar gratuito , y grades camas , soy cliente asiduo de esta hotel y vovere todas las veces que pueda"
1,"La habitación muy bien , y el desayuno buffet genial.volveremos a repetir.El trato del personal fue también muy bueno ."
1,Una buena elección
1,"Lo mejor : la amplitud de la recepción y habitaciones , el silencio por las noches , y el murmullo del agua en las fuentes del interior y el exterior ."
0,El gran problema de este hotel es la restauración : el servicio de habitaciones es muy lento y no sirven lo que se les ha pedido (
0,"Tambien mas caro , ojo ."
1,son geniales !!
0,Viajamos en el mes de mayo con una temperatura nocturna entre 2 y 7 grados y aun siendo por dos días los unicos clientes del hotel se nos negó poner la calefacción .
1,"La nevera es gratis , las almohadas muy cómodas y el colchón también ."
1,El personal también fue muy agradable .
1,Buen ambiente y servicio
1,Recomendable .
0,"A mi la bicicleta y entraron en la autocarabana por la noche y dinero , tarjetas , etc .... La respuesta del camping fue nula , no estuvieron presentes cuando vino la policia , no se interesaron en ningun momento por las cosas robadas ni mucho menos por los miembros de ninguna de las familias afectadas , respuestas como no podemos hacer nada , a mi tambien me robaron la bicicleta , etc .... no es lo que quieres oir en estas situaciones ."
1,"La situación del hotel es fuera de nucleos urbanos , ello hace que la naturaleza tenga su máximo valor ."
0,La dirección del hotel no da la cara .
1,sin duda para repetir .
1,Es insuperable !!!
1,"La decoración es muy acogedora creando un contraste de decoración moderna y funcional con la casa , que es antigua de y techos muy altos ."
1,Wifi gratis en la habitacion .
1,Habitaciones cómodas y silenciosas .
1,Un hotel con clase
1,Un gran hotel con todas las comodidades
1,El servicio es excelente !
1,Buena experiencia
1,esta es una de las mejores vacasiones que ice ademas esta super bien y ni hay nada de malo .
0,En general muy escaso para las 4 estrellas que dice tener
0,La limpieza de la habitación normalita .
1,"Aunque solo estuve una noche repetiré , fué una estancia muy relajante y agradable , para ir al Spa cada persona tiene su albornoz ."
1,"La experiencia ha sido muy buena , nos permitió relajarnos , divertirnos e incluso trabajar durante los tres días que hemos estado ."
1,Tiene WIFI gratis que funciona muy bien y una pequeña zona de SPA .
0,"Problemas con el estado de la cama desde el primer dia , la impieza de la habitación inexistente , el trato recibido por algunos camareros pesimo negandose a sacar las bebidas a las mesas , las comidas pesimas y apenas sin variedad , el personal de recepción sin ningún interes en atender al cliente y del tema aparcamiento .. inexistente en la zona y el del hotel abusando cobrando 9 € diarios ......"
1,Hola amigos me he alojado varias veces en este hotel por temas de negocios.Esta muy bien situado para estar en el centro de madrid y poder aceder al mismo centro andando.Hotel buena calidad precio muy limpio y personal agradable.Tiene servicio de caja fuerte gratis y mini bar .
1,"Si vas con coche , es muy buena opción y el tren que viene del aeropuerto esta a dos paradas de tranvía desde la estacion de Sloterdijk ."
1,Me gusto
1,Hemos quedado muy contentos de nuestra estancia en estos apartamentos .
1,El buffet como siempre impresionante .
1,Excelente hotel con servicio y calidad Sofitel .
1,"Viajamos por primera vez a Republica Dominicana junto con mi esposa y nuestros 3 hijos de 27,25 y 21 años , podemos decir que fueron unas vacaciones maravillosas , todo muy bueno y de calidad , muy recomendable los restaurantes con comidas tipicas ."
1,"Excelente , como siempre , en la linea de la cadena ."
1,El hotel es muy recomendable .
0,"El fallo gordisimo es el personal del hotel : los recepcionistas no se ponian de acuerdo y te discutian ( tocate las narices ) sobre lo que el del anterior te habia comentado , el encargado del buffet es 1 autentico ......... por no decir otra cosa + grave que se la merece ( maleducado , impaciente , grosero e impertinente ) y como no recuerdo muy mucho a las señoritas de la limpieza que como autenticas verduleras se ponen a gritar ( si , a gritar ) sobre las 7 · 8 de la mañana sobre cuchilleos y de + menesteres"
1,Buena y tranquila zona y con recepción 24h .
1,Muy buenas vacaciones
1,Recomendable hotel en el centro
1,Las camas son reclinables con lo cual puedes ver la tele o leer cómodamente inclinados .
1,Elegante y familiar
1,"Gran valía de este hotel es sin duda su ubicación , al lado de la Plaza Dam , de la casa de Ana Frank , 10min caminando de la estación central ."
1,"El personal muy amable , tanto en recepción como en el restaurante ."
1,Hotel con una ubicación excepcional .
0,Lo barato sale caro
1,Excelente hotel para las mejores vacaciones
1,Excelente calidad · precio perfecta .
0,"La "" categoria "" del camping se ha de reflejar en estos casos y francamente nos defraudaron ."
1,Al lado de la Plaza del Sol y cerca de estaciones de Metro y parada de autobuses .
0,Nos robaron a 5 campistas .
0,Básica pensión
1,El complejo es muy grande pero bien organizado .
1,"Hotel bien equipado , con Spa gratis ."
1,Nos encantó
1,"Es un lugar acogedor , con habitaciones espaciosas , muy bien iluminado , con excelentes vistas y aún mejor personal ."
1,La habitación era muy amplia y bien equipada .
0,Se comía mucho mejor en doña pepica que está a 100 metros que en propio hotel y el alardeo de su buffet libre .
0,"El buffet libre que tenia era bastante probre , como minimo el del desayuno , que es el que hicimos ."
1,A eso le llamo un Hotel con clase ( y para repetir )
1,"muy recomendado , durante l dia visité varios de los destinos cercanos al hotel y en las noches enconte varios lugares para salir ... las instalaciones son muy buenas"
1,"Lo hemos recomendado a todo el mundo que conocemos , y sin duda vamos a repetir ."
1,"Lo mejor es su situación , cerca de todo lo que hay que ver en Madrid ."
1,"La habitación era muy confortable , viajabamos con un niño y dispusimos de sofa · cama que cabía cómodamente en la habitación ."
1,La habitación amplia y con buen aire acondicionado .
1,"Mayoritariamente eran familias lo que estubimos alli alojados , y para los niños muy bien ."
1,La atención fue correcta y la habitación acojedora
0,"Lo único desfavorable , es sin duda alguna , la ubicación del hotel ."
1,También está bastante cerca del centro .
1,La pasamos muy bien .
1,Atención excelente
1,"Tiene un personal excelente , servicio de limpieza excelente ..."
0,Es un tipo de hotel que estuvo de moda hace 40 años y que por su enorme tamaño hace que el huesped no tenga una sensacion acogedora .
1,Además es un hotel muy moderno .
1,"Bien situado , fácil de localizar , buen servicio ."
1,"Creo que de todos los hoteles en los que he estado , sin duda , este desayuno el mejor ."
1,Y a pesar de estar en la Gran Vía la habitación era muy silenciosa .
1,"Instalaciones más que aceptables ; equipo de animación , entregado totalmente ; limpieza exhaustiva ( a veces , hasta 2 veces al día ) , con cambio de toallas también hasta 2 veces diarias ; con gente de todo tipo , matrimonios de recién casados , grupos de amigos , familias ... ambiente muy variopinto ."
1,"El hotel es una autentica preciosidad , comfort y atencion al 100 % y su precio se adecua a lo que ofrecen ."
1,La verdad que como siempre que me he alojado he tenido una estanciacomoda y agradable .
1,"El hotel es muy grande , ocupa una manzana entera y todo está muy limpio ."
1,Hermoso lugar !
1,"Los camareros son exepcionales , super amables y te atienden muy bien y con mucho cariño ."
1,"La habitación daba a un patio interior muy amplio y ha sido una gozada no oir ni un solo ruido , hemos dormido fenomenal ya que conserva muy bien la temperatura y no hemos tenido que dejar el aire acondicionado funcinando toda la noche ."
1,Se lo recomiendo a todo el mundo .
0,No te cambian ni el mantel .
1,Se trata de un establecimiento que ofrece una magnífica ubicación para visitar los lugares de interés turístico .
1,Por error la primera manana bajamos tarde al desayuno y nos atendieron genial en la cafetería .
1,Una pasada
1,Zona tranquila .
1,"Hotel situado en zona muy tranquila muy muy cerca del Camp Nou , Cerca tiene parada de metro para poder ir a cualquier parte de Barcelona , con garage , hotel muy tranquilo y acogedor , el detalle de tener en recepcion agua y zumos es muy bueno"
0,El wifi tampoco funciona bien
1,"Estos 4 dias hemos descansado y disfrutado gracias a la buena comida , camas y amabilidad de los dueños del hotel ."
1,Las habitaciones estan muy bien .
1,"Lo recomendaría sin lugar a dudas es un buen hotel bien situado , con buenas instalaciones y con un personal muy atento y competente ."
1,"El trato del personal fue cuidado y muy agradable , el check · in y el check · out fueron rapidos y sin ninguna clase de problema"
1,Elección fácil para la próxima visita a Roma .
0,"Hotel antiguo , desayuno malo , limpieza mal"
0,Las habitaciones eran viejas y muy calurosas .
1,Gran ubicacion perfecto
1,"Buena estancia , viaje de trabajo se descansa bien"
1,Todo perfecto .
1,"El coche lo deje en el parking , por ser del club playa vip hacen descuento , no es necesario ir en coche para ver la ciudad ."
1,"Me sorprendió que en el hotel no se oye absolutamente nada , ni la autovía ni el aeropuerto realmente se puede descansar ."
1,"El check · in y check · out muy rápidos , ya que soy cliente de otras ocasiones ."
1,"Las habitaciones son amplias , modernas , funcionales , con pantallas de planas en todas las habitaciones , caja de seguridad , carta de almohadas ."
1,La habitación era muy grande y el baño enorme .
0,Hola fuimos con una reserva de 5 dias con pensión completa ( pagado por anticipado ) y al cuarto nos fuimos ya no aguantamos más .
1,Las parcelas son amplias y con mucha sombra .
1,Elegancia .
0,Hotel alejado del centro
0,Un poco viejo en las zonas comunes
1,Excelencia con alternativas
1,Es un hotel muy relajante sobre todo si vas al spa que es muy grande y la decoración espectacular .
1,Todo el personal fue súper amable .
1,Gracias !
1,Muchísima variedad en la bollería .
1,"El hotel está situado al lado del Camp Nou y muy cerquita de una boca de metro y frente a una parada de autobús , por si no se quiere coger el coche ."
0,"El entorno no tiene nada para destacar , al igual que el hotel ."
1,"Ha estado muy bien , ha sido uno de los mejores hoteles en que he estado .. no se si hay otros hoteles asi , lo mejor es ir alli y ver lo que hay , pero os aseguro que esta muy pero que muy bien , Un saludo a todos ."
1,Muy buena opción .
0,El desayuno bastante flojo .
1,Para repetir .
1,"El personal es fantástico , muy servicial y atento a todas las necesidades que tuvimos durante la visita ."
1,"Las habitaciones muy completas y disponen gratuitamente de caja fuerte , minibar , servicio de plancha etc ..."
1,"La casa es un antiguo molino reformado , rodeado de vegetación y apartado de cualquier ruido en plena naturaleza ."
0,"este camping carece de las medidas de seguridad apropiadas , nos robaron una bici y encima casi te sentias culpable por parte de la recpecion.NO llamaron a la guardia civil y fuimos nosotros hasta el pueblo para poner la denuncia ."
1,El hotel está muy bien comunicado con el metro .
1,Hotel estupendisimo en Valencia
1,Estuvimos 3 amigas y fue todo perfecto .
1,Muy bien todo
1,"Excelente estadía , un gran complejo ."
1,"En definitiva , que salimos contentos de nuestra estancia ."
1,Las habitaciones son grandes con cama buena y baño grande .
0,"No vayan , Decameron de Panamá ya no es bueno"
1,Los de recepción te aconsejan un poco sobre donde ir y que linea de metro o de bus coger para ir a los destinos .
0,Inútil reclamar .
1,"Las sábanas , mantas y decoración de la cama muy guapo ."
1,"Gracias por todo , volveremos y lo recomendaremos a nuestros amigos ."
1,"Desde el hotel se puede ver el Camp Nou , con lo cual si eres aficionado puedes alojarte e ir a pie en 5 minutos ."
0,"soy cliente de esta cadena 16 años siempre estado muy contenta pero este año no al llegar ala habitación el suelo estaba sucio el mando de la cama estropeado lo comente en recepción no vino nadie , el minibar no era como el año anterior ni el regalo por ser cliente cava y spa este año solo una a elegir ni el albornoz en la habitación para ir spa como el año anterior . ?"
0,"Si buscas un hotel para hacer actividades a través de él , o para ver cena con espectáculos , o quedarte todo el día dentro ... no es tu hotel , porque no tiene ese tipo de instalaciones ."
1,Acogedor y céntrico
0,La ocupación era bajisima .
1,Impresionados con las mejoras que se han hecho de un año para otro .
1,El hotel ha sufrido una reforma en el último año .
1,"Buen servicio , todo muy limpio y cómodo ."
1,Volveria
1,Genial .
1,"Bueno el hotel no era malo , estaba limpio y bien"
1,Tiene muy buena combinación para conocer cualquier parte de Barcelona en transpote público .
1,Limpio y las camas confortables.Su ubicacion para acceder al centro es muy buena .
1,Nos ha gustado mucho y lo recomendariamos sin duda alguna .
1,"Las habitaciones son bonitas , amplias y todo el hotel esta muy limpio , todo impecable ."
1,Tuvieron con nosotros el detalle de una botella de cava .... siguen cuidando los detalles en esta cadena .
1,Había una caja fuerte en el armario sin cargo .
1,os la la recomiendo a todas las personas q se pasen por la ciudad es grande y muy calida bueno espero aver ayudado
1,Buen sitio
0,"Lo que menos me gustó es que pese a ser de cuatro estrellas , tenía muchas carencias , por ejemplo , no disponía de piscina ."
1,"Muy correcto en todos los aspectos , muy limpio , tiene detalles que agradan , como el mini · bar gratuito ( bebidas no alcoholicas ) y el calienta liquidos de la habitacion para que te puedas hacer cafe o infusiones.Reponen a diario ."
1,"La playa está a menos de 1 minutos andando , y la calle principal donde hay tiendas , restaurantes , pubs y discotecas también está al lado ."
1,Opción barata para Las Vegas
0,"Habíamos alquilado una suite pensando pasarlo bién por la noche en el saloncito por lo menos , porque el hotel era más una pension que un hotel ."
1,En general muy bueno y el barrio donde esta situado es un barrio amable sencillo y de buenas costumbres .
0,"El desayuno nos pareció caro , entonces como recomendación mejor salir a descubrir los bares alrededor y gastar lo mismo en comida típica madrilena ."
1,"La ubicación es muy buena si vamos de negocios , pues está muy cerca del Forum y además tiene una parada de metro cercana que te conecta con el centro de Barcelona en 20 o 30 minutos ."
1,"El hotel muy céntrico , en plena Gran Vía madrileña , con acceso a pie a los rincones más pintorescos de Madrid ."
1,"Las habitaciones son agradables , limpias y bastante amplias ."
1,Si tuviera que ponerle una nota le pondría un 9 y les recomiendo este hotel. si tengo que volver por allí no dudaré en repetir
1,"Zona tranquila y bien comunicado , muchos servicios y comodidades , el trato personal excelente , habitaciones confortables con Wifi , minibar gratuito , cafetera etc ..."
1,"Hotel comodo y confortable.El personal es muy amable , siempre dispuesto a ayudarnos ante cualquier consulta o necesidad ."
1,Todo maravilloso .
1,Algo a tener en cuenta es que disponen de un parking vigilado a la vuelta de la esquina del hotel por 24 euros al dia
1,"Para empezar os diré que por ser socio del club playavip me ofrecieron una habitación con terraza con magníficas vistas a Gran Via , además nos dieron una entrada gratuita al spa ."
1,"Muy amables y simpaticos , bastante limpio todo ."
1,"Realmente lo recomiendo ,"
1,"Excelente ubicación en el centro Madrid , a 5 minutos andando de la Plaza del Sol y pegado a la parada de Metro de la Línea 5 , Gran Vía ."
0,Es la feria
1,Excelente en todos los aspectos .
1,Esta en las afueras de Siena pero sin estar lejos .
1,"El hotel es ideal para trabajo , y para pasar un fin de semana ."
1,Personal agradable y profesional .
0,Hotel en mal estado en las instalaciones y rooms .
1,"La piscina es estupenda , y no conozco ninguna con mejores vistas ."
1,"Las instalaciones son muy buenas , hay prácticamente de todo en el hotel , spa , piscinas , zona de ocio con billares , futbolines , juegos para los niños , bar , orquesta , baile , peluquería .... El baño era igual de grande que la habitación con un jacuzzi en la parte de arriba , un vestidor y la cama de casi tres metros , con una terracita .... muy bonita ."
0,"La habitacion que nos dieron no me acabo de convencer , estoy acostumbrado a usar hoteles Marriott ( y Courtyard por supuesto ) y este quiza sea el mas cutre de todos los que haya ido"
1,Los electrodomésticos muy modernos y el mobiliario también y nos ha encantado ya que venía con cocina incluída y teníamos una mayor libertad a la hora de comprar .
1,Para los niños nos pusieron una cama supletoria grande y aun así quedaba mucho espacio .
1,Es la segunda vez que nos alojamos en él por su cercanía con la estación del ave y de la ciudad de las artes y las ciencias .
0,"Los restaurantes temáticos son un desastre , y has de perder horas para reservar ."
1,"Un hotel muy bonito , adecuado para pasar las vacaciones , viajes de novios o ir con la familia.Te tratan estupendamente bien , las habitaciones y la vista son preciosas y hay multitud de posibilidades para pasar el tiempo !"
1,"El hotel está super bien situado , en el centro de la ciudad y te da opción a disfrutar del teatro , compras y bares de tapas ."
1,Los empleados son en su mayoría bilingües lo que hace que la enstancia en el hotel sea mas que practica .
0,Peor trato imposible
1,"Acudimos al Spa , cortesía del hotel , y disfrutamos de una mañana agradable , después de una larga jornada pateando Barcelona ."
1,"Lo mejor , las vistas desde la azotea , donde se encuentra la piscina , espectaculares ."
1,"Hay un bingo donde se puede cenar barato , un mcdonald ' s y una especie de mercadillo también bastante cercanos ."
1,La gente es muy amable y atenta .
1,"Continuan con los detalles como minibar gratuito , servicio de cafe en la habitacion , invitacion al spa por ser cliente repetitivo ."
1,Tambien a la estacion de trenes .
0,Hotel bastante simple .
1,Hotel Genial
1,"Se puede llegar caminando desde la parada de Urgell del autobus del aeropuerto ( unos 10 minutos ) , por lo que resulta de fácil acceso ."
1,También hay varios autobuses que salen desde la plaza de Gambetta para llegar al centro y a las atracciones más importantes de Paris .
1,"Formidable , tienen que visitarlo"
1,El personal es muy agradabe y el spa estupendo .
1,Enhorabuena a la cadena Playa Senator por la adquisición .
1,Muy limpio y con cama cómodas .
1,Las habitaciones son muy grandes tienen sofá · relax y buena iluminación .
0,Una estafa
1,Hotel situado en la zona de nuevo desarrollo próxima a la ciudad de las artes y de las ciencias .
1,Excelente estancia en este hotel
1,Lo mejor de este hotel es la ubicación .
1,Tiene también taxis en la puerta .
0,Me robaron el móvil en el bungalow
1,Pocos niños .
1,Un complejo para nada masificado en el que el servicio es de lo mejor .
1,Atención personalizada .
1,Hotel muy nuevo con encanto familiar
1,"El desayuno está bien , con variedad y calidad de productos ."
1,La van a pasar 10 puntos .
1,La ubicación del hotel es excelente para moverse por el centro de Madrid .
1,Bonito lugar para descansar
1,"Está situado en la Gran Vía , desde fuera son los típicos edificios altos con apartamentos normales , pero al subir nos sorprendió mucho encontrarnos este hostal tan genial !!"
1,"La decoración , nada más entrar nos pareció fantástica ."
1,Muy cerca del Bayside y el American Airlines Arena .
1,"Pese a estar situado en una calle principal de la ciudad , es un lugar tranquilo y apacible ."
1,"Ibamos al Musical del Rey Leon , el teatro esta enfrente del hotel ."
1,Lo que hay en el milibar es sin cargo y dispones de un hervidor de agua con diferentes cafés e infusiones .
1,"El servicio contratado Incluçia desayuno , con buena variedad , el personal del restaurante , un encanto , y en la recepción muy amables ."
1,"Ya he estado varias veces con mi pareja en este pequeño hotel , el cual se encuentra en el centro de León , en la famosa calle Ancha ."
1,La verdad que quedamos encantados con el trato del personal .
0,Hotel sucio
0,Una experiencia · pero no creo que regrese
1,Centrico y comodo
1,"Tiene todo lo necesario y sobretodo , lo que mas nos interesa : accesos excelentes al centro de Calella de Palafrugell y a la playa a pie ."
0,"El Quijote , el peor ."
1,"El personal muy bien , tuvimos una gotera en la habitacion y nos cambiaron a una habitacion superios sin problemas ."
0,"Otra cosa son los desayunos , a los que si bajas 20 mins después de que se sirva no te queda ni leche !!"
1,Me gustó mucho .
0,Organización caótica .
1,"Este hotel nos gusto mucho el servicio que daban , la comida y la estancia fue espectacular ."
1,El hotel cubría todas las necesidades .
1,"Hotel , muy bien situado , grandes vistas a la gran via , cerca todo , plaza mayor , puerta del sol , gran via , Museos , teatros , la atencion muy buena , desayuno muy bien , y las habiataciones con vistas a la gran via formidables , limpieza bien ."
1,"hotel muy bien situado tanto para ver la ciudad , ya que tiene tanto linea de autobus como de metro cerca y perfecto para ver el futbol , ya que esta al lado del camp nou. buen trato del personal. recomiendo porque buen hotel relacion calidad precio ."
0,A un bajo precio no se puede esperar milagros y no era gran cosa .
1,La calificación Muy bueno queda chica para este Hotel .
1,"La verdad es que es un muy buen hotel , de buena calidad y volvere claramente a ese hotel para ir en familia , en pareja , tiene cercanos bocas de metro y de autobuses en conclusión un muy buen hotel ."
1,"El SPA no está mal y si tienes la vip senator , tienes acceso gratuito una vez , por gentileza del hotel"
1,"Un gran hotel , a la altura de un cuatro estrellas en pleno centro de Madrid ."
1,Por cierto COMODISIMA .
1,"En resumen muy moderno y muy bien de precio , repetiré sin dudarlo ."
1,"Ademas , tambien valoro positivamente el hecho de que el personal del hotel hablase español ."
1,En fin Que pasamos 4 días geniales .
1,Las vistas desde la terraza son impresionantes .
1,Confortable
1,"El hotel es de 3 estrellas , las habitaciones son limpias , espaciosas y silenciosas ."
0,Estancia muy olvidable : ruido y luz
1,El hotel tenía unas habitaciones bastante buenas y era tranquilo .
1,Excelente lugar para descansar en familia .
1,Sin lugar a dudas es algo para repetir
1,"Correcto del todo , genial si viajas a ver el barça"
1,"como la vez anterior , no nos defraudó en nada ."
1,"Realmente , nos hemos quedados fascinados , un lujo total ."
1,Buenas vistas e iluminaciñon natural .
1,Lo recomendamos a nestros amigos y ya esta viajando uno de ellos .
0,La zona en la que estaba situada era mala para andar por la noche .
0,Como punto negativo decir que la nos asignaron una habitación en un piso bajo y se escuchaba toda la noche el aire de los aparatos de aire acondicionado del lobby .
1,Volveremos a repetir .
1,"La playa de este hotel es privilegiada porque es casi el doble de extension por sobre el promedio de los hoteles en playa del carmen , El hotel cuenta con personal sumamente atento que tienen capacidad de resolucion si se te pierde una llave , una toalla , si buscas un tipo especifico de comida , si buscas un medico o contratiempos de ese tipo , el hotel se porto a la altura ."
1,Estupendo !
1,El trato personal es muy bueno y el hotel goza de habitaciones amplias y confortables .
1,"Está cerca del parque Warner y es un pueblo tranquilo y no hay demasiados inmigrantes peligrosos , aunque en Madrid hay muchos y hay que tener cuidado en el metro con las maletas porque hay mucho delincuente extranjero ."
1,Se trata de un hotel de 5 estrellas que cuenta con todo tipo de facilidades para toda la familia .
1,Excelente hotel
1,"El hotel limpio , las habitaciones limpias , cero bichos ( que pena ) a pesar de la exuberante vegetación ."
1,La comida es excelente y tiene todo pensado para la diversión familiar .
0,"No hay espectáculos nocturnos , siempre son los de animación cantando ."
1,Un lujo muy asequible .
1,Elegante y relajante
0,Los únicos peros son la televisión no es de pantalla plana y el suelo de mármol se hace frío sí vas descalzo .
1,Un hotel que ofrece lo que vende .
1,"habitacion espectacular , enorme de grande y ademas no le faltaba ningun detalle , tenia cafetera , tabla de planchar , claro esta y una plancha , cafetera de capsulas , mini bar gratuito .La piscina con yacuzzi incluido.Genial os lo recomiendo ."
1,El hotel me ha gustado mucho mas de lo que esperaba .
1,Buen trato y buen Hotel
0,Nos estafaron con la oferta
1,La recepción es hermosa ( al igual que la sala de desayunos ) y el personal más que atento .
1,En el mejor sitio de todo Madrid
1,"Hotel muy bien situado en plena Gran Via. ideal para ir de compras , tapear por los numerosos bares de la zona y acudir a un musical , se puede ir paseando a la puerta del sol al ser una zona muy concurrida , o bien en metro al estar proxima una parada , el hotel cuenta con un spa para relax despues de una jornada agotadora ."
0,Llegando a la madrugada no hubo indicacion concreta ni acompanamiento de personal para poder encontrar rapidamente las habitaciones en semejante complejo desconocido para los huespedes .
1,"Calidad , servicios y atención , excelentes ."
1,"Muy cómodo si tienes coche , para conocer Sevilla y una estancia tranquila ."
1,Repetible
0,No lo recomendaría para pasar unas vacaciones en pareja o en familia .
1,Luego se puede ir en autobús o andando al centro de la ciudad .
1,"Tiene unos precios bastante mas baratos en su web , de que lo que hemos visto anunciado en paginas de reservas con unas ofertas muy completas de cursos de esqui , forfaits y balneario de Caldea ."
1,te hacen sentir como en casa .
1,"Una estancia muy agradable , muy atentos"
1,Nos ha gustado mucho este hotel en Valencia .
1,Un hotel encantador desde la salida hasta la llegada .
1,Comodidad en el corazón de Madrid
1,El vuelo directo desde Buenos Aires y el later check out adaptado a la hora de partida nos permitidos disfrutar al máximo de nuestras vacaciones y tener unagradable descanso .
1,El armario es grande y dispone de caja fuerte gratuita y plancha .
1,Me parece fenomenal el tema del wifi gratuíto y que admás funcina muy bien .
1,Buena situacion .
1,"Un hotel con todas las comodidades , con un complejo muy cuidado y variado en actividades ."
1,Excelente ambiente
0,"No hay armario solo una estantería con unas perchas , no intentes deshacer las maletas ."
1,La habitación tenía todo tipo de comodidades y quedamos muy contentos con el trato que recibimos del personal .
1,Clientela tranquila y educada en general .
1,La atención de todo el personal excelente .
1,Muy amable el personal y perfecto el desayuno buffet con mucha variedad .
1,Unas increïbles vacaciones de relax
1,"El baño es increíble , y los amenities de aseo muy buenos ."
1,"fuí por trabajo un día a barcelona y me quedé en este hotel.El hotel como tal , está muy bien ."
1,Buena opción junto a la nueva zona de Valencia .
0,Nada que ver con otros resorts de la zona .........
1,"A mi familia y a mí nos encanta la ciudad de Madrid , el poder salir de compras , de tapas , a ver un espectáculo , y la situación de este hotel es ideal para poder moverte por el centro de Madrid sin tener que coger el coche pues todo te pilla a mano , con lo que siempre que podemos planear una escapada familiar de fin de semana no dudamos , nuestra elección es clara : ¡ ¡ Nos vamos al Senator Gran Via 21 ¡ ¡ ."
1,La relación calidad precio es muy buena .
1,Comida abundante y para todos los gustos .
1,Un 10 !
1,Invreíble de verdad .....
1,Todo un pack de sensaciones prácticamente sin movernos .
1,Quede contento
1,La distancia del hotel a la playa permite que se vaya caminando sino cuentan con opción de carritos para traslados .
1,Puedes ir a pie a los lugares más turisticos de Madrid .
1,Puedo decir realimente complcida que pasé unos increïbles días de absoluta tranquilidad antes de volver al trabajo .
0,El hidromasaje de la azotea no funciona bien por lo que solo es una bañera
1,"Habitaciones amplias , confortables y limpias ."
1,Muy buena calidad / precio
1,En recepción un detalle muy de agradecer son las dos jarras con zumos fresquitos .
1,El trabajo de Kenia al frente de los espectáculos nocturno es soberbio .
0,Muy caros los productos del bar de la habitación .
1,"La habitación muy limpia y ordenada , me gustó el equipo de música ."
1,"Excelente en todo sentido , la atención , la comida , las instalaciones , la playa ."
1,Estancia satisfactoria en todos los sentidos
1,"Zonas muy bien diferenciadas , por un lado el comedor , amplio , cómodo y con una enorme cristalera ."
1,Gran confort
1,"Lo mejor de estos apartamentos es sobre todo su precio , conseguimos una buena oferta a través de internet ."
1,Ideal para reuniones en la parte sur de Barcelona .
1,Nos agradó
1,"no puedo decir nada en contra , el personal maravilloso desde la direccion hasta el ultimo empleado te hacen encontrar en un ambiente muy acogedor , las habitaciones estupendas , amplias y confortables , cualquier persona deseando ayudarte y los espacios del hotel limpios y confortables"
1,"Un lugar ( APARTAMENTO ) perfecto para pasar unos días , buena localización , limpio y confortable ."
1,Gracias por todo ......... lo pasamos muy lindo .... Lo que vimos de la isla es muy lindo pero manejar y andar en auto es un contratiempo ...... Las calles son muy angostas y con cunetas profundas a los costados y la gente camina por las calles
1,"Es un hotel maravilloso , muy limpio y muy bien ubicado ."
1,Pero era una habitación cómoda y descansamos bien
1,Confortable hotel en Barcelona
1,"Y entre las vistas hay que destacar la pasarela de cristal que tiene en su ultima planta , desde la que puedes pasar y ver a unos metros de altura el suelo , y el paisaje ."
1,El hotel Lloret es una buena opción en el sentido de que está muy bien ubicado en la primera cuadra de La Ramla desde Plaza Cataluña .
1,Las habitaciones tienen camas muy cómodas y el baño es muy espacioso .
1,La disfrutamos mucho .
1,"La zona es muy buena ya que estás en primera linea de playa , y la ocupacion es un 90 % alemana y en la época en la que estuvimos casi todo gente mayor / 3ª edad ... pero muy bien porque buscábamos tranquilidad ."
0,"En la semana que estuvimos sólo nos cambiaron las sábanas una sola vez , pese a ver todo el día al personal de limpieza dando vueltas ."
0,"Las paredes de papel , se oía todo ."
0,No vayais !
1,"De entrada quiero decir que cuando fui era para olvidar , pero me hizo ver las cosas de otra manera , me sentí feliz y al mismo tiempo mimado , fueron unos días de atenciones y sobre todo mimos que se me ofrecieron sin parar"
1,También tiene servicio de internet gratis en la habitacion o caja fuerte gratis .
1,La situción es muy buena ya que cuenta con varias lineas de tranvía y el metro muy cerca .
0,Eramos tres en una habitación y la verdad es que se quedaba BASTANTE pequeña .
1,Bien comunicado .
1,Increible .
1,"Es un hotel nuevo , todo esta muy limpio y cuidado ."
1,Hotel exelente a precios asequibles
1,"Decidimos alojarnos en estos apartamentos por la cercanía a Disneyland , tan sólo una parada de RER ."
0,No se corresponde a un hotel de 5 estrellas .
0,"Sucio , desagradable y lleno de chinches"
1,Muy confortable
0,"Lo peor me parecio el desayuno : bolleria de pesima calidad , productos de calidad baja en general y con poca variedad , supervisor de mozos muy molesto y mozos muy desatentos ."
0,Aunque la animación ha perdido un poco .... antes era un hotel mucho mas divertido .
1,"para descansar o divertirse no tiene precio , adecuado para todos los gustos ."
1,Muy recomendable .
1,"El hotel cuenta con ocho plantas si no recuerdo mal y una gran cantidad de habitaciones , La limpieza es correcta y el desayuno tipo buffet ."
1,Muy bien ubicado en Madrid
0,Decepcionante
1,"la ubicación es perfecta , buenos transportes , primera linea de playa y con abundantes restaurantes y locales de ocio cerca ."
1,"Además , el minibar , wifi y caja fuerte está incluido en el precio y es algo de agradecer porque no es muy habitual ."
1,"Me encantó el barrio , está lleno de restaurantes y cafés y tiendas pequeñas ."
1,"La clientela es variada aunque siempre que nos hemos hospedado hay gran cantidad de extranjeros debido a que esta muy cerca del Camp nou , esto lo hace un sitio ideal para ir al futbol ."
1,Sobre todo educado .
1,Recomiendo el hotel para parejas
1,Bastante contento
1,"Limpieza muy buena , y buen desayuno ."
1,"Hotel bien situado cerca de la estación , y cerca también del centro de la ciudad y la zona turística.Estación de metro justo al lado y bien conectado con buses y tranvías , y bicicletas públicas para los más valientes.Buen trato del personal y bastante acogedor ."
1,"El hotel estaba como recién reformado , todo nuevo , muy cuidado al detalle ."
1,"En el hotel , los trabajadores estan muy pendientes de ti e incluso son amables y simpaticos cuando hablas con ellos ."
1,Volvería a alojarme en próximas visitas a la ciudad de la torre inclinada .
1,Inmejorable ubicación ; hemos ido a pie a todos los lugares que queríamos visitar desde la Plaza de España hasta el parque del Retiro .
1,"EL hotel es de 5 estrellas , y la verdad es que se las merece ."
1,"La piscina inmensa con bar incluido , la playa muy extensaaaa .. y tranquila"
1,excelente personal !
1,"He leido otras criticas , y a diferencia de los otros comentarios para mi el trato fue correcto y educado , tampoco espero hacerme amigo del recpcionista ."
1,"Me4 ha gustado muchisimo el hotel , la tranquilidad que tiene despues de un largo dia de trabajo y usar el &lt; SPA lo mejor recomiendo un masaje relajante la cena y a dormir que mañana se trabaja ...."
1,Bienn
0,"Las personas que lo regentan , bordes y poco atentos ."
1,"Las habitaciones son amplias , tienen una TV de plasma , un pequeño refrigerador , aire acondicionado y WIFI gratis ."
1,Lo mejor el spa
1,"En Agosto hace calor y es temporada alta , pero hay piscina en el ático y con el aire acondicionado no se nota ."
0,"Incapacidad de los gestores para solventar el problema , Una verdader tortura de puente ."
1,Relación calidad · precio muy buena
1,Un excelente B &amp; amp ; B. El desayuno estupendo de calidad y cantidad .
1,"Baño moderno y cómodo , con ducha ."
1,"Hotel tipico del estilo Melia , ubicado en un lugar centrico , ideal para poder visitar cualquier punto de Madrid , buenas conbinaciones de autobus , metro ."
0,Me ha decepcionado
1,Hotel perfecto en Madrid
0,Hotel de pésima calidad
1,Es un lugar al que volvería con gusto con toda mi familia y / o amigos .
1,Muy bien
0,"A primera hora de la mañana la habitación puede estar un poco "" fresca "" ."
1,Hotel limpio y cuidado .
0,"La comida y cena , para ser un hotel de 4 estrellas era escasa y habia poco donde elegir , dos primeros , dos segundos y dos postres , un poco mas de amplitud de menu donde elegir no vendria nada mal sinceramente ."
1,Metro cercano y negocios cercanos .
1,Para viajes cortos está bien
1,"Mi novia y yo fuimos de vacaciones a España y nos quedamos unos días en Palma , la experiencia fue la mejor me encanto el clima de esta ciudad y gracias a que el hotel cuenta con todas las facilidades y servicios pudimos disfrutar al máximo ."
1,"El hotel esta espectacularmente bien situado , las habitacione son espaciosas comodas y bonitas , la nuestra daba a un patio interior Zen ."
1,"El hotel esta muy centrico , puedes ir desde alli andando a todos los lugares centricos de Madrid ( nosotros no cogimos ningun transporte publico y eso que ibamos con un niño pequeño ) ."
1,"El hotel está muy bien ubicado , en la zona izquierda del ensanche ."
1,"Cuenta con una terraza chill out , que hace que te olvides de que estás en una gran ciudad ."
0,"Nosotros contratamos un pack por la luna de miel y nada de lo que contratamos nos lo respetaron , ni cesta de frutas al llegar , ni internet en el pack que decia que si , la habitacion nada que ver con lo que nos ofertaron , es decir pagamos 280 euros mas por tener la pulserita roja en vez de azul pero nada de lo prometido despues ademas , hicimos mogollon de reclamaciones y ni caso hasta el dia de hoy , la operadora que trabajaba con el hotel fatal y la atención horrible.Uno de los dias tuvieron que limpiar la piscina de lo sucia que estaba , los residentes alli se bañaban vestidos , etc , etc ......"
1,"Son el mejor de los ejemplos de turismo sostenible ; respetuoso e integrado en la rica naturaleza del entorno , al mismo tiempo cómodo , limpio y muy acogedor ."
1,"Todo está muy , pero que muy cuidado , desde sus instalaciones , hasta su ubicación ."
1,"Nos encanta el hotel está situado en todo el centro de Madrid con lo que la oferta de ocio , gastronoma , cultura , etc es espectacular y luego que decir del personal , las instalaciones , ¡ ¡ Geniales ¡ ¡ Repetiremos sin duda pronto"
1,"Como siempre , el trato fue espléndido , las habitaciones renovadas y muy limpias , y el desayuno era espectacular ."
1,Muy buena estancia
1,Recomendable para visitar el centro o ir de compras .
1,Ideal también para aquellos que viajen con niños y con animales .
1,La estancia estubo bien y no me falto de nada en el tiempo en el que estube alli .
0,Los precios muy caros como siempre .
1,"son unos apartamentos muy buenos y muy bien cuidados , yo fuy por motivos propios pero es perfecto para viajes de negocios y para pasar unos dias de relax por madrid. buenos servicios y muy amables todos"
0,Tienen problemas serios de aseo en lugares como los baños que están en los bares cercar de la playa .
1,De nuevo estuvimos genial en este hotel .
1,"Es un camping encantador , muy natural y autentico ."
1,Calidad precio bastante buena y en el centro
0,Errores continuos desde la entrada hasta la salida .
1,"En cuanto al Buffet desayuno , es muy completo y variado ."
1,"Lo mejor de este hotel es situación en la mejor zona de la Gran Vía , lo que facilita enormemente el acceso a teatros , restaurantes y compras ."
1,La verdad es que en este hotel dan lo mejor de lo mejor y los precios están genial .
1,La habitación daba a sol pero están muy bien aisladas con contraventanas lo cual hacía muy silenciosa y tranquila .
1,Apartamentos alta calidad
1,"El desayuno me encantó , riquisimo y super variado ."
1,"Sigue siendo muy recomendable , se encuentra a cinco minutos a pie del Bayside y del American Airlines Arena ."
1,La ubicación del hotel es privilegiada y se encuentra entre medias de la plaza de callao y plaza españa .
1,"Nos encanta este hotel , su ubicación , sus habitaciones , su personal ( siempre tan amable y servicial ) ."
1,Perfecto
1,"Destaca por su compromiso con el huesped , desde la recepcion , al bar · restaurante , pasando por sus magnificas habitaciones , la piscina en la ultima planta o su fantastico SPA hacen que tengas una estancia inolvidable ."
1,El personal muy amable .
1,"El hotel esta bastante bien , nos atendieron genial y nos dieron a escoger que habitación queríamos de las que habia libres y estaba bastante limpia ."
0,Imposible descansar .
1,"El ambiente es muy agradable y la habitación muy cómoda , con gran calidad en el sueño y detalles como cafetera eléctrica y minibar gratis ( agua , pepsi , zumos ) ; también contaba con conexión wifi gratuita en la habitación ."
1,El desayuno es el mejor y el mas variado de Helsinki ( yo empiezo el dia con un banquete de salmon ahumado y arenque ... ) .
1,Recomendable
0,"El personal del desayuno era un tanto maleducado , siempre esperando que no estuvieras mucho tiempo ."
1,Destacamos también la limpieza de las habitaciones .
1,"El minibar ( agua y pepsicola ) y una pequeña cafetera eran gratuitos , al igual que la conexión WIFI y la caja fuerte ."
1,Excelente opción !!
1,Está bastante limpio .
1,Tenía la ubicación perfecta .
1,"Muy buenas las instalaciones del hotel , a la altura de un resort !"
1,"Las habitaciones estaban muy limpias , y la calefacción funcionaba a las mil maravillas ."
1,"La habitación que nos dieron es amplísima , disponía de un pequeño saloncito , tenía unas excelentes vistas a la gran vía y está perfectamente insonorizado ."
1,"En líneas generales , recomendamos este hotel ."
0,El personal desagradable
1,Detalles que hacen que vuelvas
1,Localización tranquila pero en menos de 10 miutos andando te pones en el Duomo .
1,"Pues eso , en pleno centro de Madrid , en el medio de su arteria principal ( Gran Via ) para todas aquellas personas que busquen entrar de lleno en el bullicio , las luces de neon , las tiendas a cualquier hora y vuelvan luego para relajarse en un hotel que cumple con todo lo que uno puede esperar a buen precio y calidad ."
1,¡ Volveremos seguro !
0,ESCASA SEGURIDAD
1,Buena relación calidad · precio
1,"Tiene una ubicación excelente , a escasos 5 minutos andando de la estación de Termini , a la cual llegan diferentes trenes y autobuses desde los dos aeropuertos de la ciudad ."
1,"La estancia en el Hotel Las Arenas fue perfecta para ir a pasarlo bien con los amigos y que los niños tambien lo pasaran bien , tanto saliendo a la playa como con el servicio que hay para atender a los pequeños ."
1,Está frente a la terminal 3 del aeropuerto y tiene un servicio de shuttle gratuito cada media hora .
0,Decepción
1,Algo maravilloso !
1,"Muy buen hotel , completamente recomendable ."
1,"El hotel esta situado en lo mejor de gran via , cerca de teatros , cines , tiendas , restaurantes y esta a un paso de sol , de la plaza mayor y si no tienes una entrada de metro nada mas salir de la puerta del hotel ."
1,En nuestros próximos viajes a Madrid volveremos a utilizar este hotel que ya conocíamos de ocasiones anteriores .
1,Muy recomendable
1,Hotel bueno
1,Me encantó
1,La TV es grande y dispone de muchos canales .
1,Personal cercano y eficaz
1,Sólo tengo que decir una cosa : ¡ Las mejores vacaciones que jamás he pasado !
1,"Los espacios comunes son dignos de mencionar , como en todos los hoteles playa ."
1,"El hotel , en términos generales , no estaba tan mal ; total , para el mínimo tiempo que pasabamos allí ... Buscabamos uno más o menos céntrico y cerca del metro y bueno , eso sí lo cumplía ."
1,"En la habitacion no habia ruidos por las noches , silencio absoluto , y eso que era un primero , lo agradecimos mucho despues de volver matados de recorrer la ciudad ."
1,"El desayuno muy por encima de la media en hoteles de ese precio y en esas ciudades , muy variado y abundante , una pena bajar a desayunar con poco tiempo ."
1,"El Hotel en sí no esta nada mal , buen trato buenas estancias y buena comida ."
0,Las comodidades de las habitaciones y hotel desastrosas .
1,Muy cerca de Sarlat y del Valle Dordoña es perfecto para visitar la zona .
1,Mas que un hotel de cinco estrellas el palladium merece seis estrellas .
1,"Estuvimos 5 dias muy buenos , el desayuno era variado y abundante , muy cerca de estacion de metro y del Camp Nou ."
1,El hotel dispone de un servicio de traslado gratuito a pedido .
1,La comida presenta mucha variedad y tiene algunos restaurantes temáticos a parte del buffet .
1,Los menus del bar · restaurante son muy buenos y estan muy bien de precio .
1,"Como cliente Privilege tienes una sala con todo tipo de bebidas ( incluso alcoholicas ) , bollería variada y frutos secos ."
1,Repetiremos si podemos .. Muy buen trato .
1,Vacaciones Geniales
1,"Tenía claro que la ubicación es muy buena con acceso andando al centro de Madrid , pero pensaba que sería agobiante el lugar donde está ubicado y por lo tanto con falta de tranquilidad o silencio ."
1,Si vas en este plan el hotel ofrece diversas actividades de animacion tanto para adultos como para niños .
1,"Comprende un saloncito , un baño grande y un habitación muy grande ."
1,"La habitación perfectamente insonorizada , con minibar gratuito ( 4 botellas de agua y 2 de Pepsi ) , televisión plana , minicadena , plancha y tabla de panchar , sobres de café y té con cápsulas de leche , etc ..."
1,Es un lugar donde podemos recomendar para pasar unos dias de placer y alegria . ·
1,"Para los niños genial , muchos arboles , espacio natural , entrada directa a la playa ."
1,El hotel está muy bien .
1,Las afueras del hotel son unas vistas muy buenas a la playa .
1,"el hotel esta muy bien.buena relaccion calidad precio.centrico.buen desayuno y buenas habitaciones.disponen de servicio de transporte al aeropuerto.situado junto a plaza cavour , zona desde la que se cogen numerosos bus urbanos.se puede ir andando a cualquier punto monumental de la ciudad ."
1,"Una vez mas me he alojado en este hotel , he observado algunos cambios positivos , como que ahora tienen televisores de pantalla plana ."
0,Hotel normalito
1,"Todo muy Limpio , Muy amables y el desayuno estaba muy bien ."
0,Algo a observar es que el hotel debería contar con personal que organicen el uso de las reposeras sino la gente reserva con sus toallas los lugares y no permiten que alguien las utilicé en los momentos libres .
1,En pleno centro de la ciudad con unas instalaciones inmejorables .
1,El personal es muy amable y atento con los clientes .
1,"Bien ubicado , entre la estación y los principales monumentos de Pisa ."
1,"El personal amable y eficiente , con ganas de ayudar. muchos detalles en la habitacion ( cafetera , minibar gratito etc. ) ."
1,Genial
1,Hotel perfecto en Barcelona
1,Aceptable
0,Mala estancia
1,"Al ser valencia no es muy dificil encontrar donde tomar algo , a menos de 100 metros de la estancia hay algo donde elegir ."
1,Hay muchísima variedad y todos los platos muy ricos .
1,"La habitacion perfectamente insonorizada , con minibar gratuito ( sin alcohol ) , tv plana , plancha ..."
1,"La estancia en el hotel fue muy buena , la atención , limpieza , en realidad te hacen sentir muy bien y se preocupan que estes tranquilo siempre ."
1,El hotel es estupendo .
0,A la llegada se nos atendió mal .
1,Además fueron muy atentos en recepción facilitándonos el LATE check out ya que nuestro vuelo salía a última hora de la tarde y poder dormir una siesta antes se agradece mucho .
1,"Pasamos la noche del 20 de agosto del 2012 en este hotel , lo elegimos por su cercania al estadio de futbol del barca , en cuanto a la localizacion estupenda , el personal del hotel encantador y educado , las instalaciones muy buenas , cuidado y mantenimiento estupendo , sin duda un buen hotel en barcelona. ah y el desayuno buffet fenomenal"
1,"Muy tranquilo , se respeta el silencio fuera de horarios de animación ."
0,Laberíntico
1,"Te brindan toallas en ambos sectores , pileta y playa ."
1,"Situado en el centro de Madrid , a 5 minutos andando de la Puerta del Sol y en plena Gran Vía ."
1,Volveré de nuevo cuando vaya a Sevilla
1,Un hótel bonito y tranquilo con un servicio muy amable .
1,La cercanía del transporte público · autobus y metro a la puerta del hotel · es uno de los factores a destacar junto a la calidad del servicio .
1,Ademas como gran aditivo tienen un pequeño SPA gratis ( te dejan las zapatillas y albornoz sin coste en la habitación ) y admiten perros de compañia .
1,"Aunque vivo en Barcelona , el pasado julio quise pasar unos días de relax en el Senator Barcelona Spa Hotel , y realmente fue una buena elección ."
1,"Muchas garcias , nos han hecho pasar un buen fin de semana ."
1,"Para llegar desde el aeropuerto , la parada Tirso de Molina que conecta con la línea del aeropuerto está muy cerca , y a unos 15min caminando está la estación de Atocha ."
0,Esperaba más de Marriott
1,Lo demás para repetir .
1,Un hótel bonito y tranquilo en Paris
0,"Fue un fin de semana de promocion , aunque despues de la estacia , creo que aunque se diga que es un hotel de cuatro estrellas , no es de los mas significativos de esta categoria ."
1,"La atención , ha sido magnífica ."
1,Obsequio de botella de champagne a la llegada .
1,El hotel es muy bonito y esta situado en una zona preciosa de cocoteros en la playa de uvero alto .
1,"Nuestra estancia allí fue más que agradable , nos sentimos como en casa , como en familia ."
1,"El hotel esta situado cerca del metro lo que facilita la movilidad , y además es posible aparcar el coche cerca del hotel sin ser zona controlada por el ayuntamiento ."
1,El servicio es bastante bueno ya que se preocupan de que tu estancia sea agradable .
1,Perfecta ubicación !
0,"Las camas malísimas , se movían y hacían mucho ruido , colchones muy malos y las almohadas tan finas como el papel ."
1,Me gustó mucho el hotel .
1,Recomiendo al 100 % este hotel a todo el mundo .
1,"Bajo mi punto de vista , estos apartamentos están genial y son perfectos si lo que se desea es pasar unos días de relax con tu pareja , pudiendo disfrutar de privacidad , tranquilidad , y buena compañía , con buena iluminación e instalaciones ."
1,El personal se acordaba de nosotros y el trato ha sido más que excelente .
1,"El bufet del desayuno es simplemente impresionante , puedes encontrar de todo , literalmente ."
1,"Las instalaciones , el personal , el servicio de playa y la gastronomia resultaron excelentes ."
1,que el hotel es muy bueno tiene unas vistas preciosas te trata muy bien el restaurante esta bien la comida te la hacen como tu quieras sin ninguna queja este hotel es muy recomendable si quiereis hacer unas vacaciones en familia : D
1,7 dias que lo pasamos de total relax .
1,"Estuvimos 4 días por la Toscana y Borgo Grondaie , mi mujer y yo y salimos encantados de la estancia ."
1,La atencion ha sido de calidad y el restaurante del hotel sirven una comida muy rica .
0,Unico punto negativo el ruido que las ventanas de madera tan típicas de la zona no consiguen aislar totalmente
0,"Fines de semana agosto y septiembre , muy mal"
1,Vale la pena pasar para relajarse .
1,Dias placenteros
1,Tanto el spa como el masaje resultaron muy relajantes y reconfortantes .
1,Excelente Fin de Semana
1,"Excelentes instalaciones y sobre todo el personal con gran vocación de servicio , son correctìsimos y muy atentos ."
1,El hotel de mis sueños
1,el personal muy amable y gran variedad de actividades para todas las edades .
0,Muy descontento con la piscina y zona solarium
1,"Lo recomendaria a los amigos , para parejas , familias , etc. La jaima sería un lugar curioso para una luna de miel o escapada romántica distinta ."
1,El minibar con agua y pepsicolas y café e infusión estaban incluidos .
0,Robos en las habitaciones del hotel
0,El wifi no llega a las habitaciones .
1,Posee variedad de restaurantes en la zona para cenar o tomar algo .
1,"El desayuno esta muy bien , en el nivel del hotel ."
1,Muy bueno
1,"el hotel es una maravilla. cuenta con cocina y frigorifico gratis , con lo que no es necesario gastarse dinero en el hotel ."
1,Confort y muy buena localización
1,A solo 4 · 5 paradas de metro de la estación de trenes .
1,"Zumo natural recien exprimido , revuelto , bacon , etc ... todo riquísimo ."
1,Una buena opción de alojamiento para ir a Disney
0,NI OS ACERQUÉIS
1,"Si que hay que caminar de cuesta arriba , pero es muy poquito rato y la cuesta no es nada pronunciada , de hecho , Calella es una colina , asi que no se porque se quejan algunos !"
1,Sencillamente perfecto .
1,"El Hotel lo tienes en primera linea de playa , las habitaciones son amplias , cómodas y limpias y la organización de piscina , bar y zonas comunes es muy práctica.Hay dos jacuzzis en un solárium con bonitas vistas a la playa y Peñíscola ."
1,Bastante bueno para como me lo pintaron
1,Excelente .
1,"Tienes acceso al transporte público de la ciudad ( buses , Metrorail y Metromover ) ."
1,El hotel esta situado a unas cuatro manzanas de la estación de Arc de Triomf y a unas tres de la parada de Marina .
1,Estuvimos en habitación vista mar ... levantarse todos los días y ver el mar para mi no tiene precio .
1,Buen hotel y spa
1,Si volvemos por Madrid no dudaremos en volver a alojarnos allí .
1,Limpio
0,Insufrible .
1,El precio fue una buena oferta
1,Buen hotel de ciudad
1,Volveré
0,"Sobretodo por el trato del personal , el estado de los sanitarios ( mientras te duchas te saludan las hormigas ) y los bungalow de plástico , con lo que el calor de las 8 de la mañana te hace levantarte sudado ."
0,"Lo único a mejorar en nuestra opinión sería que el niño para ser gratis debe compartir cama y las camas no son tan grandes como en otros hoteles de playa hoteles , ya que eran de 1,05 ."
1,"El hotel está muy bien ubicado , con comunicación para ir al centro de la ciudad y , a la vez , en una zona con un ambiente poco ruidoso ."
1,"Los apartamentos super limpios y con una decoracion muy acertada , te sientes como en casa ."
0,"Las camas son duras e incomodas , la limpieza de la habitación da mucho que desear , salpicaduras en la pared , pelos en la mesilla y la cama ... La television satelite de chiste , se debio caer el satelite digo yo , solo se veian 3 canales y con mas arena de la que habia en la playa ."
0,Este hotel era la gran desilusión de nuestro viaje
1,El desayuno no estaba mal .
1,"La habitación doble en la cual nos quedamos era bastante cómoda , amplia y ordenada ."
1,Simplente increible .
1,El SPA es genial .
1,A los clientes del Club PlayaVip les facilitan gratuitamente una sesión de Spa por persona .
1,"Tienen un mas que interesante desayuno buffet , con gran variedad ."
1,Excelente estancia
1,Perfecto Campamento base para visitar La Toscana
1,En resumen hemos quedado muy contentos .
0,"El desayuno , self service que se hacía fuera del hotel pero en la misma calle ( nadie nos informó del lugar al llegar , tuvimos que buscarlo ) era exiguo : café malo , tostadas , algo de zumo y mermelada o mantequilla ."
1,"Inmejorable situacion en la Toscana , muy proximo a Pisa ( 30Km ) ."
1,Perfecto para reiniciarse
1,"Es sumamente recomendable para cualquier tipo de origen de viaje ( negocios , recreación , vacaciones , etc )"
0,"Que personal mas mal educado , poco servicial y orientado al cliente extrajero , parece que todos estamos obligados a entenderlos a ellos.aparte con lo cariiiiiisimo que es ni querías un cepillo de dientes o cualquier otra aminity tenías una máquina expendedora .... que no funcionaba sin libras lógicamente.unís bordes , carísimo y mal situado"
1,Si buscas donde dormir tranquilo es un buen lugar .
1,Viajamos una semana en familia ( niños de 3 y 5 años ) Fueron vacaciones para descansar y disfrutar .
1,Cómodo
1,"La experiencia fue muy buena , disfrutamos de una moderna habitación , con todo lo necesario para un hotel de esta categoría ."
1,Las instalaciones están muy bien y las vistas son geniales .
1,El equipamiento de las habitaciones súper completo .
0,"De hecho , ni te suben las maletas a la habitación cuando haces el check · in ."
1,"El servicio de desayuno muy completo , con mucha variedad de bolleria y de zumos naturales ."
1,"La ubicación es estupenda , un entorno precioso ."
1,"Hotel de ensueños , un paraíso en el paraíso mismo"
1,"Los balnearios son lo mejor del hote , sin olvidarnos del servicio de habitaciones ."
0,Las habitaciones son muy inferiores a un hotel de esta categoría y tienen muchos desperfectos .
1,"Estuvimos 4 días y salimos muy contentos , el servicio de almuerzo ( muy completo ) , las habitaciones amplias y limpias , los empleados muy amables , en definitiva , es un hotel que tenemos de referencia por si queremos volver a Leeds para visitar ésta mágica ciudad ."
1,"El hotel está genial , sobre todo en la temporada de verano ya que puedes disfrutar de una terraza con jacuzzi en la azotea del hotel y disfrutar de unas impresionantes vistas desde lo alto ."
0,"Es un hotel pequeño a precio de los grandes complejos hoteleros de la riviera maya como el Iberostar , Bahia Principe , Barcelo , Grand Palladium , etc , que son muy superiores y mucho mejores que el Dreams"
0,El desayuno es bastante pobre .
1,Excelente
1,"Excelente , el hotel y el trato es muy bueno"
1,"Alrededor hay bastantes comercios y supermercados , p.ej. para comprar productos básicos ( agua , etc. ) , así como lugares para desayunar ."
1,En fin un excenete lugar para pasar las vacaciones .
1,"Lo recomiendo a todo el mundo porque nos trataron muy bien , el personal fue muy cercano y atento , desde la recepción hasta el restaurante y el bar , todos un diez ."
1,"La clientela es variopinta , pero está bien ."
1,Muy recomemdado .
1,Lo mejor de este hotel sin duda es el servicio al cliente !!
1,"Viajamos en Noviembre , excelentes vacaciones ."
1,"todo está decorado con un gusto exquisito , y tiene todo lo que se pueda necesitar Las fotos que aparecen en la web , muestran claramente y exactamente tal y como son los apartamentos ."
1,Un hotel para un fin de semana con agradable ambiente y cercano a Madrid a un tiro del cercanías para evitar el tráfico de la ciudad .
1,"El personal , párrafo aparte , magnifico siempre dispuesto !"
0,"Pero hay q tener en cuenta que para poder dormir hay que llevar tapones de oído ( o mejor ser sordo directamente ) ya que muchas habitaciones , entre ellas la mía , dan a La Rambla donde hay micho movimiento hasta por lo menos las tres de la mañana ."
1,"como todos los hoteles de la cadena senator , todo un lujo alojarse en ellos .. todo son atenciones y las habitaciones son comodisimas . con cafetera plancha y todo lo que uno pueda necesitar .. son marabillosos .."
1,"Es un hotel situado en plena Gran Vía , muy cerca de la Puerta del Sol , y es ideal para conocer la ciudad ."
1,"Como detalle mio personal , me enloquecen los desayunos del hotel , hacen los croissants mas tiernos y ricos que he probado ."
0,Además el entorno no es el mas adecuado para salir de noche .
1,"Está al lado de un centro comercial con supermercado , tiendas , pastelerías , ..."
1,Merece la pena ir a este hotel
0,Yo no volvere a esta cadena de hoteles .
0,"Es evidente la falta de mantenimiento ( corrosión , chapas dañadas ) y el escaso aseo que hacen durante el día , el olor es espantoso ."
1,Yo se lo recomiento a todo aquel que quiera ir a conocer sevilla .
1,"Por la noche el hotel tiene recepción 24 horas y bloquea la puerta de acceso a este dandote la seguridad que solo acceden a él huéspedes del hotel , me gustó eso ."
1,"Cuenta con un estupendo jacuzzi y solarium en la azotea , con maravillosas vistas de Madrid ."
1,Muy buen hotel en el centro de Madrid
1,El baño y la ducha están bien
0,No esperes gran cosa
1,Ideal para escapadas urbanas .
1,Finalmente la atención del personal y en recepción es magnífica .
1,La recepción bien y la gente amable
0,"en agosto y septiembre los fines de semana llegan 3000 ......... "" personas "" que dejan que desear ( mejor no comento ) destroyers en general"
1,"Disfrutarlo con la pareja ha sido ideal , todo perfecto ."
1,Tienen mui buen trato con los clientes y te atienden bien. las habitaciones no estan mal y se duerme bien .
1,Hemos vuelto a repetir la estancia en este hotel porque me encanta su situacion
1,Hotel muy bien enclavado
1,"Bonito , atencion de lujo y desayunos deliciosos !"
1,El servicio de animación y piscina bien .
1,"En las habitaciones tienes todo tipo de detalles como una cafetera con sus cápsulas , un despertador con altavoz para poner tu smartphone , etc. Además cuando te levantas para desayunar y vuelves , la habitación ya está hecha , así como después de echarme una siesta ."
1,El personal del hotel fue muy amable en todo momento .
1,Calidad / precio no se puede pedir más .
1,"Destacar también los desayunos , con embutido y pan de la zona , así como tartas y pasteles caseros muy ricos ."
1,Todo en un mismo lugar
0,"Siendo la tercera vez que había ido , no me encontraban en la base de datos ."
1,"La primavera es espectacular , ideal para el senderismo , paseos por la finca y la zona ( por ejemplo : el precioso jardín de lirios ) ."
1,Tiene una limpieza impecable .
1,El baño es correcto .
0,El desayuno también se sirve durante escaso tiempo : de 6 a 9:30
1,Hotel tranquilo
0,A nosotros nos cobraron de mas del precio acordado.Y sobre todo en la habitaciones HAY PULGAS .
1,"La infraestructura simplemente es bellisima , pareciera que estuvieras dentro de un pequeño y hermoso pueblo , cuenta con una plazuela en la que a partir de las 6 de la tarde se llena de vida con sus shows de musica variada y shows nocturnos como obras de teatro ."
1,"Fuí con el conocimiento de que es un hotel de 4 estrellas y por ello sabia que seria un buen hotel y claramente así ha sido , el servicio es muy cordial , agradable y respetable ."
0,Nada del otro mundo .
0,Escaleras estrechas y con más pendiente que el himalaya .
1,Recomendable para quien quiera desconectar del ritmo frenético de la ciudad .
1,"Un lugar para olvidarse del stress y disfrutar del paisaje , el silencio , el aire libre y de muchas posibilidades ( además , a pocos kilometros tenemos la playa ) ."
0,Antiguo como Roma !
1,"Segunda estancia y , sin pensarlo , si volvemos a Madrid , volveremos a repetir ."
0,"Está en una zona muy alejada del centro de Barcelona , las conexiones con el metro también están muy lejanas , y en la zona no hay absoultamente nada para la recreación ."
0,Y tampoco deben olvidar las máscaras para tapar los ojos ya que las persianas no cierran debido al gran aire acondicionado que hay en el balcón .
1,"Nos sentimos muy bien atendidos , el hotel es cómodo para viajar en familia ."
1,El espacio en la habitación era adecuado .
0,La atencion un desastre
0,"Poca limpieza , ruidoso ."
1,"Un buen sitio tranquilo y apartado de la ciudad , la comida es genial y las habitaciones tambien , tiene cerca una linea de autobuses para poder ir a los lugares cercanos y los empleados son muy amables ."
1,Además de un precio asequible y acorde con las características que ofrecen .
1,"Es apto para bebes , ya que cuenta con un cuarto con todos los servicios que se pueden necesitar ."
1,"El tamaño de la habitación y el baño es grande , limpia y la cama confortable ."
1,A un par de minutos andando ( al lado de la estación de autobuses ) hay un Lidl por si necesita comprar algo de última hora .
1,Las habitaciones son amplias y comfortables pues no se oye ningún ruido de la gran vía .
0,"Regular , podría mejorar ."
1,Lo que mas me ha gustado ha sido el buffet tanto del desayuno como de la cena .
1,"quede impresinado por este hotel , las habitaciones tienen excelente confor , buen aire , me senti como en mi casa , porque no te ponen brasaletes , como lo hacen otros hoteles , hay diversos restaurantes , la piscina grande y muy segura , me gusto el trato , deso felicitar a los hombres y mujeres que trabajan en ese hotel , hacen un buen trabajo ,"
1,El colchón también era súper cómodo .
1,Muy bonito
1,Por contra la chica de recepción fue extremadamente educada y atenta .
1,Excelente eleccion de viaje !
1,Muy céntrico .
0,Deja mucho que desear para sus estrellas
1,Nuestra estancia en el Hotel Las Arenas Balneario Resort ha sido cuanto menos expectacular .
1,La primera en una habitacion estandar que me parecio realmente acogedora con un baño enorme de marmol .
0,"Lo malo , que se han querido subir mucho "" a la parra "" y ahora los precios son de hotel de 4 o 5 estrellas que no son ..."
1,"mi estancia la califico como excelente , me trataron muy bien durante la semana que estuve allí ."
1,"Los sanitarios son compartidos hombres y mujeres pero todo a puerta cerrada , incluso los lavabos individuales ."
1,"Me pareció un gran hotel , teniendo en cuento los servicios prestados , moveros andando no está mal y haciendo buen tiempo resultará muy agradable para pasear con el niño , por lo que he visto en la página del hotel tenéis próxima la parada del autobús Nº 80 que funciona hasta pasadas las 12 de la noche y os lleva hasta el comienzo de los Campos Eliseos , pasando por el Puente del Alma y la Avda ."
0,Malisimo
1,"Las habitaciones geniales con dos camas grandes , nuevas y con minibar gratuito ."
1,"La habitación está anexa a la casa , con salida independiente al jardín y a la piscina ."
1,Nos encantaría volver !
1,En esta ocasión no hemos utilizado el servicio de restaurante pero el desayuno sí lo hemos hecho en la cafetería del hotel y nos ha sorprendido la excelente relación calidad · precio .
1,La habitación estaba bien limpia y tenía un buen baño .
1,"stuvimos en este hotel porque tenia un buen precio y estaba bien situado para ir a Oberursel , donde se hacian los conciertos del Hessentag 2011 ."
1,He estado en 5 diferentes hoteles en Punta Cana y este lo recomiendo al 100 % .
1,En plena gran via !
1,La situación es excelente y las comunicaciones muy buenas .
1,Ni que decir tiene que la ubicación del hotel es ideal si vas a la zona de los teatros .
1,Habitaciones súper amplias y comodas .
1,"Disfrutamos del Spa que esta muy bien , el desayuno también es correcto ."
1,Recomendable y barato
1,"Increible , por su ubicacon y por sus instalaciones ."
1,Muy acojedor
1,"Por el precio de la habitación es justo el servicio recibido , ya que el hospedaje en Amsterdam es en general bastante caro en comparación a otras ciudades europeas ."
1,A 5 minutos andando desde la estación de tren / parada autobuses interurbanos .
1,"El personal muy amable , nos permitieron hacer late checkout ya que no había reserva de la habitación sin cargo extra ; también guardan las maletas después del checkout si uno lo pide ."
1,"Volveré sin duda , a ver si me quito esa espinita ."
1,Sorprendente elección
1,Sitio de relax y bienestar
1,"Se encuentra a menos de una cuadra del metro , 10 minutos caminando a la fontana di Trevi y 15 minutos al coliseo ."
1,"El apartamento era grande , con una cama de matrimonio y un sofá cama , una cocina equipada completa y un amplio baño con bañera ."
1,"Muy cerca también de la Estació del Nord , el Arco del Triunfo y el parc de la Ciudadela ."
0,Estancia decepcionante
1,"Las habitaciones eran confortables , las camas ni grandes ni muy pequeñas , y el cuarto de baño muy limpio ."
1,Al lado del famoso cementerio Père · Lachaise .
1,Es un buen sitio
0,"La espera para entrar a cenar , siendo un 8 de diciembre , mal , se armó muchísima cola siendo las 20:30 h y tuvimos que esperar un buen rato para poder entrar ."
0,Se rompió el mando del grifo y aún estamos esperando a que vengan a arreglarlo .
1,Calidad para persona no exigentes
0,La ducha .. sin comentarios ... no te podías ni agachar porque era enana .
1,"El bar para tomar lo que quieras en cualquier momento genial , con sus sillones , su terraza al lado de la piscina ... una maravilla ."
1,"La ubicación privilegiada , a la entrada de la plaza del duomo , visitamos por la noche y por el día a la hora que quisimos la torre de pisa , baptisterio , catedral .... es un sitio muy bonito ."
0,No estoy conforme completamente .
1,La calidad del desayuno es muy buena .
1,Personalmente adoro las alhomadas duspués de un duro día de trabajo y si es posible hacer el Spa ya el día es redondo .
1,Nosotros estuvimos muy bien pues todo esta limpio y muy tranquilo .
1,Situado en primera línea de una paradisiaca playa en la urbanización de Nusa Dua .
1,Hotel muy bien situado para conocer Madrid .
1,"Siempre que viajamos a Madrid nos alojamos en este hotel , la ubicación es inmejorable ."
1,"Hotel con diseño moderno , muy céntrico ."
1,"El desayuno es buenisimo , pan casero , bollería , huevos , jamón , quesao , mermeladas caseras , miel , etc ... Sin duda una relación calidad precio excepcional"
0,y halcon y travelplan mucho menos .
1,Pero había autobuses delante del hotel y parada de taxis .
1,Vistas sobre el canal tal y como pedimos en la reserva .
1,"El trato con el personal del hotel bastante bueno , luego una vez que pagas ... ya no tanto ."
1,"El hotel encantador , en el centor de la Gran Vía Madrileña , todo un lujo ."
1,Bonito hotel en Madrid
1,"Un hotel que cuida el servicio , perfecto para conocer madrid , buena ubicacion ."
1,"Lo mejor de todo la situación , con varios teatros cerca , bares etc ..."
1,"Perfecto para la estancia en Roma , cerca de la estación de Termini , con todas las posibilidades que eso ofrece , buen desayuno y gente muy amable , muy recomendado !!"
1,"Las instalaciones bastante bien : habitación amplia , luminosa con vistas a la rotonda gigante donde se encuentra enclavado ."
0,"el hotel me decepciono bastante para lo que es la cadena y el resto de hoteles que tiene , por lo menos los de la playa ."
1,"Las habitaciones perfectas , muy calentitas y con todas las comodidades , con cafetera , equipo de música , almohadas a elegir ."
1,Lo recomiendo para ejecutivos
1,Fantastico hotel
1,El servicio y la atencio perfecto
1,Su cercanía con la Ciudad de las artes y las Ciencias nos ha facilitado mucho la estancia .
1,El mejor hotel en Madrid
0,"La distancia a la playa son 8 km , no es un hotel de playa , hay que hacer los desplazamientos en coche ( desconozco si había facilidad de transporte público en las cercanías , aunque vimos bastante afluencia de autobuses ) ."
1,"Las cenas con muchisima variedad , había mucha cantidad y calidad ."
1,"A pesar de esto último , lo recomiendo ."
1,"Nos trataron como en casa , muy amables ante cualquier duda o necesidad ."
1,El servicio y la comida son buenos en general .
1,esvaba muy bien el hotel todo bien servido las camas la comiga me ha encantado los banos bien limpios como te atiende y todo mas para pasar una semana con los amigos em madrid me ha gustado muchisimo
1,Buena relacion calidad · precio si lo que buscas es simplemente pasar una noche en Valencia .
0,"Se nota algo de falta de mantenimiento , sobre todo en el Spá y en los jacuzzi de la terraza ."
0,Bastante sencillito .
1,Esta bastante bien para pasar las vacaciones la verdad .
1,Decoración vanguardista
1,"Muy buen hotel , merece la pena visitarlo"
1,Hotel recomendable
0,"Cobraban por todo ( Aire acondicionado , wifi ) ."
1,"la verdad pasamos unos dias divinos , el hotel es genial , los chicos la pasaron babaro y mi marido feliz con el gimnasio y el spa , y yo con un libro en la playa , en este hotel espacio y actividades para todos lo super recomiendo para ir en familia"
1,Muy de agradecer .
1,"En general , es absolutamente recomendable !"
1,"En el centro de Madrid , la habitación fue espaciosa y limpia , hotel moderno y buen trato. me alojé en unu viaje de negocios y todo fue muy bien. llegué muy temprano ( a las 10 a.m. ) y ya tenían preparada una espaciosa habitación ."
1,Realmente excelente
0,"Lo malo la ducha , sin plato ."
1,"Así que fuimos flechados , y por unos 35 euros por cabeza dormimos estupendamente , y pudimos conocer a la perfección los misterios de la cercana ( 0,5 Km ."
1,"El hotel se encuentra en pleno centro de florencia y cerca de la estacion central de florencia , por lo que la situacion es ideal , esta a 30 segundos andando del duomo ."
1,Las habitaciones y el baño normal y con todas las comodidades .
1,"Es un hotel situado cerca del Camp Nou , cerca hay varios bares para desyunar y el bar casa Mario donde se come bastante bien ."
0,"En concreto , la selección del tipo de habitación ( cama , conexión wifi ) no es posible ."
1,"todo correcto tal y como esperabamos , gran variedad de restaurantes tematicos y comodidad para desplazarte por todo el hotel , limpieza y mantenimiento adecuado ."
1,"Muy buen hotel , habitaciones muy cómodas ."
1,"Tambien te cogen el telefono a cualquier hora si llamas desde la habitación hacia la recepción y te atendienden con mucho respeto , saber estar y con educación ."
1,"Situado en el corazon de la ciudad , es mi eleccion siempre que viajo a madrid ."
0,"Pero a partir de aqui , todo lo demas era normalito"
1,Muy céntrico
1,Un hotel con muy buena recepción y servicios
1,El hotel como todos los de la cadena esta habilitado para minusvalidos .
0,"Creo que la capacidad del restaurante es muy pequeña y si a 8 de diciembre ( que tampoco había tanta gente ) está así , no me quiero ni imaginar como estaría en pleno verano .."
1,"La mejor atención del personal , rodeado de hermosos jardines y gran variedad de comidas y restaurantes ."
1,Totalmente recomendable .
1,"El hotel está bastante cerca del centro , en el barrio de Clarence Dock ( Muy cerca del rio ) ."
1,"Entre el baño y el dormitorio hay una pared de cristal .... muy buen detalle si viajas en pareja , si no no pasa nada , hay una persiana ."
1,Muy buen hotel .
0,La decoracion tipica de un Ibis .
1,Buen hotel y gran ciudad
1,"estuve con una estancia que incluia solo desayuno , asi que en mi parecer el desayuno que ponen no esta mal del todo ."
0,"El Lounge bar y el bar de la piscina chill out está cerrado , no hay servicio ."
1,Supero mis expectativas de comodidad y tranquilida
1,Sí que lo recomendaría .
1,En general todo muy bien en cuanto a los trabajadores .
1,nos hemos sentido bien atendidos por todo el personal y las instalaciones estaban en perfecto estado acorde a
1,Un hotel de ensueño
1,"Además de las instalaciones , limpieza , habitaciones , jardines ... destaco , especialmente , la comida , la atención del personal y el trato del Director ."
1,El servicio esta muy completo y estoy muy contento con las instalaciones .
1,Está perfectamente ubicado en el centro de Madrid .
1,"Al llegar a Mequines nos encantó la localización de este hotel de 3 estrellas , con cuyo sello ya habíamos tenido gratas experiencias en el pasado en otros sitios ( la marca Ibis ) ."
1,"Las habitaciones son muy comodas , los servicios y atencion al cliente son de buenisima calidad , muy atentos a la hora de servir por si falta algo o necesitamos algo , buen recibimiento , en fin como en casa !"
1,"Nuestra habitación , y creo que la gran mayoría del hotel , tenía un balcón que daba al jardín y terraza interiores del hotel ."
0,En este sentido deja mucho que desear .
1,El tranvia está delante mismo del hotel y la estación de tren a cinco minutos andando ( Hackerbrücke )
1,"En la zona tienes varios restaurantes , todos los servicios y bien comunicado ."
1,"Además , la zona es bastante tranquila"
1,"Muy bien ubicado para ver el musical "" El Rey León "" ."
1,Fantástico
1,"Mi experiéncia en este hotel fue muy buena , el trato muy bueno , el desayuno incluido ( importante ) muy acogedor todo ."
1,"ideal para visitar Madrid muy céntrico y con parada de metro en la puerta , frente al teatro donde hacen el rey león y con un par de jacuzzi en la azotea donde relajarse después de un dia andando por Madrid . camas muy confortables"
0,La piscina necesitaba pintura y mychos restaurantes cerrados por días .
1,La limpieza es excelente .
1,Alojamiento muy recomendable en plena Dordogne
1,"Hemos pasado desde un viernes al domingo con mis dos hijos y la estancia muy tranquila , amena y esta pegado a un centro comercial con cines y restaurantes ."
1,Ubicación inmejorable
1,Minibar gratuido
1,"El seguro del coche pagó este hotel. todo estuvo muy bien , estuvimos perfectamente atendidos hasta que repararon nuestro automovil ."
1,Nos pusieron cama supletoria junto a la cama grande .
1,Cómodos apartamentos
1,"En el interior se puede ver cada planta del hotel diseñada por un diseñador famoso , como son Zaha Hadid , Javier Mariscal , Victorio y Lucchino ... incluso los restaurantes o pubs son agradables ."
1,"Desde mi terraza se veía la piscina , unas vistas espectaculares ."
1,Me divertí mucho
1,"Os lo recomiendo ya que está muy centrico , instalaciones perfectas incluso su cafeteria perfecta ."
0,Peor que una pensión de las malas .
1,"Se trata de un hotel pequeño , de diseño , en el que se cuidan todos los detalles con una excelente relación calidad · precio ."
0,Lo vi demasiado sencillo para un Mercure .
1,"Para el precio que nos costo no estaba nada mal , esta claro que sabes doonde vas y la calidad que hay algunos de estos sitios , no obstante lo recomiendo para pasar unos dias de relax con la pareja o familia ,"
0,"Por eso , quizás sea un poco caro en relación a las comodidades de la habitación ( 96 euros / noche ) ."
1,"Lo mejor de este hotel es su situación , privilegiada , en la mejor zona de la Gran Vía , junto a los principales teatros de la Gran Vía , con acceso andando a las principales visitas en Madrid ."
0,Nunca más
